:020000040800F2
:10300000C8BA0020DD310008418F0008014F0008D8
:103010003D8F0008D14300082D9A000800000000F1
:103020000000000000000000000000004531000822
:103030007545000800000000893100080597000868
:10304000F7310008F7310008F73100080192000855
:10305000F7310008F731000849490008F731000846
:10306000F7310008F73100085B490008F731000824
:10307000F7310008F7310008F7310008F731000890
:10308000F7310008F7310008F7310008F731000880
:10309000F7310008F7310008F73100086F490008E0
:1030A000F7310008F7310008F7310008F731000860
:1030B000F7310008F7310008F7310008F731000850
:1030C000F7310008F7310008F7310008F731000840
:1030D000F731000899970008F731000811980008A7
:1030E000F7310008F7310008F7310008F731000820
:1030F000F7310008F7310008F7310008F731000810
:10310000F7310008F7310008F7310008F7310008FF
:10311000F7310008F7310008F7310008F7310008EF
:10312000F7310008F7310008F7310008F7310008DF
:10313000DFF80CD000F07CFE00480047C100020818
:10314000C8BA0020224B19680868B0E8F00F80F375
:103150000988BFF36F8F4FF0000080F311884EF0A5
:103160000D0E70470000000006480068006880F3FC
:10317000088862B661B6BFF34F8FBFF36F8F00DF71
:1031800000BF00BF08ED00E0EFF30980BFF36F8FD1
:103190000F4B1A6820E9F00F106008B54FF0BF0020
:1031A00080F31188BFF34F8FBFF36F8F22F0D4F8F5
:1031B0004FF0000080F31188BDE8084019680868E6
:1031C000B0E8F00F80F30988BFF36F8F704700BF3E
:1031D0007C000020EFF30580704700000648804720
:1031E00006480047FEE7FEE7FEE7FEE7FEE7FEE7EC
:1031F000FEE7FEE7FEE7FEE73997000831310008F9
:103200002DE9F05F0546002092469B46884606461B
:10321000814640241BE0284641464746224600F0AE
:10322000BEFC53465A46C01A914110D31146184667
:10323000224600F0A5FC2D1A67EB01084F462246F6
:103240000120002100F09CFC17EB00094E41201EDC
:10325000A4F10104DFDC484631462A464346BDE876
:10326000F09FA0F14101192900D82030704740EAB1
:1032700001039B0703D009E008C9121F08C0042AF4
:10328000FAD203E011F8013B00F8013B521EF9D2DB
:103290007047D2B201E000F8012B491EFBD2704703
:1032A0000022F6E710B513460A4604461946FFF712
:1032B000F0FF204610BD30B505462A460B4612F8F1
:1032C000010B13F8014B08B1A042F8D01CB1002843
:1032D00002D06D1CF1E7284630BD421C10F8011BDE
:1032E0000029FBD1801A704710B5002200E0521C63
:1032F000835C8C5CA34201D1002BF8D1D8B2E1B23F
:10330000401A10BD30B504460020034600E05B1CA7
:10331000934203D2E05CCD5C401BF8D030BD034645
:1033200011F8012B00F8012B002AF9D1184670473B
:1033300030B505460020034600E05B1C934205D2F1
:10334000EC5CC85C201A01D1002CF6D130BD000025
:103350002DE9FF4F087883B09946FF2805D0491C16
:103360002D2804D00024002008E000200BE00124D8
:10337000F9E700EB800003EB4000491C0B78FF2BC2
:10338000F7D104B1404200230293147819461D4638
:103390002D2C01D02B2C04D1521C2D2C13D0002409
:1033A0000294AA461478FF2C0FD00A25A3FB0578B7
:1033B00001FB05814FF0000C03FB0C11521CE319BB
:1033C0004AEB0101EEE70124EAE7814453EA0100F8
:1033D00002D019F5C87F06DA03980021C0E9001170
:1033E00007B0BDE8F08F0025AE4E2F46DFF8B8825B
:1033F000184600F0F9FCCDE90001B9F1000002DA4D
:10340000C9F1000400E004460023A74A1AEB030BAD
:1034100042EB045A12E0E00707D02A46334638460A
:10342000414600F0ECF9074688462A4633461046E6
:10343000194600F0E4F905460E466410002CEAD166
:10344000DDE90001B9F1000F5A46534606DA00F0F3
:1034500048FA3A46434600F044FA05E000F0CFF956
:103460003A46434600F0CBF9029A0AB181F0004196
:10347000039AC2E90001B3E72DE9FF4F1F468DB063
:10348000D7E901464FF0FF382E2045464FF000099E
:103490000B90B9696D1C0E988847396A8246884737
:1034A0000028F6D1BAF1FF3F0AD024F4D064002EF0
:1034B00011DDBAF12B0F08D0BAF12D0F0BD102E0BC
:1034C000404611B08DE744F48064B9696D1C0E98D4
:1034D00088478246761E6946600501D52D2000E0AA
:1034E0002B208DF8000001F1010B0DF1200809E0FF
:1034F000B9696D1C0E98884782460F9844F4007491
:10350000761E0560002E02DDBAF1300FF0D00B9967
:103510008A453ED144F0800406E00F99681CA9F169
:10352000010944F400740860B9696D1C761E0E9898
:10353000884782463028F0D02BE00B998A4505D188
:10354000200603D444F08004761E18E0504606F0AE
:10355000BBFD08B30DF11301761E44F400748B45D6
:1035600008D2AAF130000BF8010B200607D5A9F10B
:10357000010003E0200602D409F101008146A00504
:1035800002D50F99681C0860B9696D1C0E988847B0
:103590008246002ED1DC53E0002E51DDBAF1650FDA
:1035A00002D0BAF1450F4BD1A00549D5B9696D1CC0
:1035B00024F44074761E0E9888478246002E0CDD57
:1035C0002B2804D0BAF12D0F07D144F48074B969C7
:1035D0006D1C0E9888478246761EE00501D52D2188
:1035E00000E02B2108F8011BCDF82C8021E00DF123
:1035F0002901761E44F4007488450CD2AAF13000EB
:1036000010F0FF0088F8000002D10B99884509D915
:1036100008F1010806E0E00501D5244801E042F286
:103620000F708146B9696D1C0E98884782460F98C5
:103630000560002E04DD504606F046FD0028D6D178
:10364000F9690E988847FF208BF8000088F8000081
:103650000020069007904B466A4608A906A8FFF787
:1036600077FEA00502D46FF001002AE714F0240FC2
:103670000AD0E00714D1DDE906123868031D3B606B
:103680000068C0E900120BE0DDE9060100F046FA2F
:103690000146E00704D13868021D3A600068016005
:1036A00028460EE7000014400000F03FF1D8FFFF6D
:1036B0002DE9FE4F804681EA0300C00F0C460090C2
:1036C00021F0004123F00045B8EB0200A94105D2EA
:1036D0004046214690461C460B46024623F00040D9
:1036E000104347D0270DC7F30A00C3F30A510290D5
:1036F000401A019040286BDAC3F3130040F4801B9A
:103700000098924620B10023D2EB030A63EB0B0B27
:1037100001985946C0F14002504600F031FA064681
:103720000D4650465946019A00F049FA10EB080040
:103730006141002487EA115284EAE7731A4340D0BA
:10374000009A62B3019A012A4FEA075215DC001B66
:1037500061EB02014FF0004202EA0752CDE900425C
:10376000001C41F5801132462B4600F0EFFA03B001
:10377000BDE8F08F40462146F9E7001B61EB0201EE
:10378000001C41F5801300185B412018A2F50017BA
:1037900047EB030140EAD570B6196D4111E06D08A1
:1037A0004FEA360645EAC0754FEA0752001B61EB47
:1037B0000201001C41F5801149084FEA3000001950
:1037C000514132462B4603B0BDE8F04F00F0AFBA8E
:1037D0000098012240000023D0EB020263EBE0736B
:1037E000009821464FEAE074B8EB000061EB040159
:1037F000E9E783F000435BE781F0004158E72DE9FA
:10380000FE4F81EA030404F0004421F000410094DB
:103810004FF0000B23F0004350EA01045ED052EA5F
:1038200003045BD0C3F30A54C1F30A552C44A4F239
:10383000F3340194A0FB0254C1F3130141F480114D
:10384000C3F3130343F4801301FB024400FB034E54
:10385000840A970A44EA815447EA8357A4FB07681D
:1038600002958D0A05FB07854FEA932C04FB0C5447
:103870002705029D4FEA065847EA1637B5EB0805BB
:103880006EEB070C870E920E47EA811742EA83120D
:10389000A7FB0201B6EB0B0164EB00042B0D43EA1E
:1038A0000C335E1844EB1C50DA465146E7FB02012C
:1038B000C5F313044FEA0B3343EA14534FEA0432BF
:1038C000019C43EA0603A4F10C040294009CCDE998
:1038D00000B400F03BFA03B0BDE8F08F00200146D1
:1038E000F9E72DE9F04D81EA030404F0004B21F0E3
:1038F000004514464FF0000A23F0004150EA05024B
:1039000020D054EA01021DD0C5F30A570246C5F380
:103910001303C1F31300C1F30A5640F4801543F4B6
:103920008013A7EB0608101BD64608F2FD3873EB90
:10393000050002D308F1010801E092185B41B8F1DB
:10394000000F03DA00200146BDE8F08D00204FF49F
:103950008011064684460EE0171B73EB050705D35E
:10396000121B63EB050306434CEA010C49084FEABE
:10397000300092185B4150EA0107EDD152EA030092
:1039800012D082EA040083EA0501084305D0101B27
:10399000AB4106D20122002306E000224FF0004393
:1039A00002E06FF0010253101AEB06004CEB0851D5
:1039B00010EB0A0041EB0B01BDE8F04D00F0B7B988
:1039C0000EB5C10F80EAE0700844CA07002140F23A
:1039D00033438DE80E000A460B4600F0B7F903B0FA
:1039E00000BD0EB540F2334102910021CDE9001136
:1039F0000A460B4600F0AAF903B000BD20F00040D3
:103A0000C10DC0F3160040F400007F2901DA002048
:103A10007047962903DCC1F19601C840704796397A
:103A20008840704770B5C1F30A5201F00045002488
:103A3000C1F3130140F2FF3341F480119A4201DADD
:103A4000002070BD40F233439A42A2F2334203DCBD
:103A5000524200F0A4F800E090402C43F1D04042E4
:103A600070BDC1F30A5210B5C1F3130140F2FF3328
:103A700041F480119A4201DA002010BD40F2334334
:103A80009A42A2F2334203DC524200F088F810BDA1
:103A9000904010BD00F0004230F000400AD0C10D4F
:103AA00001F56071C0F3160042EA0151C2084007F7
:103AB00011437047002001467047000030B5041ED6
:103AC00071F1000404DB4FF00044404264EB01015B
:103AD000141E73F1000405DB1C464FF000435242F4
:103AE00063EB04038B4208BF824230BD30B5041E35
:103AF00071F1000404DB4FF00044404264EB01012B
:103B0000141E73F1000405DB1C464FF000435242C3
:103B100063EB0403994208BF904230BD01F00043BB
:103B200030B421F0004150EA010206D00A0DA2F59E
:103B30006072C1F31301002A02DC30BC0020704720
:103B4000440F44EAC104C100E01830BC00EBC2508D
:103B500000F0B6B830B50B46014600202022012403
:103B600009E021FA02F59D4205D303FA02F5491B4B
:103B700004FA02F52844151EA2F10102F1DC30BD61
:103B8000202A04DB203A00FA02F10020704791401D
:103B9000C2F1200320FA03F3194390407047202A12
:103BA00004DB203A21FA02F00021704721FA02F3E7
:103BB000D040C2F120029140084319467047202AA4
:103BC00006DBCB17203A41FA02F043EAE07306E045
:103BD00041FA02F3D040C2F1200291400843194655
:103BE0007047426842B1016811F8013B23B1521E8F
:103BF000C0E90012184670470121C160881E704755
:103C000042685AB1C368016843B983688B4205D0E2
:103C1000491E521CC0E90012002070474FF0FF30CF
:103C2000704700000FB4002300B589B00CA90091C3
:103C30000B996FF00042CB601E4B06931E4B07930F
:103C40000423CDE901321D4A089202466B4600204A
:103C5000FFF712FC09B05DF814FB70B586B006469C
:103C60004FF0FF300091CDE90101002015460C46D0
:103C700004903246694604A8FFF7D4FF0246049830
:103C8000211825B108B1084600E0204628600498B4
:103C900000280DD0002A02DD0098884208D0081BB9
:103CA0000094CDE901043246694604A8FFF7BAFF43
:103CB00006B070BDE33B0008013C0008553E00081B
:103CC0000029A8BF7047401C490008BF20F0010030
:103CD000704710B4B0FA80FC00FA0CF050EA01040E
:103CE00004BF10BC704749B1CCF1200421FA04F4A0
:103CF00011FA0CF118BF012121430843A3EB0C0179
:103D0000CB1D4FEA00614FEA102042BF002010BCDB
:103D1000704700EBC35010440029A4BF10BC70478B
:103D2000401C490008BF20F0010010BC704710B5CE
:103D3000141E73F1000408DA401C41F100019218CE
:103D40005B411A4301D120F0010010BD2DE9F04D77
:103D500092469B4611B1B1FA81F202E0B0FA80F2CC
:103D600020329046FFF70CFF04460F4640EA0A0057
:103D700041EA0B0153465A46084313D0114653EA11
:103D8000010019D0C8F140025046FFF708FF054670
:103D90000E46504659464246FFF7F2FE084305D00C
:103DA000012004E020463946BDE8F08D002005439F
:103DB00046EAE0762C4337430A986305E40AA0EB11
:103DC00008000022FD0A44EA47540A3002D50020C8
:103DD0000146E9E7010510196941DDE908450019C7
:103DE0006941BDE8F04DA2E70EB540F233420292C0
:103DF0000022CDE900221346FFF7A8FF03B000BD63
:103E0000C1F30A52C1F3130140F2FF3341F48011B0
:103E10009A4202DA00200146704740F233439A4248
:103E2000A2F2334202DC5242FFF7B9BEFFF7A8BE4E
:103E3000064C074D06E0E06840F0010394E80700F7
:103E400098471034AC42F6D3FFF776F9D8940208BD
:103E5000F8940208C0B24FF4F05100F001B800002D
:103E60007F2801D9002208E0064A02EB5002C00771
:103E7000127800D1120902F00F0201209040084090
:103E8000704700006E93020870B58C1810F8015B43
:103E900015F0070301D110F8013B2A1106D110F8E3
:103EA000012B03E010F8016B01F8016B5B1EF9D1E7
:103EB0002B0705D40023521E0DD401F8013BFAE76D
:103EC00010F8013BCB1A921C03E013F8015B01F8D8
:103ED000015B521EF9D5A142D8D3002070BD21B19B
:103EE000826842F00102826003E0826822F00102EF
:103EF0008260704721B1826842F48072826003E080
:103F0000826822F4807282607047014600208A68CD
:103F100002F004020AB1012000E0002070470146CF
:103F200000208A6802F008020AB1012000E00020A7
:103F30007047000030B502460020002350680F4C47
:103F400020400D790C6844EA0524204350609068B5
:103F50000B4C2040D1E902542C434D7944EA4504EE
:103F600020439060D06A20F470000C7C641EE4B2A0
:103F7000234340EA0350D06230BD0000FFFEF0FF53
:103F8000FDF7F1FFF0B504460D4600200021092D94
:103F900011DDE068A5F10A0606EB4607072606FADA
:103FA00007F18843A5F10A0606EB460603FA06F177
:103FB0000843E0600CE0206905EB4507072606FA98
:103FC00007F1884305EB450603FA06F10843206133
:103FD000072A0FDA606B561E06EB86071F2606FAC5
:103FE00007F18843561E06EB860605FA06F10843DC
:103FF000606322E00D2A0FDA206BD61F06EB8607DE
:104000001F2606FA07F18843D61F06EB860605FA37
:1040100006F10843206310E0E06AA2F10D0606EB0A
:1040200086071F2606FA07F18843A2F10D0606EB64
:10403000860605FA06F10843E062F0BD816841F0AA
:1040400008018160704721B1826842F4A002826059
:1040500003E0826822F4A00282607047816841F028
:10406000040181607047000000B591B0012108464D
:1040700004F0B2FF444800F0B9F9444806904448BF
:104080000790002008901420099000200A908020BA
:104090000B9040000C9080000D9020200E900002AC
:1040A0000F900020109006A9374800F045FA012132
:1040B000354800F08FF90121142004F0ADFF0320F2
:1040C0008DF816002020ADF8140000208DF81700A0
:1040D00005A9304800F0DBFD0220ADF8140005A969
:1040E0002D4800F0D4FD4FF4004004F069FF012199
:1040F000480204F091FF0020009001208DF8040098
:104100008DF805004FF460200290002003900220FB
:104110008DF8100069461D484C38FFF70BFF05234A
:104120000122194619484C38FFF72CFF05230222BB
:104130000B2116484C38FFF725FF012113484C3856
:10414000FFF7D8FE012111484C38FFF7C8FE0F4891
:104150004C38FFF773FF00BF0C484C38FFF7DFFE09
:104160000028F9D109484C38FFF778FF00BF07480D
:104170004C38FFF7CAFE0028F9D1012103484C381A
:10418000FFF761FF11B000BD080002404C24014060
:10419000F6090020000801400010014010B5012080
:1041A00004F04AFF002004F047FF10BD08B50146A7
:1041B0000020009003480090009808440090009868
:1041C000008808BD006C004008B500220092044A37
:1041D0000092009A02440092009A116008BD00000B
:1041E000006C004008B50121102004F015FF1020DC
:1041F0008DF8030003208DF802000120ADF80000C7
:104200006946024800F043FD08BD0000001001406F
:10421000F8B504200246554B19684FF6FF031940C4
:10422000534B0B4343EA0221504B196000BF04F08B
:104230004BFE00F067FEFFF7D5FF05F0F9FB4DA040
:1042400005F00AFE4FA005F007FE4FF47A31524800
:1042500005F050F910B951A005F0FEFDFFF704FF7D
:1042600000F056FB05F0DEFC16F074F919F0CEFFF5
:104270000021084617F0D8FD4E490860F0224FF49F
:10428000A0714C48006819F001FD00221146494810
:10429000006819F079FC00214648006816F0B0F972
:1042A00004460421204617F07FF90121204617F02B
:1042B000F1F90121204617F01FF93F49204617F078
:1042C00015FA9621204619F07DFE6FF01D0000239F
:1042D0001A4619460090204617F046FC0021084671
:1042E00017F0A2FD35490860F0224FF4A071334861
:1042F000006819F0CBFC002211463048006819F024
:1043000043FC00212D48006816F07AF90546042187
:10431000284617F049F90121284617F0EDF828A1A1
:10432000284617F0E3F99621284619F04BFE6FF066
:104330001D0000231A4619460090284617F014FC69
:10434000012000234FF4FA620146009019480068EA
:104350001AF012FD1DF0DCFF1DF0E6FF06463146A7
:1043600018A005F079FD05F00FF8F8BD0CED00E0A0
:104370000000FA057573617274206973206F6B0D0C
:104380000A000000D0C2B5C4415050D5FDD4DAD6E1
:10439000B4D0D00D0A00000000180408415050B1FC
:1043A000B8B7DDC7F8D3F2B2C1B3FDB3C9B9A60D32
:1043B0000A00000000000020B09302080400002062
:1043C00048574700573235512049443A2558000094
:1043D00000BFFEE721B1026842F00102026004E082
:1043E00002684FF6FE731A400260704701684FF68C
:1043F000FE72114001600021016041608160C16076
:104400004B49884208D14A490839496841F00F01AF
:10441000474A083A51608AE045491431884208D138
:1044200043490839496841F0F001414A083A51606E
:104430007DE03F492831884208D13D490839496823
:1044400041F470613A4A083A516070E038493C31B1
:10445000884208D136490839496841F47041344AE4
:10446000083A516063E032495031884208D13049FE
:104470000839496841F470212D4A083A516056E0E4
:104480002B496431884208D129490839496841F4E7
:104490007001274A083A516049E02549783188423D
:1044A00008D123490839496841F07061204A083A27
:1044B00051603CE01F49884206D1011F096841F064
:1044C0000F01021F116032E01A491431884208D1ED
:1044D0001849091F096841F0F001164A121F1160BE
:1044E00025E014492831884208D11249091F09687A
:1044F00041F470610F4A121F116018E00D493C3100
:10450000884208D10B49091F096841F47041094AE2
:10451000121F11600BE007495031884207D105494D
:10452000091F096841F47021024A121F1160704787
:10453000080002400804024010B50022026847F655
:10454000F0739A430C6A8B6823430C6923434C69CC
:1045500023438C692343CC6923434C6A23438C6AED
:1045600023431A430260CB6843600B6883604B6847
:10457000C36010BD704770B54FF47A7300FB03F150
:10458000002247E000BF00BF00BF00BF00BF00BF68
:1045900000BF00BF00BF00BF00BF00BF00BF00BF23
:1045A00000BF00BF00BF00BF00BF00BF00BF00BF13
:1045B00000BF00BF00BF00BF00BF00BF00BF00BF03
:1045C00000BF00BF00BF00BF00BF00BF00BF00BFF3
:1045D00000BF00BF00BF00BF00BF00BF00BF00BFE3
:1045E00000BF00BF00BF00BF00BF00BF00BF00BFD3
:1045F00000BF00BF00BF00BF00BF00BF00BF00BFC3
:1046000000BF00BF00BF00BF00BF00BF00BF00BFB2
:1046100000BF00BF13460C46491E62F1000200268F
:10462000744073401C43ADD170BD47E000BF00BF74
:1046300000BF00BF00BF00BF00BF00BF00BF00BF82
:1046400000BF00BF00BF00BF00BF00BF00BF00BF72
:1046500000BF00BF00BF00BF00BF00BF00BF00BF62
:1046600000BF00BF00BF00BF00BF00BF00BF00BF52
:1046700000BF00BF00BF00BF00BF00BF00BF00BF42
:1046800000BF00BF00BF00BF00BF00BF00BF00BF32
:1046900000BF00BF00BF00BF00BF00BF00BF00BF22
:1046A00000BF00BF00BF00BF00BF00BF00BF00BF12
:1046B00000BF00BF00BF00BF00BF00BF011EA0F1D0
:1046C0000100B3D1704700002DE9FF5F83464FF032
:1046D000000A002002900390012000F001F94FF43D
:1046E00000617D4800F069FB4FF400617A4800F0FA
:1046F00062FB1220FFF73FFF4FF40061764800F0A5
:104700005CFB002000F0ECF80DE00AF1010000F085
:10471000FF0ABAF1640F03DD012004B0BDE8F09F89
:104720000120FFF782FF4FF400616B4800F03AFB75
:104730000128EAD04FF0000A0BE00AF1010000F076
:10474000FF0ABAF1640F01DD0220E6E70120FFF75E
:104750006CFF4FF40061604800F024FB0028ECD0AF
:10476000002470E04FF0000A0BE00AF1010000F0B5
:10477000FF0ABAF1640F01DD0320CEE70120FFF745
:1047800054FF4FF40061544800F00CFB0128ECD0BA
:104790004FF0000A0BE00AF1010000F0FF0ABAF145
:1047A000640F01DD0420B8E70120FFF73EFF4FF45E
:1047B0000061494800F0F6FA0028ECD01E20FFF70F
:1047C00034FF4FF40061444800F0ECFAC8B9E21736
:1047D00004EB5272D21002AB9A5C2146E31704EB51
:1047E0005373DB10A4EBC303C3F107050123AB40F4
:1047F0009A432046E31704EB5373DB1002ADEA54EF
:104800001FE04FF40061344800F0CCFA012818D1C1
:10481000E21704EB5272D21002AB9A5C2146E31706
:1048200004EB5373DB10A4EBC303C3F107050123AF
:10483000AB401A432046E31704EB5373DB1002AD81
:10484000EA54601CC4B2282C8CDB012000F048F82C
:104850004FF40061204800F0B0FA9DF808009DF880
:10486000091008449DF80A1008449DF80B100844EC
:104870009DF80C10884201D005204EE79DF80800F5
:104880008BF800009DF80B1001F07F00FFF798F8FF
:1048900080460022114BFFF724F804460D469DF890
:1048A0000A00FFF79EF8064622462B46FEF700FF59
:1048B000CDE90001FFF732F9CBF804009DF80B00B9
:1048C00000F0800028B1DBF8040080F00040CBF855
:1048D0000400002021E700000020014000002440E7
:1048E00038B504460121080204F096FB03208DF838
:1048F00002004FF40060ADF8000014208DF80300B2
:104900006946024800F0C3F938BD000000200140AC
:1049100008B505F007F90121402004F07DFB1020C7
:104920008DF8030003208DF802004020ADF8000050
:104930006946044800F0ABF94021024800F03DFA16
:1049400008BD00000018014010B5012000F028F853
:10495000012801D100F01EF810BD10B5102000F0A4
:104960001FF8012802D1102000F014F810BD10B576
:10497000202000F015F8012802D1202000F00AF8CC
:10498000402000F00DF8012802D1402000F002F88C
:1049900010BD000001490860704700001404014088
:1049A000014600200022074B1B6803EA0102054B69
:1049B00014331B680B4013B10AB1012000E0002042
:1049C00070470000000401402DE9F04106460C4606
:1049D000154600274FF400610D48FEF761FC0020EA
:1049E0000B49891E0880304600F014F834B90127BD
:1049F000284620F01DFB3846BDE8F0812A462146B6
:104A0000034800F02AF900B101273846F4E7000016
:104A1000F601002010B5044603E014F8010B05F080
:104A2000F1F820780028F8D110BD000030B5044618
:104A300004254FF4302000F06FF80546042D17D1FF
:104A40000C48006940F002000A49086108464461C8
:104A5000006940F0400008614FF4302000F05CF83D
:104A600005460448006941F6FD71084001490861A6
:104A7000284630BD0020024004200B49C96801F0DF
:104A8000010109B101200EE00749C96801F00401E4
:104A900009B1022007E00449C96801F0100109B119
:104AA000032000E004207047002002400348006912
:104AB00040F080000149086170470000002002407A
:104AC00070B504460D460426F00200F025F80646AF
:104AD000042E11D10948006940F00100074908611E
:104AE0002580F00200F018F806460448006941F6F7
:104AF000FE71084001490861304670BD0020024047
:104B000002480349486003484860704723016745ED
:104B100000200240AB89EFCD00B502460423FFF729
:104B2000ABFF034603E0FFF7A7FF0346521E012B2E
:104B300001D1002AF7D102B90523184600BD0000B3
:104B400051B18200A2F1C042126842F0010382001A
:104B5000A2F1C042136009E08200A2F1C0421268D3
:104B6000034B1A408300A3F1C0431A607047000052
:104B7000FEFF0F00D0E901121143C2681143026920
:104B800011434269114382691143C2691143026AA8
:104B90001143426A1143826A1143C26A1143026B94
:104BA000114302689200A2F1C04211608168082995
:104BB0000BD101688900A1F1C041096841F04002B0
:104BC00001688900A1F1C0410A60416B0968426B2C
:104BD000526841EA0211426B926841EA0221426B3B
:104BE000928941EA0241426B128A41EA0251426BC8
:104BF000127D41EA0261426B926911430268521CC4
:104C00009200A2F1C0421160C16AB1F5804F1BD180
:104C1000816B0968826B526841EA0211826B92686B
:104C200041EA0221826B128A41EA0251826B127DB3
:104C300041EA0261826B9269114302689200A2F11B
:104C4000C042C2F8041107E06FF0704201688900A9
:104C5000A1F1C041C1F8042170472DE9F041064699
:104C60000F461446254605E06D1E05B908E00120F3
:104C700020F0DEF939463046FEF71DFB0028F3D060
:104C800000BF39463046FEF716FBBDE8F0812DE93E
:104C9000F0410246002500260020002300240027C2
:104CA00091F803C00CF00F0591F803C00CF0100C44
:104CB000BCF1000F03D091F802C04CEA050591F851
:104CC00000C0BCF1000F31D0146800202BE04FF081
:104CD000010C0CFA00F3B1F800C00CEA03069E4286
:104CE00020D183004FF00F0C0CFA03F7BC4305FAF8
:104CF00003FC4CEA040491F803C0BCF1280F06D170
:104D00004FF0010C0CFA00FCC2F814C00AE091F854
:104D100003C0BCF1480F05D14FF0010C0CFA00FCA8
:104D2000C2F810C0401C0828D1D31460B1F800C0EC
:104D3000BCF1FF0F34DD546800202EE000F1080CB8
:104D40004FF0010808FA0CF3B1F800C00CEA0306B2
:104D50009E4221D183004FF00F0C0CFA03F7BC43A5
:104D600005FA03FC4CEA040491F803C0BCF1280FD7
:104D700005D100F1080C08FA0CF8C2F8148091F87B
:104D800003C0BCF1480F07D100F1080C4FF0010837
:104D900008FA0CF8C2F81080401C0828CED35460E2
:104DA000BDE8F0810246002093680B400BB1012062
:104DB00000E00020704741617047016170470000CA
:104DC0002DE9FF5F8146002003900290002434E02B
:104DD000214931F81400FEF704FE00221F4BCDE9F3
:104DE0000001FEF77EFD05460E460398FEF752FED3
:104DF00082462A463346FEF75BFC0746FEF78EFEE8
:104E00000390154A611C32F81100FEF7EAFD0746CF
:104E10000022124BFEF765FD05460E460298FEF78E
:104E200039FE2A463346CDE90001FEF741FC8246B1
:104E3000FEF774FE0290A01CC4B2142CC8DB0398C9
:104E4000FEF7DCFDA9F800000298FEF7D7FDA9F8EF
:104E50000200BDE8FF9F0000F6090020000024408A
:104E600010B5002401212248FFF79CFF012802D140
:104E700044F0010401E024F0010410211D48FFF773
:104E800091FF10B944F0020401E024F00204202153
:104E90001848FFF787FF10B944F0040401E024F03C
:104EA000040440211348FFF77DFF10B944F00804C3
:104EB00001E024F0080444B10F480088401C0E496A
:104EC00008800E480470002010BD0B48008802289E
:104ED00004DD002008490880002405E00020064980
:104EE000088000240549087004480078ECE70000B9
:104EF00000080140001001403E0000203C0000205E
:104F000000BFFEE708B50121142004F085F8042055
:104F10008DF8030003208DF802000120ADF8000099
:104F200069460548FFF7B3FE7020ADF800006946FA
:104F30000248FFF7ACFE08BD000801400010014028
:104F400070B5044600261748058840884543154833
:104F5000808846F60401884216D1124880790128DB
:104F600012D100200F4988712A2048812B20888186
:104F70000021084603F0AAFE01200A4988712B206F
:104F800048812A20888103E00021084603F09EFE24
:104F900003F07CFF002602E003480480761CAE424A
:104FA000FAD370BD1E0A00200008006C2DE9F84FEE
:104FB00007460D4690469946DDF828B0A8EB070055
:104FC000401C1FFA80FAA9EB0500401C80B200903B
:104FD000002414E0281981B2384603F077FE03F06C
:104FE00055FF002607E004FB0A603BF81000064965
:104FF0000880701C86B25645F5DB601C84B20098B0
:105000008442E7DBBDE8F88F0008006C10B5FE486D
:10501000808849F2413188427ED1CF2003F030FFB1
:10502000002003F027FFC12003F024FF302003F00D
:1050300021FFED2003F024FF642003F01BFF032079
:1050400003F018FF122003F015FF812003F012FF78
:10505000E82003F015FF852003F00CFF102003F07B
:1050600009FF7A2003F006FFCB2003F009FF392067
:1050700003F000FF2C2003F0FDFE002003F0FAFEF9
:10508000342003F0F7FE022003F0F4FEF72003F0D3
:10509000F7FE202003F0EEFEEA2003F0F1FE0020F0
:1050A00003F0E8FE002003F0E5FEC02003F0E8FE78
:1050B0001B2003F0DFFEC12003F0E2FE012003F01D
:1050C000D9FEC52003F0DCFE302003F0D3FE3020F3
:1050D00003F0D0FEC72003F0D3FEB72003F0CAFED2
:1050E000362003F0CDFE482003F0C4FE3A2003F042
:1050F000C7FE552003F0BEFEB12003F0C1FE002024
:1051000003F0B8FE1A2003F0B5FEB62003F0B8FE97
:105110000A2003F0AFFE00E097E0A22003F0AAFE11
:10512000F22003F0ADFE002003F0A4FE262003F0E1
:10513000A7FE012003F09EFEE02003F0A1FE0F2059
:1051400003F098FE2A2003F095FE282003F092FE3B
:10515000082003F08FFE0E2003F08CFE082003F0E1
:1051600089FE542003F086FEA92003F083FE43202D
:1051700003F080FE0A2003F07DFE0F2003F07AFE8C
:10518000002003F077FE002003F074FE002003F0FF
:1051900071FE002003F06EFEE12003F071FE00209E
:1051A00003F068FE152003F065FE172003F062FE91
:1051B000072003F05FFE112003F05CFE062003F0E1
:1051C00059FE2B2003F056FE562003F053FE3C20E0
:1051D00003F050FE052003F04DFE102003F04AFEC0
:1051E0000F2003F047FE3F2003F044FE3F2003F072
:1051F00041FE0F2003F03EFE2B2003F041FE002075
:1052000003F038FE002003F035FE012003F032FEEB
:105210003F2003F02FFE2A2003F032FE002003F08F
:1052200029FE002003F026FE002003F023FEEF20DD
:1052300003F020FE112003F023FE7820FFF79BF9F6
:10524000292003F01DFE03F01EB96F48808846F642
:10525000040188427ED1112003F012FE1420FFF7D2
:105260008AF9D02003F00CFE072003F003FE422051
:1052700003F000FE1D2003F0FDFDD12003F000FE31
:10528000002003F0F7FD1A2003F0F4FD092003F0DD
:10529000F1FDD22003F0F4FD012003F0EBFD22200C
:1052A00003F0E8FDC02003F0EBFD102003F0E2FD69
:1052B0003B2003F0DFFD002003F0DCFD022003F0C3
:1052C000D9FD112003F0D6FDC52003F0D9FD032040
:1052D00003F0D0FDC82003F0D3FD002003F0CAFD89
:1052E000252003F0C7FD212003F0C4FD052003F0B5
:1052F000C1FD002003F0BEFD0A2003F0BBFD6520C8
:1053000003F0B8FD252003F0B5FD772003F0B2FDD2
:10531000502003F0AFFD0F2003F0ACFD002003F0A0
:10532000A9FDF82003F0ACFD012003F0A3FDFE2051
:1053300003F0A6FD002003F09DFD022003F09AFD7E
:10534000202003F09DFD362003F09AFD082003F095
:1053500091FD00E02AE03A2003F092FD552003F091
:1053600089FD2B2003F08CFD002003F083FD00203D
:1053700003F080FD012003F07DFD3F2003F07AFD66
:105380002A2003F07DFD002003F074FD002003F0CF
:1053900071FD012003F06EFDDF2003F06BFD78202E
:1053A000FFF7E9F8292003F06BFD4CE716488088E9
:1053B00045F21031884240F07D87ED2003F060FD1A
:1053C000012003F057FDFE2003F054FDEE2003F012
:1053D00057FDDE2003F04EFD212003F04BFDF120B0
:1053E00003F04EFD012003F045FDDF2003F048FDF2
:1053F000102003F03FFDC42003F042FD8F2003F096
:1054000039FDC62002E000001E0A002003F038FD2E
:10541000002003F02FFDE22003F02CFDE22003F03A
:1054200029FDE22003F026FDBF2003F029FDAA207C
:1054300003F020FDB02003F023FD0D2003F01AFD42
:10544000002003F017FD0D2003F014FD002003F0F1
:1054500011FD112003F00EFD002003F00BFD1920BB
:1054600003F008FD002003F005FD212003F002FDFC
:10547000002003F0FFFC2D2003F0FCFC002003F0D3
:10548000F9FC3D2003F0F6FC002003F0F3FC5D2066
:1054900003F0F0FC002003F0EDFC5D2003F0EAFCDB
:1054A000002003F0E7FCB12003F0EAFC802003F0C9
:1054B000E1FC002003F0DEFC8B2003F0DBFC00208D
:1054C00003F0D8FC962003F0D5FC002003F0D2FCBA
:1054D000B22003F0D5FC002003F0CCFC002003F048
:1054E000C9FC022003F0C6FC002003F0C3FC03202B
:1054F00003F0C0FC002003F0BDFCB32003F0C0FCAF
:10550000002003F0B7FC002003F0B4FC002003F0FF
:10551000B1FC002003F0AEFC002003F0ABFC002047
:1055200003F0A8FC002003F0A5FC002003F0A2FC7F
:10553000002003F09FFC002003F09CFC002003F0FF
:1055400099FC002003F096FC002003F093FC00205F
:1055500003F090FC002003F08DFC002003F08AFC97
:10556000002003F087FC002003F084FC002003F0FF
:1055700081FC002003F07EFC002003F07BFC002077
:1055800003F078FC002003F075FC002003F072FCAF
:10559000B42003F075FC8B2003F06CFC002003F0BA
:1055A00069FC962003F066FC002003F063FCA12058
:1055B00003F060FC002003F05DFCB52003F060FC0C
:1055C000022003F057FC002003F054FC032003F0FA
:1055D00051FC002003F04EFC042003F04BFC0020A3
:1055E00003F048FCB62003F04BFC002003F042FC23
:1055F000002003F03FFCB72003F042FC002003F042
:1056000039FC002003F036FC3F2003F033FC00207F
:1056100003F030FC5E2003F02DFC002003F02AFC98
:10562000642003F027FC002003F024FC8C2003F00E
:1056300021FC002003F01EFCAC2003F01BFC00202A
:1056400003F018FCDC2003F015FC002003F012FC32
:10565000702003F00FFC002003F00CFC902003F0FE
:1056600009FC002003F006FCEB2003F003FC002003
:1056700003F000FCDC2003F0FDFB002003F0FAFB4C
:10568000B82003F0FDFB002003F0F4FB002003F042
:10569000F1FB002003F0EEFB002003F0EBFB002009
:1056A00003F0E8FB002003F0E5FB002003F0E2FB41
:1056B000002003F0DFFBBA2003F0E2FB242003F01C
:1056C000D9FB002003F0D6FB002003F0D3FB002021
:1056D00003F0D0FBC12003F0D3FB202003F0CAFB72
:1056E000002003F0C7FB542003F0C4FB002003F0AC
:1056F000C1FBFF2003F0BEFB002003F0BBFBC22078
:1057000003F0BEFB0A2003F0B5FB002003F0B2FB60
:10571000042003F0AFFB002003F0ACFBC32003F038
:10572000AFFB3C2003F0A6FB002003F0A3FB3A20D4
:1057300003F0A0FB002003F09DFB392003F09AFB4F
:10574000002003F097FB372003F094FB002003F0C8
:1057500091FB3C2003F08EFB002003F08BFB3620F6
:1057600003F088FB002003F085FB322003F082FB6E
:10577000002003F07FFB2F2003F07CFB002003F0D0
:1057800079FB2C2003F076FB002003F073FB29202B
:1057900003F070FB002003F06DFB262003F06AFB92
:1057A000002003F067FB242003F064FB002003F0DB
:1057B00061FB242003F05EFB002003F05BFB232051
:1057C00003F058FB002003F055FB3C2003F052FB94
:1057D000002003F04FFB362003F04CFB002003F0C9
:1057E00049FB322003F046FB002003F043FB2F204F
:1057F00003F040FB002003F03DFB2C2003F03AFBBC
:10580000002003F037FB292003F034FB002003F0D5
:1058100031FB262003F02EFB002003F02BFB24207D
:1058200003F028FB002003F025FB242003F022FBDB
:10583000002003F01FFB232003F01CFB002003F0DB
:1058400019FBC42003F01CFB622003F013FB0020B3
:1058500003F010FB052003F00DFB002003F00AFB12
:10586000842003F007FB002003F004FBF02003F08A
:1058700001FB002003F0FEFA182003F0FBFA0020E1
:1058800003F0F8FAA42003F0F5FA002003F0F2FA8E
:10589000182003F0EFFA002003F0ECFA502003F098
:1058A000E9FA002003F0E6FA0C2003F0E3FA002006
:1058B00003F0E0FA172003F0DDFA002003F0DAFA33
:1058C000952003F0D7FA002003F0D4FAF32003F078
:1058D000D1FA002003F0CEFAE62003F0CBFA002044
:1058E00003F0C8FAC52003F0CBFA322003F0C2FA65
:1058F000002003F0BFFA442003F0BCFA002003F0BC
:10590000B9FA652003F0B6FA002003F0B3FA762066
:1059100003F0B0FA002003F0ADFA882003F0AAFAF1
:10592000002003F0A7FAC62003F0AAFA202003F013
:10593000A1FA002003F09EFA172003F09BFA002042
:1059400003F098FA012003F095FA002003F092FA90
:10595000C72003F095FA002003F08CFA002003F032
:1059600089FA002003F086FA002003F083FAC820A9
:1059700003F086FA002003F07DFA002003F07AFAA3
:10598000002003F077FA002003F074FAC92003F036
:1059900077FA002003F06EFA002003F06BFA002083
:1059A00003F068FA002003F065FA002003F062FAC1
:1059B000002003F05FFA002003F05CFA002003F0FF
:1059C00059FA002003F056FA002003F053FA0020A1
:1059D00003F050FA002003F04DFA002003F04AFAD9
:1059E000002003F047FA002003F044FA002003F0FF
:1059F00041FAE02003F044FA162003F03BFA0020BD
:105A000003F038FA1C2003F035FA002003F032FAD4
:105A1000212003F02FFA002003F02CFA362003F0A7
:105A200029FA002003F026FA462003F023FA00208A
:105A300003F020FA522003F01DFA002003F01AFAB6
:105A4000642003F017FA002003F014FA7A2003F020
:105A500011FA002003F00EFA8B2003F00BFA00205D
:105A600003F008FA992003F005FA002003F002FA87
:105A7000A82003F0FFF9002003F0FCF9B92003F09F
:105A8000F9F9002003F0F6F9C42003F0F3F900203F
:105A900003F0F0F9CA2003F0EDF9002003F0EAF971
:105AA000D22003F0E7F9002003F0E4F9D92003F055
:105AB000E1F9002003F0DEF9E02003F0DBF900203B
:105AC00003F0D8F9F32003F0D5F9002003F0D2F960
:105AD000E12003F0D5F9162003F0CCF9002003F003
:105AE000C9F91C2003F0C6F9002003F0C3F92220F5
:105AF00003F0C0F9002003F0BDF9362003F0BAF935
:105B0000002003F0B7F9452003F0B4F9002003F0BA
:105B1000B1F9522003F0AEF9002003F0ABF9642094
:105B200003F0A8F9002003F0A5F97A2003F0A2F908
:105B3000002003F09FF98B2003F09CF9002003F074
:105B400099F9992003F096F9002003F093F9A82021
:105B500003F090F9002003F08DF9B92003F08AF9E1
:105B6000002003F087F9C42003F084F9002003F03B
:105B700081F9CA2003F07EF9002003F07BF9D220DE
:105B800003F078F9002003F075F9D82003F072F9DA
:105B9000002003F06FF9E02003F06CF9002003F01F
:105BA00069F9F32003F066F9002003F063F9E220BD
:105BB00003F066F9052003F05DF9002003F05AF9BF
:105BC0000B2003F057F9002003F054F91B2003F0D9
:105BD00051F9002003F04EF9342003F04BF9002076
:105BE00003F048F9442003F045F9002003F042F99E
:105BF0004F2003F03FF9002003F03CF9612003F04F
:105C000039F9002003F036F9792003F033F9002048
:105C100003F030F9882003F02DF9002003F02AF971
:105C2000972003F027F9002003F024F9A62003F0C1
:105C300021F9002003F01EF9B72003F01BF9002022
:105C400003F018F9C22003F015F9002003F012F94F
:105C5000C72003F00FF9002003F00CF9D12003F066
:105C600009F9002003F006F9D62003F003F900201B
:105C700003F000F9DD2003F0FDF8002003F0FAF84E
:105C8000F32003F0F7F8002003F0F4F8E32003F02A
:105C9000F7F8052003F0EEF8002003F0EBF80A20F7
:105CA00003F0E8F8002003F0E5F81C2003F0E2F828
:105CB000002003F0DFF8332003F0DCF8002003F0CD
:105CC000D9F8442003F0D6F8002003F0D3F8502090
:105CD00003F0D0F8002003F0CDF8622003F0CAF8FA
:105CE000002003F0C7F8782003F0C4F8002003F088
:105CF000C1F8882003F0BEF8002003F0BBF897201D
:105D000003F0B8F8002003F0B5F8A62003F0B2F8CD
:105D1000002003F0AFF8B72003F0ACF8002003F048
:105D2000A9F8C22003F0A6F8002003F0A3F8C720CA
:105D300003F0A0F8002003F09DF8D12003F09AF8BA
:105D4000002003F097F8D52003F094F8002003F02A
:105D500091F8DD2003F08EF8002003F08BF8F3209B
:105D600003F088F8002003F085F8E42003F088F8B9
:105D7000012003F07FF8002003F07CF8012003F0FD
:105D800079F8002003F076F8022003F073F8002081
:105D900003F070F82A2003F06DF8002003F06AF891
:105DA0003C2003F067F8002003F064F84B2003F078
:105DB00061F8002003F05EF85D2003F05BF800203E
:105DC00003F058F8742003F055F8002003F052F85F
:105DD000842003F04FF8002003F04CF8932003F0E8
:105DE00049F8002003F046F8A22003F043F8002011
:105DF00003F040F8B32003F03DF8002003F03AF838
:105E0000BE2003F037F8002003F034F8C42003F07C
:105E100031F8002003F02EF8CD2003F02BF80020FD
:105E200003F028F8D32003F025F8002003F022F82F
:105E3000DD2003F01FF8002003F01CF8F32003F02E
:105E400019F8002003F016F8E52003F019F80020F7
:105E500003F010F8002003F00DF8002003F00AF81A
:105E6000002003F007F8022003F004F8002003F0FC
:105E700001F8292002F0FEFF002002F0FBFF3C2089
:105E800002F0F8FF002002F0F5FF4B2002F0F2FFD5
:105E9000002002F0EFFF5D2002F0ECFF002002F096
:105EA000E9FF742002F0E6FF002002F0E3FF842007
:105EB00002F0E0FF002002F0DDFF932002F0DAFFA5
:105EC000002002F0D7FFA22002F0D4FF002002F051
:105ED000D1FFB32002F0CEFF002002F0CBFFBE20A6
:105EE00002F0C8FF002002F0C5FFC42002F0C2FF8C
:105EF000002002F0BFFFCD2002F0BCFF002002F026
:105F0000B9FFD32002F0B6FF002002F0B3FFDC207F
:105F100002F0B0FF002002F0ADFFF32002F0AAFF74
:105F2000002002F0A7FFE62002F0AAFF112002F0F5
:105F3000A1FF002002F09EFF342002F09BFF002012
:105F400002F098FF562002F095FF002002F092FF29
:105F5000762002F08FFF002002F08CFF772002F005
:105F600089FF002002F086FF662002F083FF0020F8
:105F700002F080FF882002F07DFF002002F07AFF0F
:105F8000992002F077FF002002F074FFBB2002F09E
:105F900071FF002002F06EFF992002F06BFF0020DD
:105FA00002F068FF662002F065FF002002F062FF49
:105FB000552002F05FFF002002F05CFF552002F048
:105FC00059FF002002F056FF452002F053FF002049
:105FD00002F050FF432002F04DFF002002F04AFF84
:105FE000442002F047FF002002F044FFE72002F0C7
:105FF00047FF322002F03EFF002002F03BFF552019
:1060000002F038FF002002F035FF762002F032FF68
:10601000002002F02FFF662002F02CFF002002F08B
:1060200029FF672002F026FF002002F023FF6720EF
:1060300002F020FF002002F01DFF872002F01AFF6F
:10604000002002F017FF992002F014FF002002F058
:1060500011FFBB2002F00EFF002002F00BFF992081
:1060600002F008FF002002F005FF772002F002FF97
:10607000002002F0FFFE442002F0FCFE002002F0AF
:10608000F9FE562002F0F6FE002002F0F3FE232077
:1060900002F0F0FE002002F0EDFE332002F0EAFEF6
:1060A000002002F0E7FE452002F0E4FE002002F0AE
:1060B000E1FEE82002F0E4FE002002F0DBFE00201A
:1060C00002F0D8FE992002F0D5FE002002F0D2FEA8
:1060D000872002F0CFFE002002F0CCFE882002F0E4
:1060E000C9FE002002F0C6FE772002F0C3FE0020A9
:1060F00002F0C0FE662002F0BDFE002002F0BAFEF3
:10610000882002F0B7FE002002F0B4FEAA2002F0C0
:10611000B1FE002002F0AEFEBB2002F0ABFE00207C
:1061200002F0A8FE992002F0A5FE002002F0A2FED7
:10613000662002F09FFE002002F09CFE552002F037
:1061400099FE002002F096FE552002F093FE0020FA
:1061500002F090FE442002F08DFE002002F08AFE44
:10616000442002F087FE002002F084FE552002F059
:1061700081FE002002F07EFEE92002F081FEAA20CE
:1061800002F078FE002002F075FE002002F072FEA0
:10619000002002F06FFE002002F072FEAA2002F042
:1061A00069FECF2002F06CFE002002F063FE0020AA
:1061B00002F060FE002002F05DFE002002F05AFEB8
:1061C000002002F057FE002002F054FE002002F0F2
:1061D00051FE002002F04EFE002002F04BFE002097
:1061E00002F048FE002002F045FE002002F042FED0
:1061F000002002F03FFE002002F03CFE002002F0F2
:1062000039FE002002F036FE002002F033FEF020BE
:1062100002F036FE002002F02DFE502002F02AFE91
:10622000002002F027FE002002F024FE002002F0F1
:1062300021FEF32002F024FE002002F01BFEF920D4
:1062400002F01EFE062002F015FE102002F012FEE3
:10625000292002F00FFE002002F00CFE3A2002F08E
:106260000FFE552002F006FE112002F009FE642008
:10627000FEF781F9292002F003FE352002F000FE2E
:10628000002002F0F7FD512002F0FAFDFF2002F09D
:10629000F1FD532002F0F4FD2C2002F0EBFD55201F
:1062A00002F0EEFD822002F0E5FD2C2002F0E8FD78
:1062B00002F0E9B8FE48808845F2105188427DD14D
:1062C00055214FF4704002F0EBFDAA214FF201007E
:1062D00002F0E6FD52214FF2020002F0E1FD08213A
:1062E0004FF2030002F0DCFD01214FF2040002F046
:1062F000D7FD0D214FF4304002F0D2FD0D214BF2BD
:10630000010002F0CDFD0D214BF2020002F0C8FDAC
:1063100034214FF4364002F0C3FD34214BF20160CA
:1063200002F0BEFD34214BF2026002F0B9FD0D21F6
:106330004FF4314002F0B4FD0D214BF2011002F098
:10634000AFFD0D214BF2021002F0AAFD34214FF4F3
:10635000374002F0A5FD34214BF2017002F0A0FDA0
:1063600034214BF2027002F09BFD00214FF43240C9
:1063700002F096FD00214BF2012002F091FD002178
:106380004BF2022002F08CFD24214FF4384002F041
:1063900087FD24214BF6010002F082FD24214BF6FB
:1063A000020002F07DFD01214FF43F4002F078FD34
:1063B0000F214FF4334002F073FD00E0FDE30F21A5
:1063C0004BF2013002F06CFD0F214BF2023002F073
:1063D00067FD34214FF4394002F062FD34214BF661
:1063E000011002F05DFD34214BF6021002F058FD61
:1063F00008214FF4354002F053FD08214BF20150C3
:1064000002F04EFD08214BF2025002F049FD03213B
:106410004FF4424002F044FD24214FF43A4002F090
:106420003FFD24214BF6012002F03AFD24214BF6DA
:10643000022002F035FD00214FF43C4002F030FD17
:1064400078214BF6014002F02BFD00214BF6024073
:1064500002F026FD00214FF43D4002F021FD78219D
:106460004BF6015002F01CFD00214BF6025002F0E9
:1064700017FD00214FF43E4002F012FD64214BF65F
:10648000016002F00DFD00214FF4514002F008FDC3
:1064900033214DF2011002F003FD00214DF20210F4
:1064A00002F0FEFC34214DF2031002F0F9FC002151
:1064B0004DF2041002F0F4FC3A214DF2051002F006
:1064C000EFFC00214DF2061002F0EAFC4A214DF2E9
:1064D000071002F0E5FC00214DF2081002F0E0FC8C
:1064E0005C214DF2091002F0DBFC00214DF20A1094
:1064F00002F0D6FC81214DF20B1002F0D1FC0021FC
:106500004DF20C1002F0CCFCA6214DF20D1002F061
:10651000C7FC00214DF20E1002F0C2FCE5214DF245
:106520000F1002F0BDFC01214DF2101002F0B8FC7A
:1065300013214DF2111002F0B3FC01214DF21210A3
:1065400002F0AEFC54214DF2131002F0A9FC01211F
:106550004DF2141002F0A4FC82214DF2151002F04D
:106560009FFC01214DF2161002F09AFCCA214DF257
:10657000171002F095FC02214DF2181002F090FC69
:1065800000214DF2191002F08BFC02214DF21A107D
:1065900002F086FC01214DF21B1002F081FC022169
:1065A0004DF21C1002F07CFC34214DF21D1002F063
:1065B00077FC02214DF21E1002F072FC67214DF2B1
:1065C0001F1002F06DFC02214DF2201002F068FC59
:1065D00084214DF2211002F063FC02214DF22210C1
:1065E00002F05EFCA4214DF2231002F059FC0221BE
:1065F0004DF2241002F054FCB7214DF2251002F0A8
:106600004FFC02214DF2261002F04AFCCF214DF240
:10661000271002F045FC02214DF2281002F040FC48
:10662000DE214DF2291002F03BFC02214DF22A102E
:1066300002F036FCF2214DF22B1002F031FC022167
:106640004DF22C1002F02CFCFE214DF22D1002F028
:1066500027FC03214DF22E1002F022FC10214DF2F6
:106660002F1002F01DFC03214DF2301002F018FC37
:1066700033214DF2311002F013FC03214DF23210A0
:1066800002F00EFC6D214DF2331002F009FC0021E6
:106690004FF4524002F004FC33214DF2012002F08D
:1066A000FFFB00214DF2022002F0FAFB342101E051
:1066B0001E0A00204DF2032002F0F2FB00214DF2F1
:1066C000042002F0EDFB3A214DF2052002F0E8FB38
:1066D00000214DF2062002F0E3FB4A214DF2072093
:1066E00002F0DEFB00214DF2082002F0D9FB5C2114
:1066F0004DF2092002F0D4FB00214DF20A2002F0F5
:10670000CFFB81214DF20B2002F0CAFB00214DF29C
:106710000C2002F0C5FBA6214DF20D2002F0C0FBBB
:1067200000214DF20E2002F0BBFBE5214DF20F20BF
:1067300002F0B6FB01214DF2102002F0B1FB132153
:106740004DF2112002F0ACFB01214DF2122002F0BB
:10675000A7FB54214DF2132002F0A2FB01214DF2C0
:10676000142002F09DFB82214DF2152002F098FBCF
:1067700001214DF2162002F093FBCA214DF21720A1
:1067800002F08EFB02214DF2182002F089FB00215D
:106790004DF2192002F084FB02214DF21A2002F082
:1067A0007FFB01214DF21B2002F07AFB02214DF20A
:1067B0001C2002F075FB34214DF21D2002F070FB0D
:1067C00002214DF21E2002F06BFB67214DF21F20CB
:1067D00002F066FB02214DF2202002F061FB8421D1
:1067E0004DF2212002F05CFB02214DF2222002F04A
:1067F00057FBA4214DF2232002F052FB02214DF25F
:10680000242002F04DFBB7214DF2252002F048FB79
:1068100002214DF2262002F043FBCF214DF227202A
:1068200002F03EFB02214DF2282002F039FBDE216E
:106830004DF2292002F034FB02214DF22A2002F011
:106840002FFBF2214DF22B2002F02AFB02214DF208
:106850002C2002F025FBFE214DF22D2002F020FB22
:1068600003214DF22E2002F01BFB10214DF22F20B0
:1068700002F016FB03214DF2302002F011FB332110
:106880004DF2312002F00CFB03214DF2322002F0D8
:1068900007FB6D214DF2332002F002FB00214FF483
:1068A000534002F0FDFA33214DF2013002F0F8FAC4
:1068B00000214DF2023002F0F3FA34214DF20330A0
:1068C00002F0EEFA00214DF2043002F0E9FA3A212A
:1068D0004DF2053002F0E4FA00214DF2063002F0EC
:1068E000DFFA4A214DF2073002F0DAFA00214DF2C8
:1068F000083002F0D5FA5C214DF2093002F0D0FAEE
:1069000000214DF20A3002F0CBFA81214DF20B301A
:1069100002F0C6FA00214DF20C3002F0C1FAA621B5
:106920004DF20D3002F0BCFA00214DF20E3002F0B3
:10693000B7FAE5214DF20F3002F0B2FA01214DF223
:10694000103002F0ADFA13214DF2113002F0A8FA26
:1069500001214DF2123002F0A3FA54214DF213300E
:1069600002F09EFA01214DF2143002F099FA8221D0
:106970004DF2153002F094FA01214DF2163002F07A
:106980008FFACA214DF2173002F08AFA02214DF235
:10699000183002F085FA00214DF2193002F080FA29
:1069A00002214DF21A3002F07BFA01214DF21B3028
:1069B00002F076FA02214DF21C3002F071FA342115
:1069C0004DF21D3002F06CFA02214DF21E3002F041
:1069D00067FA67214DF21F3002F062FA02214DF290
:1069E000203002F05DFA84214DF2213002F058FA95
:1069F00002214DF2223002F053FAA4214DF223304D
:106A000002F04EFA02214DF2243002F049FAB72189
:106A10004DF2253002F044FA02214DF2263002F008
:106A20003FFACF214DF2273002F03AFA02214DF21F
:106A3000283002F035FADE214DF2293002F030FA2A
:106A400002214DF22A3002F02BFAF2214DF22B30C6
:106A500002F026FA02214DF22C3002F021FAFE213A
:106A60004DF22D3002F01CFA03214DF22E3002F0CF
:106A700017FA10214DF22F3002F012FA03214DF2D5
:106A8000303002F00DFA33214DF2313002F008FAC5
:106A900003214DF2323002F003FA6D214DF2333012
:106AA00002F0FEF900214FF4544002F0F9F93321CD
:106AB0004DF2014002F0F4F900214DF2024002F0E3
:106AC000EFF934214DF2034002F0EAF900214DF2D2
:106AD000044002F0E5F93A214DF2054002F0E0F9F8
:106AE00000214DF2064002F0DBF94A214DF2074049
:106AF00002F0D6F900214DF2084002F0D1F95C21F4
:106B00004DF2094002F0CCF900214DF20A4002F0AA
:106B1000C7F981214DF20B4002F0C2F900214DF27C
:106B20000C4002F0BDF9A6214DF20D4002F0B8F97B
:106B300000214DF20E4002F0B3F9E5214DF20F4075
:106B400002F0AEF901214DF2104002F0A9F9132133
:106B50004DF2114002F0A4F901214DF2124002F071
:106B60009FF954214DF2134002F09AF901214DF2A0
:106B7000144002F095F982214DF2154002F090F98F
:106B800001214DF2164002F08BF9CA214DF2174057
:106B900002F086F902214DF2184002F081F900213D
:106BA0004DF2194002F07CF902214DF21A4002F038
:106BB00077F901214DF21B4000E006E302F070F985
:106BC00002214DF21C4002F06BF934214DF21D40C0
:106BD00002F066F902214DF21E4002F061F96721D0
:106BE0004DF21F4002F05CF902214DF2204002F00C
:106BF00057F984214DF2214002F052F902214DF261
:106C0000224002F04DF9A4214DF2234002F048F950
:106C100002214DF2244002F043F9B7214DF2254004
:106C200002F03EF902214DF2264002F039F9CF215F
:106C30004DF2274002F034F902214DF2284002F0D3
:106C40002FF9DE214DF2294002F02AF902214DF2FE
:106C50002A4002F025F9F2214DF22B4002F020F9F2
:106C600002214DF22C4002F01BF9FE214DF22D4085
:106C700002F016F903214DF22E4002F011F9102115
:106C80004DF22F4002F00CF903214DF2304002F09A
:106C900007F933214DF2314002F002F903214DF2A0
:106CA000324002F0FDF86D214DF2334002F0F8F869
:106CB00000214FF4554002F0F3F833214DF201501A
:106CC00002F0EEF800214DF2025002F0E9F8342112
:106CD0004DF2035002F0E4F800214DF2045002F0AE
:106CE000DFF83A214DF2055002F0DAF800214DF2BA
:106CF000065002F0D5F84A214DF2075002F0D0F8C4
:106D000000214DF2085002F0CBF85C214DF2095001
:106D100002F0C6F800214DF20A5002F0C1F88121BC
:106D20004DF20B5002F0BCF800214DF20C5002F075
:106D3000B7F8A6214DF20D5002F0B2F800214DF245
:106D40000E5002F0ADF8E5214DF20F5002F0A8F818
:106D500001214DF2105002F0A3F813214DF2115011
:106D600002F09EF801214DF2125002F099F85421E0
:106D70004DF2135002F094F801214DF2145002F03C
:106D80008FF882214DF2155002F08AF801214DF260
:106D9000165002F085F8CA214DF2175002F080F823
:106DA00002214DF2185002F07BF800214DF21950EB
:106DB00002F076F802214DF21A5002F071F801212A
:106DC0004DF21B5002F06CF802214DF21C5002F003
:106DD00067F834214DF21D5002F062F802214DF2A5
:106DE0001E5002F05DF867214DF21F5002F058F876
:106DF00002214DF2205002F053F884214DF221502F
:106E000002F04EF802214DF2225002F049F8A4217E
:106E10004DF2235002F044F802214DF2245002F0CA
:106E20003FF8B7214DF2255002F03AF802214DF219
:106E3000265002F035F8CF214DF2275002F030F8FD
:106E400002214DF2285002F02BF8DE214DF229509C
:106E500002F026F802214DF22A5002F021F8F22128
:106E60004DF22B5002F01CF802214DF22C5002F092
:106E700017F8FE214DF22D5002F012F803214DF2C9
:106E80002E5002F00DF810214DF22F5002F008F8AC
:106E900003214DF2305002F003F833214DF231500E
:106EA00001F0FEFF03214DF2325001F0F9FF6D2198
:106EB0004DF2335001F0F4FF00214FF4564001F041
:106EC000EFFF33214DF2016001F0EAFF00214DF2A6
:106ED000026001F0E5FF34214DF2036001F0E0FFB4
:106EE00000214DF2046001F0DBFF3A214DF2056014
:106EF00001F0D6FF00214DF2066001F0D1FF4A21DA
:106F00004DF2076001F0CCFF00214DF2086001F066
:106F1000C7FF5C214DF2096001F0C2FF00214DF274
:106F20000A6001F0BDFF81214DF20B6001F0B8FF56
:106F300000214DF20C6001F0B3FFA6214DF20D606F
:106F400001F0AEFF00214DF20E6001F0A9FFE52136
:106F50004DF20F6001F0A4FF01214DF2106001F02D
:106F60009FFF13214DF2116001F09AFF01214DF2B4
:106F7000126001F095FF54214DF2136001F090FF73
:106F800001214DF2146001F08BFF82214DF215605A
:106F900001F086FF01214DF2166001F081FFCA2148
:106FA0004DF2176001F07CFF02214DF2186001F0F4
:106FB00077FF00214DF2196001F072FF02214DF2BE
:106FC0001A6001F06DFF01214DF21B6001F068FFB6
:106FD00002214DF21C6001F063FF34214DF21D606F
:106FE00001F05EFF02214DF21E6001F059FF6721A2
:106FF0004DF21F6001F054FF02214DF2206001F0BC
:107000004FFF84214DF2216001F04AFF02214DF231
:10701000226001F045FFA4214DF2236001F040FF02
:1070200002214DF2246001F03BFFB7214DF22560B3
:1070300001F036FF02214DF2266001F031FFCF2131
:107040004DF2276001F02CFF02214DF2286001F083
:1070500027FFDE214DF2296001F022FF02214DF2CF
:107060002A6001F01DFFF2214DF22B6001F018FFA4
:1070700002214DF22C6001F013FFFE214DF22D6034
:1070800001F00EFF03214DF22E6001F009FF1021E7
:107090004DF22F6001F004FF03214DF2306001F04A
:1070A000FFFE33214DF2316001F0FAFE03214DF273
:1070B000326001F0F5FE6D214DF2336001F0F0FE1B
:1070C00055214FF4704001F0EBFEAA214FF2010070
:1070D00001F0E6FE52214FF2020001F0E1FE08212C
:1070E0004FF2030001F0DCFE00214FF2040001F03A
:1070F000D7FECC214FF4314001F0D2FE00214BF2FB
:10710000011001F0CDFE05214FF4364001F0C8FE1C
:1071100070214FF4374001F0C3FE70214BF2017033
:1071200001F0BEFE01214FF4384001F0B9FE032109
:107130004BF6010001F0B4FE03214BF6020001F012
:10714000AFFE03214BF6030001F0AAFE02214FF42B
:107150003C4001F0A5FE00214BF6014001F0A0FEED
:1071600000214BF6024001F09BFED0214FF4494034
:1071700001F096FE02214CF6011001F091FE502123
:107180004CF6021001F08CFE50214CF6031001F079
:1071900087FE50214CF6041001F082FE00214FF4CE
:1071A000545001F07DFE55214FF4685001F078FEF7
:1071B0004FF4885001F064FE7820FDF736FA4FF462
:1071C000245001F05DFE01F05EB9FE48808849F26E
:1071D000253188427ED147F6F001E52001F060FEBE
:1071E0004FF48071012001F05BFE4FF4E06102205A
:1071F00001F056FE41F23001032001F051FE002162
:10720000042001F04DFE40F20221082001F048FE6A
:107210000021092001F044FE00210A2001F040FE77
:1072200000210C2001F03CFE00210D2001F038FE71
:1072300000210F2001F034FE0021102001F030FE6B
:107240000721112001F02CFE0021122001F028FE60
:107250000021132001F024FE0021072001F020FE70
:1072600041F29061102001F01BFE40F22721112015
:1072700001F016FE9D21122001F012FE4FF4C851BC
:10728000132001F00DFE2521292001F009FE0D211A
:107290002B2001F005FE0721302001F001FE40F215
:1072A0000331312001F0FCFD0321322001F0F8FD13
:1072B00040F20621352001F0F3FD0821362001F0CF
:1072C000EFFD40F20641372001F0EAFD4FF4417135
:1072D000382000E057E001F0E3FD0721392001F0FC
:1072E000DFFD40F202613C2001F0DAFD08213D2083
:1072F00001F0D6FD0021502001F0D2FDEF215120F8
:1073000001F0CEFD0021522001F0CAFD40F23F11F4
:10731000532001F0C5FD4FF42741602001F0C0FD6E
:107320000121612001F0BCFD00216A2001F0B8FDBF
:107330000021802001F0B4FD0021812001F0B0FD8A
:107340000021822001F0ACFD0021832001F0A8FD86
:107350000021842001F0A4FD0021852001F0A0FD82
:107360001021902001F09CFD4FF4C061922001F0AB
:1073700097FD40F23311072001F092FD22210020F9
:1073800001F08EFD1FE78F48808849F2283188423E
:107390007ED141F28F01EC2001F082FD41F23421D7
:1073A000EF2001F07DFD4FF48071012001F078FDA8
:1073B0004FF4E061022001F073FD41F2300103203F
:1073C00001F06EFD0021042001F06AFD40F202216F
:1073D000082001F065FD0021092001F061FD002178
:1073E0000A2001F05DFD01210C2001F059FD002172
:1073F0000D2001F055FD00210F2001F051FD00216D
:10740000102001F04DFD0721112001F049FD002160
:10741000122001F045FD0021132001F041FD012162
:10742000072001F03DFD3220FDF7A5F841F2904123
:10743000102001F035FD40F22721112001F030FD30
:107440003220FDF798F88A21122001F029FD322020
:10745000FDF791F84FF4D051132001F021FD0621E2
:10746000292001F01DFD0D212B2001F019FD3220F6
:10747000FDF781F80021202001F012FD00212120DC
:1074800001F00EFD3220FDF776F80021302000E0FB
:1074900074E001F005FD40F20461312001F000FDCF
:1074A00040F20531322001F0FBFC0021352001F0D3
:1074B000F7FC40F60941362001F0F2FC4FF401716F
:1074C000372001F0EDFC40F20131382001F0E8FCFA
:1074D00040F20771392001F0E3FC00213C2001F06B
:1074E000DFFC40F60A213D2001F0DAFC3220FDF7F6
:1074F00042F80021502001F0D3FCEF21512001F08F
:10750000CFFC0021522001F0CBFC40F23F11532070
:1075100001F0C6FC4FF42741602001F0C1FC0121BD
:10752000612001F0BDFC00216A2001F0B9FC0021BE
:10753000802001F0B5FC0021812001F0B1FC002188
:10754000822001F0ADFC0021832001F0A9FC002184
:10755000842001F0A5FC0021852001F0A1FC102170
:10756000902001F09DFC4FF4C061922001F098FC46
:1075700040F23311072001F093FC24E61148808883
:1075800049F2203188427DD10021084601F088FC73
:107590004FF48071012001F083FC4FF4E061022080
:1075A00001F07EFC41F23001032001F079FC002162
:1075B000042001F075FC40F20221082001F070FC6B
:1075C000002101E01E0A0020092001F069FC0021D1
:1075D0000A2001F065FC01210C2001F061FC002172
:1075E0000D2001F05DFC00210F2001F059FC32203C
:1075F000FCF7C1FF40F20111072001F051FC3220DD
:10760000FCF7B9FF4FF48651102001F049FC072127
:10761000112001F045FC4FF48871122001F040FC6C
:107620004FF43061132001F03BFC0021292001F0D0
:1076300037FC44F210012B2001F032FC00215020D5
:1076400001F02EFCEF21512001F02AFC00215220F4
:1076500001F026FC40F23F11532001F021FC4FF4D1
:107660001C51602001F01CFC0121612001F018FC7C
:1076700000216A2001F014FC0021802001F010FCA0
:10768000002100E031E0812001F00AFC002182208D
:1076900001F006FC0021832001F002FC002184207F
:1076A00001F0FEFB0021852001F0FAFB1021902063
:1076B00001F0F6FB0021922001F0F2FB0121932062
:1076C00001F0EEFB4FF48871952001F0E9FB0021F9
:1076D000972001F0E5FB0021982001F0E1FB40F24A
:1076E0007311072001F0DCFB6DE5FE48808849F24C
:1076F000313188427DD141F21401E72001F0D0FB05
:107700004FF48071012001F0CBFB4FF40071022097
:1077100001F0C6FB41F23801032001F0C1FB40F249
:107720000221082001F0BCFB0021092001F0B8FB78
:1077300000210A2001F0B4FB00210C2001F0B0FB75
:1077400000210D2001F0ACFB00210F2001F0A8FB6F
:107750000021102001F0A4FB0721112001F0A0FB63
:107760000021122001F09CFB0021132001F098FB66
:10777000C820FCF700FF41F29061102001F090FB5F
:1077800040F22721112001F08BFB3220FCF7F3FEA1
:107790000C21122001F084FB3220FCF7ECFE4FF4A8
:1077A0000061132001F07CFB1121292001F078FBFE
:1077B0000B212B2001F074FB3220FCF7DCFE0021B2
:1077C000202001F06DFB40F23F11212001F068FB09
:1077D0000021302001F064FB4FF48371312001F06F
:1077E0005FFB0021322001F05BFB4FF4017135207B
:1077F00000E064E001F054FB41F20A61362001F040
:107800004FFB40F20771372001F04AFB4FF48371C0
:10781000382001F045FB40F20771392001F040FBB0
:1078200040F202413C2001F03BFB40F60F413D207D
:1078300001F036FB0021502001F032FBEF215120F6
:1078400001F02EFB0021522001F02AFB40F23F11F3
:10785000532001F025FB4FF41C51602001F020FB68
:107860000121612001F01CFB00216A2001F018FBBE
:107870000021802001F014FB0021812001F010FB89
:107880000021822001F00CFB0021832001F008FB85
:107890000021842001F004FB0021852001F000FB81
:1078A0001021902001F0FCFA4FF4C061922001F009
:1078B000F7FA40F23311072001F0F2FA83E4894825
:1078C000808845F2084188427ED14FF480710120C2
:1078D00001F0E6FA4FF4E061022001F0E1FA41F232
:1078E0003001032001F0DCFA0021042001F0D8FA75
:1078F00040F20721082001F0D3FA0021092001F00D
:10790000CFFA00210A2001F0CBFA00210C2001F06F
:10791000C7FA00210D2001F0C3FA00210F2001F069
:10792000BFFA1420FCF727FE41F2B061102001F0ED
:10793000B7FA0121112001F0B3FA0121172001F05B
:10794000AFFA4FF49C71122001F0AAFA4FF40061D3
:10795000132001F0A5FA0921292001F0A1FA09213B
:107960002A2001F09DFA0021A42001F099FA0021BB
:10797000502001F095FAEF21512001F091FA0021F9
:10798000522001F08DFA40F23F11532001F088FAA5
:107990004FF41C51602001F083FA0121612001F0B5
:1079A0007FFA00216A2001F07BFA0021802001F09B
:1079B00077FA0021812001F073FA0021822001F082
:1079C0006FFA0021832000E023E001F069FA002132
:1079D000842001F065FA0021852001F061FA13216D
:1079E000902001F05DFA0021922001F059FA032164
:1079F000932001F055FA4FF48871952001F050FA68
:107A000040F27311072001F04BFA3220FCF7B3FD6E
:107A1000B8E43448808841F2055188427ED1002183
:107A2000072001F03DFA3220FCF7A5FD4FF48E71DE
:107A3000122001F035FA0121A42001F031FA0F21C2
:107A4000082001F02DFA08210A2001F029FA082166
:107A50000D2001F025FA40F20771302001F020FAE4
:107A60000721312001F01CFA40F20361322001F0BD
:107A700017FA4FF4E061332001F012FA40F20221CC
:107A8000342001F00DFA0221352001F009FA41F607
:107A90000F71362001F004FA40F20771372001F02F
:107AA000FFF90021382001F0FBF90021392001F015
:107AB000F7F940F207713A2001F0F2F900213B207A
:107AC00001F0EEF907213C2001F0EAF900213D2008
:107AD00001F0E6F93220FCF74EFD0121072001F00C
:107AE000DFF901E01E0A00200121172001F0D8F97A
:107AF0003220FCF740FD4FF4BD51102001F0D0F9C9
:107B000040F21721112001F0CBF94FF48F711220B0
:107B100001F0C6F94FF47061132000E097E001F026
:107B2000BFF900212A2001F0BBF90A21292001F028
:107B3000B7F94FF49F71122001F0B2F900215020E3
:107B400001F0AEF9EF21512001F0AAF900215220F5
:107B500001F0A6F940F23F11532001F0A1F94FF4D2
:107B60001C51602001F09CF90121612001F098F97D
:107B700000216A2001F094F90021802001F090F9A1
:107B80000021812001F08CF90021822001F088F988
:107B90000021832001F084F90021842001F080F984
:107BA0000021852001F07CF91321902001F078F963
:107BB0004FF44071922001F073F90521932001F0F8
:107BC0006FF90021952001F06BF90021972001F059
:107BD00067F90021982001F063F94FF480710120CA
:107BE00001F05EF94FF4E061022001F059F941F231
:107BF0003801032001F054F90021042001F050F96C
:107C000000210C2001F04CF900210F2001F048F96F
:107C10000021202001F044F90021212001F040F949
:107C20002121072001F03CF91420FCF7A4FC61217C
:107C3000072001F035F91420FCF79DFC40F2731188
:107C4000072001F02DF91420FCF795FC95E4FE487F
:107C500080884BF2055188427ED10021084601F010
:107C60001FF90021084601F01BF90021084601F028
:107C700017F90021084601F013F90121A42001F0B1
:107C80000FF91420FCF777FC4FF41C51602001F031
:107C900007F940F20221082001F002F94FF40571C2
:107CA000302001F0FDF843F21571312001F0F8F8B1
:107CB00040F20461322001F0F3F840F616613320FF
:107CC00001F0EEF842F21121342001F0E9F84FF40E
:107CD000A851352001F0E4F848F20751362001F0B0
:107CE000DFF841F20741372001F0DAF841F20341B1
:107CF000382001F0D5F82021392001F0D1F81A21DF
:107D0000902001F0CDF80021102001F0C9F80721E2
:107D1000112001F0C5F80021122001F0C1F8002166
:107D2000132001F0BDF81420FCF725FC4FF4E661A8
:107D3000102001F0B5F840F23711112001F0B0F831
:107D40001420FCF718FC4FF4DC71122001F0A8F8A5
:107D50001420FCF710FC00E083E04FF47061132066
:107D600001F09EF880212A2001F09AF8482129206C
:107D700001F096F81420FCF7FEFB4FF4807101200F
:107D800001F08EF84FF4E061022001F089F841F231
:107D90003801032001F084F840F20221082001F0AC
:107DA0007FF800210A2001F07BF800210C2001F06F
:107DB00077F800210D2001F073F830210E2001F03A
:107DC0006FF80021502001F06BF8EF21512001F0F5
:107DD00067F80021522001F063F840F23F11532070
:107DE00001F05EF84FF41C51602001F059F80121B8
:107DF000612001F055F800216A2001F051F81121AD
:107E0000902001F04DF84FF4C061922001F048F845
:107E100040F20241932001F043F80221942001F046
:107E20003FF81420FCF7A7FB0121072001F038F8E8
:107E30001420FCF7A0FB6121072001F031F840F28B
:107E40007311072001F02CF80021202001F028F800
:107E50000021212001F024F82221002001F020F847
:107E600011E3794880884CF2055188427ED1002187
:107E7000084601F015F80021084601F011F8142019
:107E8000FCF779FB0021084601F00AF800210846BA
:107E900001F006F80021084601F002F8002108462A
:107EA00000F0FEFF0121A42000F0FAFF1420FCF7EF
:107EB00062FB4FF41C51602000F0F2FF40F6060117
:107EC000082000F0EDFF40F20371302000F0E8FFE1
:107ED0000121312000F0E4FF0421322000F0E0FF16
:107EE0004FF48171332000F0DBFF4FF440713420F8
:107EF00000F0D6FF40F20311352000F0D1FF1F2122
:107F0000362000F0CDFF40F20371372000F0C8FFAB
:107F10000121382000F0C4FF0421392000F0C0FF07
:107F20001521902000F0BCFF4FF48261102000F07A
:107F3000B7FF40F24721112000F0B2FF4FF4DE718D
:107F4000122000F0ADFF4FF46061132000F0A8FF95
:107F50007820FCF710FB4FF48071012000F0A0FFA7
:107F60004FF40071022000F09BFF00E050E041F26E
:107F70003001032000F094FF08210A2000F090FF58
:107F800000210C2000F08CFF20210E2000F088FF43
:107F900000210F2000F084FF0021202000F080FF4E
:107FA0000021212000F07CFF3D212A2000F078FFF5
:107FB0001420FCF7E0FA2D21292000F071FF0021A8
:107FC000502000F06DFF4DF2EF01512000F068FFEE
:107FD0000021522000F064FF40F23F11532000F0D6
:107FE0005FFF0021612000F05BFF00216A2000F0AC
:107FF00057FF4FF44071922000F052FF052193206B
:1080000000F04EFF4FF48071072000F049FF3AE284
:108010000D48808844F2315188427CD101210020F2
:1080200000F03EFF0A20FCF7A6FA41F2286110207A
:1080300000F036FF0E21122000F032FF40F6392109
:10804000132000F02DFF01E01E0A00200A20FCF79B
:1080500092FA4021112000F023FF5021152000F05A
:108060001FFF0A20FCF787FA1E21122000F018FFDC
:108070000A20FCF780FA4FF4B151102000F010FFF5
:1080800042F63921132000F00BFF0A20FCF773FAA7
:108090004FF48071012000F003FF4FF44071022083
:1080A00000F0FEFE41F23801032000F0F9FE40F23C
:1080B0000221082000F0F4FE08210A2000F0F0FE62
:1080C0000021302000F0ECFE40F20241312000F0AF
:1080D000E7FE4FF48371322000F0E2FE40F20351DC
:1080E000332000F0DDFE4FF48271342000F0D8FE22
:1080F00040F20131352000F0D3FE40F20771362006
:1081000000F0CEFE40F20531372000F0C9FE4FF4FA
:108110000271382000E040E000F0C2FE40F60B7132
:10812000392000F0BDFE0221412000F0B9FE4FF4DD
:108130001C51602000F0B4FE0121612000F0B0FE6F
:108140004FF40471902000F0ABFE4FF48571922043
:1081500000F0A6FE0421932000F0A2FE4FF48071EF
:10816000A02000F09DFE0121072000F099FE2121B2
:10817000072000F095FE2321072000F091FE332117
:10818000072000F08DFE40F23311072000F088FE3A
:108190000021A02000F084FE75E1BB48808844F2F5
:1081A000355188427ED13021152000F079FE102112
:1081B0009A2000F075FE2021112000F071FE43F29C
:1081C0002841102000F06CFE0221122000F068FE11
:1081D00041F23801132000F063FE2820FCF7CBF9B0
:1081E0001221084600F05CFE2820FCF7C4F943F297
:1081F0002041102000F054FE43F23801132000F01B
:108200004FFE4620FCF7B7F90021302000F048FE71
:1082100040F20241312000F043FE40F207313220AB
:1082200000F03EFE4FF44171332000F039FE04218E
:10823000342000F035FE40F20141352000F030FEE0
:1082400040F20771362000F02BFE40F20531372056
:1082500000F026FE4FF4C261382000F021FE4FF4FA
:10826000C261392000F01CFE4FF48071012000F043
:1082700017FE4FF44071022000F012FE41F230016F
:10828000032000F00DFE40F60801082000F008FE73
:1082900008210A2000F004FE4FF41C51602000F079
:1082A000FFFD00E031E00121612000F0F9FD4FF415
:1082B0009F71902000F0F4FD4FF48071922000F047
:1082C000EFFD4FF48071932000F0EAFD4FF4405130
:1082D000A02000F0E5FD1021A32000F0E1FD012128
:1082E000072000F0DDFD2121072000F0D9FD23212A
:1082F000072000F0D5FD3321072000F0D1FD40F22A
:108300003311072000F0CCFDBDE05F48808841F6C6
:1083100063118842F8D1E22000F0B2FD1D2000F088
:10832000A9FD022000F0A6FD042000F0A3FD6420BA
:10833000FCF77BF9E02000F0A3FD012000F09AFD9E
:108340000A20FCF718F9E02000F09AFD032000F065
:1083500091FD0C20FCF70FF9012000F091FD0A209F
:10836000FCF709F9E62000F08BFD2F2000F082FDDC
:10837000FF2000F07FFDFF2000F07CFDB02000F02A
:108380007FFD202000F076FD002000F073FD03202B
:1083900000F070FD40F21F3000F06CFD012000F095
:1083A00069FD40F2DF1000F065FD002000F062FD85
:1083B000B42000F065FD042000F05CFD40F21F4099
:1083C00000F058FD002000F055FD2E2000F052FD79
:1083D000002000F04FFD002000F04CFD002000F0D8
:1083E00049FD002000F046FDB62000F049FD0220C6
:1083F00000F040FD4FF4037000F03CFD002000F061
:1084000039FD172000F036FD152000F033FD002067
:1084100000F030FD002000F02DFDF02000F030FDD8
:10842000032000F027FD292000F02AFDD02000F0D5
:1084300027FD002000F01EFDBE2000F021FD0520DC
:1084400000F018FDFE2000F015FD012000F012FDE7
:10845000002000F00FFD002000F00CFD002000F0D7
:1084600009FDB82000F00CFD032000F003FD012001
:1084700000F000FDBA2000F003FD012000F0FAFC3E
:10848000642000F083FA10BD1E0A002010B50446D7
:10849000002C66D16C498871F02008804FF4A070E0
:1084A00048800846808849F2413188420BD06648AE
:1084B000808846F60401884205D06348808845F2EA
:1084C000103188421AD12C205F4908812A20488126
:1084D0002B2088810846808846F60401884205D012
:1084E0005948808845F21031884206D14FF4A07077
:1084F000554908804FF4F0704880A1E052488088C8
:1085000045F21051884210D14FF430504E49088145
:108510004FF4285048814FF42C5088814FF4F0706C
:1085200008804FF4487048808AE04748808841F6C8
:10853000631188420DD12C20434908812B204881AA
:108540002A2088814FF4F07008804FF448704880EA
:1085500076E022203C490881202048812120888122
:108560006EE00120384988714FF4A0700880F02037
:1085700048800846808849F24131884205D0324817
:10858000808845F21031884207D12C202E4908817D
:108590002A2048812B2088813FE02B48808846F69E
:1085A0000401884207D12C20274908812B204881CB
:1085B0002A20888131E02448808845F21051884281
:1085C00010D14FF43050204908814FF42850488191
:1085D0004FF42C5088814FF4487008804FF4F070AD
:1085E00048801AE01848808841F6631188420DD10E
:1085F0002C20154908812A2048812B2088814FF49E
:10860000487008804FF4F070488006E022200E4940
:10861000088121204881202088810B48808846F6E7
:108620000401884205D00848808845F2103188420C
:1086300006D14FF4F070044908804FF4A0704880D0
:10864000002000F0CDF910BD1E0A002000B59DB03D
:108650000121080200F0C0FC0120079000200890D2
:108660000F20099000200A900B900C900D90009024
:108670000190032002900020039004900590069042
:1086800006200E9000200F901090102011900020D6
:10869000129014901390159016904FF480501790EC
:1086A000002018904FF48040199000201A9007A8DD
:1086B0001B90CDF870D00EA8FCF75CFA01210620C3
:1086C000FCF73EFA1DB000BD08B501214FF4B470AF
:1086D00000F0A2FC0120ADF8000010208DF803008E
:1086E00003208DF8020069461648FCF7D0FA4CF2D8
:1086F0003370ADF8000018208DF8030003208DF8CA
:10870000020069461048FCF7C2FA4FF68070ADF8D7
:10871000000018208DF8030003208DF80200694640
:108720000A48FCF7B4FA41F20100ADF80000182045
:108730008DF8030003208DF8020069460448FCF719
:10874000A6FA08BD000C01400014014000180140C9
:108750000020014010B5FFF7B7FFFFF777FF322089
:10876000FBF709FF00F01AF8FCF750FC0020FFF7B8
:108770008DFE01210348FCF720FB4FF6FF70FCF74C
:10878000DFFB10BD000C014008B5034800880090D5
:10879000BDF8000008BD00000008006C10B5002006
:1087A00000F0E8F86E49888008468088FF280ADBD8
:1087B000084680884FF6FF71884204D06848808858
:1087C000B0F5134F7ED1D32000F05AFBFFF7DCFF4A
:1087D00063498880FFF7D8FF61498880FFF7D4FF9D
:1087E0005F498880084680884FF6FF7101EA0020C3
:1087F0005B498880FFF7C8FF594989880843584971
:1088000088800846808849F2413188425AD0BF208A
:1088100000F036FBFFF7B8FF51498880FFF7B4FF3F
:108820004F498880FFF7B0FF4D498880FFF7ACFFC4
:108830004B498880084680884FF6FF7101EA002086
:1088400047498880FFF7A0FF454989880843444984
:1088500088800846808846F6040188427AD0D42071
:1088600000F00EFBFFF790FF3D498880FFF78CFF7B
:108870003B498880FFF788FF39498880084680880F
:108880004FF6FF7101EA002035498880FFF77CFF31
:10889000334989880843324988800846808845F2F0
:1088A0001031884256D04FF45A4000F0E9FAFFF7F1
:1088B0006BFF2B4988804FF45B4000F0E1FAFFF733
:1088C00063FF00E046E026498880084680884FF62E
:1088D000FF7101EA0020224988804FF45C4000F0DB
:1088E000CFFAFFF751FF1E49898808431C49888049
:1088F00008468088B0F5004F02D145F210508880BC
:108900001748808845F21051884223D0A12000F0FA
:10891000B7FAFFF739FF12498880FFF735FF104992
:108920008880084680884FF6FF7101EA00200C49D4
:108930008880FFF729FF0A49898808430849888009
:108940000846808845F26171884203D141F6631080
:10895000034988800248818802A001F07DFA10BD99
:108960001E0A00206C6364206964A3BA25580D0AAE
:108970000000000010B50446204600F081FA0520F2
:10898000FBF753FEFFF700FF10BD00002DE9F04795
:108990000446BE2000F074FA052000F06BFA204671
:1089A000FBF71FF807464FF066320C4BFAF727FF2C
:1089B0000546FBF756F81FFA80F9484600F05AFAC8
:1089C000012000F057FAFF2000F054FA002000F0D8
:1089D00051FA002000F04EFABDE8F08766660440C8
:1089E00070B5044600230026B748807901280BD1D2
:1089F000B548808846F60401884205D0B248808890
:108A000041F66311884208D1AF488079F0B9AE4889
:108A1000808841F66311884218D1082C15D2DFE80E
:108A200004F00406080A0C0E101206240DE00724B8
:108A30000BE0042409E0052407E0012405E00024FC
:108A400003E0032401E0022400BF00BF9E488088A9
:108A500049F24131884217D09B48808846F604018C
:108A6000884211D09848808845F2103188420BD056
:108A70009548808845F21051884205D092488088F8
:108A800041F6631188427DD1082C1CD2DFE804F046
:108A90000406090C0F12151800BF14E043F0800300
:108AA00011E043F040030EE043F0C0030BE043F05D
:108AB000200308E043F0600305E043F0A00302E078
:108AC00043F0E00300BF00BF7F48808845F21051AB
:108AD000884202D14FF4585600E036267A48808802
:108AE00045F2103188420DD07748808845F2105108
:108AF000884207D07448808841F66311884201D0CB
:108B000043F008037048808846F60401884201D18A
:108B100043F002031946304600F0C2F96A488088E3
:108B200041F6631188421DD003F0200068B1664809
:108B3000008865494988884214DA63480588408876
:108B400061490880084645800CE05F4800885E491E
:108B50004988884206DD5C48058840885A49088073
:108B6000084645805848808845F21051884254D1C3
:108B70005549488900F084F9002000F07BF95249FA
:108B8000498900E078E0491C88B200F079F90020BA
:108B900000F070F94C494989891C88B200F070F9DD
:108BA00049490988491EC1F30F2000F063F946497D
:108BB0004989C91C88B200F063F943490978491E04
:108BC000C8B200F057F94049888900F059F90020EF
:108BD00000F050F93C498989491C88B200F050F9ED
:108BE000002000F047F938498989891C88B200F0D3
:108BF00047F935494988491EC1F30F2000F03AF979
:108C000031498989C91C88B200F03AF92E4989781E
:108C1000491EC8B200F02EF955E02B49488900F0F2
:108C20002FF9002000F026F9002000F023F9264952
:108C30000988491EC1F30F2000F01CF92249097868
:108C4000491EC8B200F016F91F49888900F018F9CA
:108C5000002000F00FF9002000F00CF91A494988B3
:108C6000491EC1F30F2000F005F917498978491E04
:108C7000C8B200F0FFF826E0082C1CD2DFE804F0B0
:108C800004070A0D0F12151843F0300313E043F0E8
:108C9000100310E043F020030DE000BF0BE043F0B1
:108CA000380308E043F0280305E043F0180302E02E
:108CB00043F0080300BF00BF032643F48053194666
:108CC000304600F0EDF870BD1E0A002010B50346D6
:108CD0000C466748808849F24131884205D0644893
:108CE000808845F21031884214D16149488900F0EA
:108CF000C7F8181200F0BEF8D8B200F0BBF85C4913
:108D0000888900F0BDF8201200F0B4F8E0B200F05D
:108D1000B1F8ABE05648808846F6040188421DD180
:108D200053488079012804D151480088401EC01A58
:108D300083B24F49488900F0A3F8181200F09AF85E
:108D4000D8B200F097F84A49888900F099F82012C3
:108D500000F090F8E0B200F08DF887E04448808899
:108D600041F66311884247D141488079A8B940480B
:108D70000088401EC01A83B23D49488900F080F83F
:108D8000002000F077F8002000F074F8181200F0CE
:108D900071F8D8B200F06EF816E03549488900F055
:108DA0006FF8181200F066F8D8B200F063F8304996
:108DB0000988491EC1F30F2000F05CF82C4909789E
:108DC000491EC8B200F056F82949888900F058F8C1
:108DD000201200F04FF8E0B200F04CF82449498826
:108DE000491EC1F30F2000F045F821498978491E3A
:108DF000C8B200F03FF839E01D48808845F21051B4
:108E0000884220D11A49488900F03AF8181200F037
:108E100031F817494989491C88B200F031F8D8B2B5
:108E200000F028F81249888900F02AF8201200F092
:108E300021F80F498989491C88B200F021F8E0B275
:108E400000F018F812E00A488079012804D1084897
:108E50000088401EC01A83B205494889194600F0AF
:108E60001FF803498889214600F01AF810BD000058
:108E70001E0A002001490880704700000008006CAD
:108E80000149088070470000FE07006C0248008915
:108E900002490880704700001E0A0020FE07006C8F
:108EA000024A1080921C118070470000FE07006C7F
:108EB00070B504460D4629462046FBF77EFF70BD7F
:108EC000C2684A40C260704708B50121402000F0E6
:108ED000A3F810208DF8030003208DF80200042071
:108EE000ADF8000069461448FBF7D1FE0820ADF844
:108EF000000069461048FBF7CAFE1020ADF80000DC
:108F000069460D48FBF7C3FE2020ADF80000694616
:108F10000948FBF7BCFE04210748FFF7C9FF0821F9
:108F20000548FFF7C5FF10210348FFF7C1FF2021C7
:108F30000148FFF7BDFF08BD0018014000BFFEE774
:108F40007047000070B5002100230F22C47804B3DD
:108F5000154C246804F4E064C4F5E064210AC1F10E
:108F60000403CA40447804FA03F18478144021438E
:108F700009010E4C0678A155047804F01F05012460
:108F8000AC4005786D11AD0005F1E025C5F8004154
:108F900009E0047804F01F050124AC40044D067874
:108FA000761145F8264070BD0CED00E000E400E0CD
:108FB00080E100E0014908627047000000000E42B5
:108FC00001460020034A506820F4404008435060A6
:108FD000704700000010024029B1064A526902435E
:108FE000044B5A6104E0034A52698243014B5A61BF
:108FF000704700000010024029B1064AD2690243BE
:10900000044BDA6104E0034AD2698243014BDA611E
:10901000704700000010024029B1064A92690243DD
:10902000044B9A6104E0034A92698243014B9A61BE
:1090300070470000001002400149086070470000BE
:109040004004424230B500210022002400232D4D6F
:109050006D6805F00C0121B1042905D0082923D140
:1090600005E0294D056022E0274D05601FE0254DF4
:109070006D6805F47012234D6D6805F48034022587
:1090800005EB92421CB9214D554305600BE01D4D87
:109090006D6805F400351DB11C4D5543056002E0B7
:1090A000194D5543056002E0174D056000BF00BF34
:1090B000144D6D6805F0F0010909154D6B5C0568EC
:1090C000DD4045600F4D6D6805F4E061090A104D03
:1090D0006B5C4568DD4085600A4D6D6805F4605144
:1090E000C90A0B4D6B5C4568DD40C560054D6D6878
:1090F00005F44041890B074D6B5CC568B5FBF3F582
:10910000056130BD0010024000127A0000093D00E8
:10911000680000207800002010B5014600220023DE
:1091200000204A11012A02D1094C236806E0022AD4
:1091300002D1074C236A01E0054C636A01F01F026B
:10914000012494401C400CB1012000E0002010BD1F
:109150000010024000210B4A11700A4A203A82F89E
:109160002010012802D0042808D103E00121054A7B
:10917000117004E00521034A117000E000BF00BF38
:10918000704700002010024001490860704700004D
:109190003C0442420249096A0143014A1162704794
:1091A00000100240024909888143014A118070473A
:1091B000042800400348008840F01000014908805E
:1091C0007047000004280040034800884FF6EF7104
:1091D00008400149088070470428004001460020EB
:1091E000064A12880A40D0B2044A121F12880A4066
:1091F00012B108B1012000E00020704704280040AF
:1092000010B50120FFF7EAFF20B10120FFF7CAFFE8
:1092100000F030F810BD000029B1064A1288024360
:10922000044B1A8004E0034A12888243014B1A80DF
:10923000704700000028004000B50246FFF7BAFF63
:10924000100C03490880091D0A80FFF7BDFF00BD0F
:109250001828004000B50246FFF7ACFFC2F30340F8
:1092600003490880091D0A80FFF7AEFF00BD00001A
:109270000828004000BF0348008800F020000028B4
:10928000F9D0704704280040074800884FF6F7716E
:1092900008400549088000BF0348008800F0080026
:1092A0000028F9D0704700000428004010B511488C
:1092B000007801281CD11048016810A000F0CCFDF6
:1092C00000200D4908600B490870124908701248C7
:1092D0001249086012480188124800F033F910481A
:1092E00001881048801C00F02DF90FA000F0B4FD9B
:1092F00010BD00004D00002044000020415050CA25
:10930000FDBEDDBDD3CAD5CDEAB3C93A25640D0A89
:10931000000000004C000020001804084800002055
:109320004E000020FCFF0708BACBB6D4CAFDBEDD54
:10933000CEDECEF3BAF3A3ACC7EBB0B4CFC2B8B4B1
:10934000CEBBB0B4BCFCBDF8D0D0CAFDBEDDB8FC0D
:10935000D0C20D0A000000000948007870B108482A
:109360000078401C0649087008460078642805DB30
:10937000012004490870002001490870704700006E
:109380004C0000204D00002008B501214FF0C050D6
:10939000FFF732FE03208DF8000001208DF8010058
:1093A00000208DF8020001208DF803006846FFF7C9
:1093B000C9FD0420FAF7FAFE4AF2A551884239D0D5
:1093C00001214FF0C050FFF717FE0120FFF7F2FD1B
:1093D000FAF7E4FE0120FFF7BDFE00BF4120FFF7D2
:1093E0009BFE0028FAD04FF48070FFF7D3FE0120D7
:1093F000FFF7CAFEFFF748FFFFF73CFF01210846D1
:10940000FFF70AFFFFF736FF47F6FF70FFF722FF6F
:10941000FFF730FF0DA000F01FFDFFF72BFF00202E
:10942000FFF70AFFFFF726FF4AF2A5510420FAF7DB
:10943000CBFE0AE00BA000F00FFDFFF725FF012196
:109440000846FFF7E9FEFFF715FF08BD0D0A205299
:10945000544320636F6E666967757265642E2E2EA5
:109460002E0000000D0A204E6F206E65656420748A
:109470006F20636F6E666967757265205254432E64
:109480002E2E2E0021B1028842F04002028004E01C
:1094900002884FF6BF731A400280704702460020D0
:1094A00013890B400BB1012000E0002070470146FA
:1094B000888970478181704710B50022028802F4C4
:1094C00041520B884C8823438C882343CC88234308
:1094D0000C8923434C8923438C892343CC89234320
:1094E0001A430280838B4FF2FF74234083830B8ADD
:1094F000038210BD2DE9F04104460E460025C6F357
:10950000CF27B4F1006F02D30D48844202D3FF206D
:10951000BDE8F081C4F30A0008B1FE20F8E7FBF7CC
:10952000EFFA002505E004EBC520FBF77FFA681C85
:1095300085B2BD42F7DBFBF7B9FA0020E8E700008F
:109540000000080870B504460D46FBF7D9FA294615
:109550002046FBF7B5FAFBF7A9FA70BD10B500F08D
:1095600001F810BD0CB50020019000903348006850
:1095700040F480303149086000BF3048006800F492
:10958000003000900198401C0190009818B9019893
:10959000B0F5A06FF1D12948006800F4003010B197
:1095A0000120009001E0002000900098012843D1A4
:1095B0002348006840F01000214908600846006810
:1095C00020F0030008600846006840F002000860D0
:1095D0001A4840681949486008464068486008468B
:1095E000406840F4806048600846406820F47C1081
:1095F00048600846406840F4E81048600846006843
:1096000040F08070086000BF0C48006800F00070F7
:109610000028F9D00948406820F003000749486055
:109620000846406840F00200486000BF03484068B8
:1096300000F00C000828F9D10CBD00000010024019
:109640000020024000B587B001210820FFF7E4FCAC
:1096500001218803FFF7D0FC4FF40050ADF818004B
:1096600003208DF81A0018208DF81B0006A9234846
:10967000FBF70DFB4FF40040ADF8180006A91F489A
:10968000FBF705FB4FF48040ADF8180004208DF87F
:109690001B0006A91948FBF7FAFA4FF48050ADF801
:1096A000180010208DF81B0006A91448FBF7EFFAEC
:1096B0000020ADF804004FF48270ADF806000020E1
:1096C000ADF808000220ADF80A000120ADF80C004A
:1096D0004002ADF80E000020ADF81000ADF8120009
:1096E0000720ADF8140001A90548FFF7E5FE0121A8
:1096F0000348FFF7C7FE07B000BD0000000C0140A3
:109700000038004010B500BFBF2080F31188BFF3C0
:109710004F8FBFF36F8F00BF1CF012F918B14FF0DD
:1097200080500449086000BF002080F3118800BF0A
:1097300010BD000004ED00E010B51348006840F0D3
:1097400001001149086008464068104908400E4968
:109750004860084600680E4908400B490860084602
:10976000006820F4802008600846406820F4FE006D
:1097700048604FF41F008860FFF7F0FE4FF0006074
:109780000449086010BD0000001002400000FFF80E
:10979000FFFFF6FE08ED00E070B50024002540F262
:1097A0002551164800F083F8012826D11348001DE2
:1097B0000088C4B21248007800F0010011490C542E
:1097C0000F48007800F0010078B108460078497829
:1097D00000EB012085B229460B480068FFF7B2FE76
:1097E00009480068801C0849086005480068401C5A
:1097F0000349086001200549087070BD0038014028
:109800004400002040000020480000204C000020C0
:1098100010B500242021164800F03CF8012818D18A
:109820001348001D0088C4B21248048004B93024D3
:10983000114801880088401C0F4A1080901C445435
:10984000811E0888C11700EB5151C912A0EBC1213C
:1098500011801021064800F01DF8012806D10448A7
:109860000088C4B20248001D0088C4B210BD0000C8
:109870000048004004380140F401002021B18289F1
:1098800042F40052828104E082894DF6FF731A404F
:109890008281704702460020B1F5007F00D100BFF1
:1098A00013880B400BB1012000E00020704770B519
:1098B0000246002400230025002040F66A16B1422B
:1098C00000D100BFC1F3421501F01F03012606FAC3
:1098D00003F3012D02D19689334006E0022D02D117
:1098E000168A334001E0968A33400C12012606FAAC
:1098F00004F41688344013B10CB1012000E00020BC
:1099000070BDF0B50346002400260025002040F677
:109910006A17B94200D100BF1846C1F3421401F0E2
:109920001F06012707FA06F5012C01D10C3004E0CF
:10993000022C01D1103000E014301AB107682F4317
:10994000076002E00768AF430760F0BD2DE9F0470C
:1099500086B005460E460024A24600BFA146002759
:10996000B08900B100BF2F462C8A4CF6FF7004402E
:10997000F08804432C82AC894EF6F3100440B08882
:1099800031890843718908430443AC81AC8A4FF69E
:10999000FF400440B0890443AC8201A8FFF752FBAA
:1099A0001F48874202D1DDF810A001E0DDF80CA0CD
:1099B000A88900F4004040B10AEBCA0000EB0A108D
:1099C00031684900B0FBF1F807E00AEBCA0000EB90
:1099D0000A1031688900B0FBF1F86420B8FBF0F0A0
:1099E00004012009642101FB1089A88900F40040CA
:1099F00040B1322000EBC900B0FBF1F000F00700ED
:109A0000044308E0322000EB09106421B0FBF1F0C0
:109A100000F00F0004432C8106B0BDE8F087000081
:109A200000380140C1F308028280704700BFFEE7A2
:109A300010B586B001210420FFF7EEFA18208DF84A
:109A4000170003208DF816004FF40070ADF81400D5
:109A500005A92848FBF71BF904208DF81700000220
:109A6000ADF8140005A92348FBF711F9012188037B
:109A7000FFF7D2FA4FF4E13001900020ADF810006A
:109A80000C20ADF80E000020ADF80C00ADF80A0077
:109A9000ADF8080001A91848FFF758FF012240F26D
:109AA00025511548FFF72DFF25200021002804DB54
:109AB0000A07130E114A135406E00A07140E104A3F
:109AC00000F00F031B1FD45400BF2520002809DB22
:109AD00000F01F02012191404209920002F1E022B0
:109AE000C2F8001100BF01210348FFF7C7FE06B00E
:109AF00010BD0000000801400038014000E400E013
:109B000018ED00E010B5044600BF40210448FFF7FF
:109B1000C1FE0028F9D021460148FFF783FF10BDA0
:109B20000038014010B586B001210820FFF774FA13
:109B300018208DF8170003208DF816004FF4806070
:109B4000ADF8140005A92B48FBF7A1F804208DF807
:109B500017004002ADF8140005A92648FBF797F856
:109B600001218804FFF748FA4FF4E130019000200A
:109B7000ADF810000C20ADF80E000020ADF80C0080
:109B8000ADF80A00ADF8080001A91B48FFF7DEFE9A
:109B9000012240F225511848FFF7B3FE012240F29E
:109BA00024411548FFF7ADFE27200121002804DBE2
:109BB0000A07130E114A135406E00A07140E104A3E
:109BC00000F00F031B1FD45400BF2720002809DB1F
:109BD00000F01F02012191404209920002F1E022AF
:109BE000C2F8001100BF01210348FFF747FE06B08D
:109BF00010BD0000000C01400048004000E400E0FF
:109C000018ED00E010B5044600BF40210448FFF7FE
:109C100041FE0028F9D021460148FFF703FF10BD9F
:109C20000048004000B585B001210805FFF7E4F9C0
:109C300001211020FFF7F0F918208DF81300032000
:109C40008DF812004FF48050ADF8100004A90E48B2
:109C5000FBF71DF84FF4165000900020ADF80C00F3
:109C60000820ADF80A000020ADF80800ADF80600A5
:109C7000ADF8040069460548FFF768FE0121034876
:109C8000FFF7FCFD05B000BD001001400050004092
:109C900010B547480078092813D2DFE800F0051313
:109CA000212F3D4B596779004FF47A7241A142A0B0
:109CB000FAF78AFE012804D13D480078401C3C494F
:109CC000087073E042F210723DA13FA0FAF77CFEEB
:109CD000012804D136480078401C3549087065E0F9
:109CE00042F2107233A13BA0FAF76EFE012804D1B4
:109CF0002F480078401C2E49087057E042F210723D
:109D00002CA138A0FAF760FE012804D12848007879
:109D1000401C2749087049E042F2107225A138A082
:109D2000FAF752FE012804D121480078401C20494E
:109D300008703BE042F210721EA13BA0FAF744FE0D
:109D4000012804D11A480078401C194908702DE0F8
:109D500042F2107238A139A0FAF736FE012804D178
:109D600013480078401C124908701FE04FF400614E
:109D70003648F9F795FA00203449891E088034489E
:109D8000FAF748FE0A480078401C094908700DE0BF
:109D900005F022FC4FF47A7200212EA0FAF714FE8F
:109DA000012802D100200249087000BF00BF10BD89
:109DB000520000204F4B000041540D0A00000000EB
:109DC000726561647900000041542B5253540D0AAE
:109DD0000000000041542B43574D4F44453D310D89
:109DE0000A00000041542B43574A41503D227879E4
:109DF00064222C223132333435363738220D0A00B2
:109E000041542B43495053544152543D22544350E2
:109E1000222C223131362E36322E38312E31333843
:109E2000222C38300D0A000041542B4349504D4F2D
:109E300044453D310D0A00003E00000041542B43D3
:109E4000495053454E440D0A00000000F601002021
:109E5000149402082B2B2B000FB4054B10B503A94B
:109E6000044A029803F0FEFA10BC5DF814FB0000EF
:109E700079470108E801002030B528B1144C031FD0
:109E8000002021680A4605E0084630BD9A4203D802
:109E900010465268002AF9D1002800D041680BD042
:109EA0000468A3EB0005A54204D11B681C440346CB
:109EB000046002E0436000E023603AB11C68D51AF8
:109EC000A54203D115682C441C6052685A6030BD0D
:109ED000EC0100202DE9F04782460F4C10480D4E52
:109EE0000E4F001B4FF0000820F007054FF001094E
:109EF0000022114650460BF0A1F9002802D130682B
:109F000010B10020BDE8F0873C60C4E90058C6F8F5
:109F10000090EDE7F0010020CC960020EC0100203D
:109F2000C8B6002002E008C8121F08C1002AFAD1F2
:109F300070477047002001E001C1121F002AFBD1C9
:109F4000704700002DE9FF5F82B00021DDE9043099
:109F5000020DDDF840B0034318D044F61050A2F2D1
:109F6000FF3242431514119801281FD0A5EB0B00B6
:109F7000401C5FEA000A4FF000064E4FDFF83891B0
:109F8000B046504615D5CAF1000413E011980124DB
:109F90004AA3012801D16FEA0B010298119AC0E986
:109FA0000031C0E9024206B0BDE8F09FCBF10000ED
:109FB000DFE704460021404A491842EB0450CDE94E
:109FC000001012E0E00707D032463B4640464946C3
:109FD000F9F715FC8046894632463B46104619463D
:109FE000F9F70DFC06460F466410002CEAD1DDE9B6
:109FF0000401DDE90023BAF1000F06DAF9F7FFFBEF
:10A0000042464B46F9F7FBFB05E0F9F76AFC42468E
:10A010004B46F9F766FC04460E460022284BF9F73A
:10A0200065FD03D84FF0FF30014607E00022254BC5
:10A0300020463146F9F73CFBF9F7E2FE102409E02F
:10A04000002C0ADB0A220023F9F7DAF8039B3032EE
:10A050001A55641E50EA0102F2D1641C039AC4F13D
:10A0600011031444119A012A03D0012208430DD18F
:10A070000AE0084304D000204FF0110B119072E762
:10A08000A3EB0B056D1E0DE05B4504DD4FF00002F8
:10A0900005F1010504E003DA4FF00002A5F1010526
:10A0A000002AECD002981199C0E90231C0E90045BC
:10A0B00079E70000000014400000F03F300000008D
:10A0C0000000F0430000E03F30380A2801D20120B0
:10A0D000704700207047000010B54021084801F08B
:10A0E00010FC002304221E21064815F0C5FA06497B
:10A0F000086003F04FFD00200449087010BD000007
:10A100004C59002081DC00086C010020680100200F
:10A110002DE9F04705460F4616461C46152E30D24F
:10A12000DFE806F00B3034495765839AAFCDD6F996
:10A13000F7F6F5F4F3F2F1F0EF0028460CF07CFBB3
:10A14000814600EBD9704FEA600A38460CF074FB88
:10A15000804600EBD870AAEB600000B22080284651
:10A160000CF013FB814600EBD9704FEA600A3846C9
:10A170000CF00BFB804600EBD870AAEB600000B23D
:10A1800060806AE100202080608066E128460CF053
:10A1900053FB814600EBD9704FEA600A38460CF059
:10A1A0004BFB804600EBD870AAEB600000B2208029
:10A1B0000020608051E128460CF03EFB8046384686
:10A1C0000CF03AFBA8EB000000B220800020608079
:10A1D00043E10020208028460CF0D7FA804638461C
:10A1E0000CF0D3FAA8EB000000B2608035E12846FD
:10A1F0000CF022FB814600EBD9704FEA600A38462A
:10A200000CF01AFB804600EBD870AAEB600000B29D
:10A21000208028460CF0B9FA804638460CF0B5FA92
:10A22000A8EB000000B2608017E128460CF004FBA8
:10A23000804638460CF000FBA8EB000000B22080FE
:10A2400028460CF0A2FA804638460CF09EFAA8EB9D
:10A25000000000B2608000E10020208028460CF061
:10A2600094FA814600EBD9704FEA600A38460CF048
:10A270008CFA804600EBD870AAEB600000B26080D8
:10A28000EBE028460CF0D8FA804638460CF0D4FAB9
:10A29000A8EB000000B2208028460CF076FA814638
:10A2A00000EBD9704FEA600A38460CF06EFA80462F
:10A2B00000EBD870AAEB600000B26080CDE0002017
:10A2C000208038460CF061FA404200B26080C4E061
:10A2D00028460CF0B1FA814600EBD9704FEA600ACB
:10A2E00038460CF0A9FA804600EBD870AAEB600063
:10A2F00000B2208038460CF048FA404200B260803C
:10A30000ABE09AE082E07AE067E04DE043E032E0E3
:10A310001AE012E0FFE728460CF08EFA8046384635
:10A320000CF08AFAA8EB000000B2208038460CF04E
:10A330002CFA404200B260808FE000202080284646
:10A340000CF023FA608088E028460CF075FA81460C
:10A3500000EBD9704FEA600A38460CF06DFA80467F
:10A3600000EBD870AAEB600000B2208028460CF009
:10A370000CFA608071E028460CF05EFA80463846A0
:10A380000CF05AFAA8EB000000B2208028460CF02E
:10A39000FCF9608061E038460CF04EFA404200B2B1
:10A3A00020800020608058E038460CF045FA40429A
:10A3B00000B2208028460CF0E8F9814600EBD97005
:10A3C0004FEA600A38460CF0E0F9804600EBD8709E
:10A3D000AAEB600000B260803FE038460CF02CFA37
:10A3E000404200B2208028460CF0CFF98046384623
:10A3F0000CF0CBF9A8EB000000B260802DE02846FD
:10A400000CF01AFA20800020608026E028460CF02C
:10A4100013FA208028460CF0B8F9814600EBD97079
:10A420004FEA600A38460CF0B0F9804600EBD8706D
:10A43000AAEB600000B260800FE028460CF0FCF947
:10A44000208028460CF0A1F9804638460CF09DF992
:10A45000A8EB000000B2608000BF00BF2088298800
:10A46000084400B2208060886988084400B2608097
:10A47000BDE8F08730B50346B1F90040B2F90050AD
:10A48000AC4202DDB1F9004001E0B2F900401C80AD
:10A49000B1F90240B2F90250AC4202DDB1F902401A
:10A4A00001E0B2F902405C80B1F90440B2F9045015
:10A4B000AC4202DAB1F9044001E0B2F904409C80F8
:10A4C000B1F90640B2F90650AC4202DAB1F90640E1
:10A4D00001E0B2F90640DC800120B3F90040B3F995
:10A4E0000450AC4205DCB3F90240B3F90650AC426B
:10A4F00000DD002030BDF8B504460D4616460027A5
:10A50000B4F90000B5F90010884212DBB4F902007A
:10A51000B5F9021088420CDBB4F90400B5F9041057
:10A52000884206DCB4F90600B5F90610884200DC62
:10A5300001270FB90020F8BD0EB90120FBE72088E4
:10A54000ADF800006088ADF8020032466946284642
:10A5500000F04CF808B90020EDE7A088ADF8000045
:10A560006088ADF8020032466946284600F03EF8A1
:10A5700008B90020DFE72088ADF80000E088ADF8DA
:10A58000020032466946284600F030F808B900203B
:10A59000D1E7A088ADF80000E088ADF802003246AF
:10A5A0006946284600F022F808B90020C3E70120D8
:10A5B000C1E70246B2F90000B1F90430984213DC59
:10A5C000B2F90400B1F9003098420DDBB2F9020093
:10A5D000B1F90630984207DCB2F90600B1F9023051
:10A5E000984201DB012070470020FCE72DE9FC5F69
:10A5F00005460E4614464FF0000AB6F90000B5F9BC
:10A600000010884213DBB6F90000B5F90410884247
:10A610000DDCB6F90200B5F90210884207DBB6F985
:10A620000200B5F90610884201DC4FF0010ABAF1C8
:10A63000000F02D10020BDE8FC9F002C01DC0120AE
:10A64000F9E728460CF0F8F8834600EBDB7047107A
:10A6500028460CF09AF8834600EBDB704FEA60085E
:10A66000474501DA384600E0404681464C4500DD6A
:10A670004C462888ADF800002888204400B2ADF888
:10A6800004006888ADF802006888204400B2ADF884
:10A690000600002231466846FFF7A8FF80B1BDF8EA
:10A6A0000400204400B2ADF80400BDF806002044C8
:10A6B00000B2ADF806003146684613F07FFDBAE7F8
:10A6C000E888001B00B2ADF80200E888ADF806008B
:10A6D000002231466846FFF789FF80B1BDF80400CB
:10A6E000204400B2ADF80400BDF80200001B00B227
:10A6F000ADF802003146684613F060FD9BE7A8887C
:10A70000001B00B2ADF80000A888ADF804000022DC
:10A7100031466846FFF76AFF80B1BDF80000001BB4
:10A7200000B2ADF80000BDF80200001B00B2ADF8A9
:10A7300002003146684613F041FD7CE76888ADF8B9
:10A7400002006888204400B2ADF8060000223146BD
:10A750006846FFF74BFF80B1BDF80000001B00B258
:10A76000ADF80000BDF80600204400B2ADF80600C8
:10A770003146684613F022FD5DE701205BE710B526
:10A78000B1F90030B2F90040A34202DAB1F9003069
:10A7900001E0B2F900300380B1F90230B2F90240B1
:10A7A000A34202DAB1F9023001E0B2F9023043808B
:10A7B000B1F90430B2F90440A34202DDB1F904302A
:10A7C00001E0B2F904308380B1F90630B2F90640F5
:10A7D000A34202DDB1F9063001E0B2F90630C380D0
:10A7E00010BD2DE9FF4F87B01C46DDE91478B8F1A4
:10A7F000020F02DA0BB0BDE8F08F07B9FAE701F0FB
:10A80000D1FF054628460CF07BFC814609F1100675
:10A81000D9F808000690686A10B12846696A884726
:10A8200004A8DDE90712FFF725FE8346BBF1000F00
:10A8300000D1DFE7BDF810003188401A00B2ADF852
:10A840001000BDF812007188401A00B2ADF8120075
:10A85000BDF814003188401A00B2ADF81400BDF8FC
:10A8600016007188401A00B2ADF81600CCB1287AF3
:10A8700000F00100A8B904A80BF0B4FF03904FF05A
:10A88000000A0AE014F80A00802801DDFF2000E039
:10A89000002004F80A000AF1010A03988245F1DB5E
:10A8A00000BF686948B1CDE90084029704AA304628
:10A8B000099B069909F079FE16E0169848B9CDE98A
:10A8C0000084029704AA3046099B069909F0A0FC6F
:10A8D0000AE01698CDE90084CDE9027004AA30465A
:10A8E000099B069909F0E2FB00BF83E72DE9FF4FC2
:10A8F00089B017461C46DDE91689B9F1020F02DA64
:10A900000DB0BDE8F08FB8F1000F00D1F8E707A84F
:10A91000DDE90912FFF7AEFD0690069800B9EFE7F2
:10A9200001F040FF054628460CF0EAFB82460AF19A
:10A930001006DAF808000590686A10B12846696ABE
:10A940008847BDF81C003188401A00B2ADF81C00E1
:10A95000BDF81E007188401A00B2ADF81E00BDF8A7
:10A9600020003188401A00B2ADF82000BDF8220066
:10A970007188401A00B2ADF82200CCB1287A00F0FC
:10A980000100A8B907A80BF02DFF04904FF0000BB1
:10A990000AE014F80B00802801DDFF2000E0002011
:10A9A00004F80B000BF1010B04988345F1DB00BFA9
:10A9B000686950B1CDE90079CDE9024807AA30466F
:10A9C0000A9B059915F030FE18E0189850B9CDE9AA
:10A9D0000079CDE9024807AA30460A9B059915F08F
:10A9E0004FFC0BE01898CDE90079CDE902480490BE
:10A9F00007AA30460A9B059915F086FB00BF7FE742
:10AA00002DE9FF5F814615F0D5F8039000200290F4
:10AA10006D49D9F80C0008600021484614F0E0FFA9
:10AA200069480068C06B60B9002167480068D0F8C9
:10AA3000780161F3194064490968C1F87801BDE8FB
:10AA4000FF9F13F045FE13F087FD5F480068D0F8C4
:10AA50007801C0F3094000287ED05B4800680CF004
:10AA600001FC00287FD058480068406900287AD14E
:10AA7000554800680CF044FB054613F057FF00BF33
:10AA8000A8690028FCD100274F490968B1F90010D6
:10AA9000480001F07DF80746D5F808A02968A868A5
:10AAA000884201D1686800E0286801904648006843
:10AAB0000CF03DFB0646002445E04348006800F5E5
:10AAC000AD70005DE8BB404800685A3030F9341082
:10AAD0003D4800685A3000EBC400B0F9020006FBA4
:10AAE00000104FEA4008384909685A3101EBC400A8
:10AAF0000BF071FE40000090334800685A3000EBC4
:10AB0000C400B0F902B012E0019800EB0801384629
:10AB1000009A01F03BF90AEB08003946009A01F06F
:10AB200035F908EB46080BF101000FFA80FB2648C7
:10AB300000685A3000EBC400B0F906005845E3DA6B
:10AB400000BF601C84B220480068D0F87801C0F3D0
:10AB50000940A042B1DC01E02FE004E017B1384623
:10AB600001F0C6F800BF4FF48071174800685A30F2
:10AB700001F0BEFA20211448006800F5AD7001F024
:10AB8000B7FA002110480068D0F8780161F3194045
:10AB90000D490968C1F87801039814F0FDFF02908F
:10ABA00009480068806940B1074800688369074820
:10ABB0000268054802990068984700F0BDFF00F060
:10ABC00007F800BF3BE700000C010020080100204F
:10ABD00010B50548006830B10348006810F022FF46
:10ABE00000200149086010BD8801002010B54421F3
:10ABF000014800F086FE10BD3459002010B5182120
:10AC0000014800F07EFE10BD585900202DE9FF4F8D
:10AC10008BB004469A46199DBAF1000F11D11898CD
:10AC2000B0F5807F0DD10020208060800C98401E00
:10AC300000B2A0800D98401E00B2E0800FB0BDE8C9
:10AC4000F08FB5F900004042189948430121C1EB4B
:10AC5000202000B22080B5F90200404218994843F4
:10AC60000121C1EB202000B26080B5F900100C98E2
:10AC7000401A18994843022101EB202000B2A0801D
:10AC8000B5F902100D98401A18994843022101EBBA
:10AC9000202000B2E080BAF1000F14D1208829886A
:10ACA000084400B2208060886988084400B260804F
:10ACB000A0882988084400B2A080E08869880844F8
:10ACC00000B2E080BAE70A209AFBF0F00A900A98F6
:10ACD000401C09900A9800EB8000AAEB400B0A98F0
:10ACE00000B202F003FA0890099800B202F0FEF9EF
:10ACF00007900A985A3000B202F0F8F906900998C5
:10AD00005A3000B202F0F2F90590CBF10A0108982E
:10AD10004143079800FB0B100A2190FBF1F6CBF1A1
:10AD20000A0106984143059800FB0B100A2190FB8D
:10AD3000F1F776117F11B4F90080B4F9029007FBA6
:10AD400008F006FB1900298801EBA02000B2ADF83D
:10AD5000100006FB08F007FB0900698801EBA02042
:10AD600000B2ADF81200B4F90480B4F9029007FB08
:10AD700008F006FB1900298801EBA02000B2ADF80D
:10AD80000C0006FB08F007FB0900698801EBA02016
:10AD900000B2ADF80E00B4F90080B4F9069007FBDC
:10ADA00008F006FB1900298801EBA02000B2ADF8DD
:10ADB000080006FB08F007FB0900698801EBA020EA
:10ADC00000B2ADF80A00B4F90480B4F9069007FBAC
:10ADD00008F006FB1900298801EBA02000B2ADF8AD
:10ADE000040006FB08F007FB0900698801EBA020BE
:10ADF00000B2ADF80600BDF90800BDF91010884298
:10AE000002DABDF9080001E0BDF91000BDF9041037
:10AE1000BDF90C20914202DABDF9041001E0BDF940
:10AE20000C1088420BDABDF90800BDF910108842F9
:10AE300002DABDF908000DE0BDF910000AE0BDF925
:10AE40000400BDF90C10884202DABDF9040001E0EB
:10AE5000BDF90C002080BDF90800BDF91010884232
:10AE600002DDBDF9080001E0BDF91000BDF90410D4
:10AE7000BDF90C20914202DDBDF9041001E0BDF9DD
:10AE80000C1088420BDDBDF90800BDF91010884296
:10AE900002DDBDF908000DE0BDF910000AE0BDF9C2
:10AEA0000400BDF90C10884202DDBDF9040001E088
:10AEB000BDF90C00A080BDF90A00BDF9121088424E
:10AEC00002DABDF90A0001E0BDF91200BDF9061071
:10AED000BDF90E20914202DABDF9061001E0BDF97C
:10AEE0000E1088420BDABDF90A00BDF91210884233
:10AEF00002DABDF90A000DE0BDF912000AE0BDF961
:10AF00000600BDF90E10884202DABDF9060001E024
:10AF1000BDF90E006080BDF90A00BDF9121088422B
:10AF200002DDBDF90A0001E0BDF91200BDF906100D
:10AF3000BDF90E20914202DDBDF9061001E0BDF918
:10AF40000E1088420BDDBDF90A00BDF912108842CF
:10AF500002DDBDF90A000DE0BDF912000AE0BDF9FD
:10AF60000600BDF90E10884202DDBDF9060001E0C1
:10AF7000BDF90E00E08000BF60E600002DE9F74F4C
:10AF800086B0044620680590B4F908100798A0EB35
:10AF90000108B4F90A100898A0EB0109E089B0F59E
:10AFA000807F13D1206B00FB08F0E16A01FB1901DF
:10AFB000606A00EBA10BE06A00FB08F0216B01FB6B
:10AFC0000901A06A00EBA10004902FE0A08980B9DC
:10AFD000A06B00FB08F04FEA6018A06B00FB09F0C3
:10AFE0004FEA6019606A00EB080BA06A48440490BD
:10AFF0001CE0A06B00FB08F04FEA6018A06B00FBA0
:10B0000009F04FEA6019206B00FB08F0E16A01FBD0
:10B010001901606A00EBA12BE06A00FB08F0216BCC
:10B0200001FB0901A06A00EBA12004904FEA2B2646
:10B0300004980712B4F90400B04203DC002009B000
:10B04000BDE8F08F002E01DA0020F8E7B4F9060021
:10B05000B84201DC0020F2E7002F01DA0020EEE721
:10B060003420005DC0F3800050B33420005DC0F395
:10B07000400078B90225B4F904007843684306FB20
:10B08000050A059800EB0A012A4604F1140000F0B5
:10B09000D1FF2CE00325B4F904007843684306FB94
:10B0A000050A6A1E059800EB0A0104F1140000F07D
:10B0B000C1FF0AEB0500401E0599095CA17516E069
:10B0C0004FF0000A0025208A03463AB231B20190BF
:10B0D00004F118000EF02CFA0290BDF80800A082CE
:10B0E0003AB231B204F118000EF082F9A0753420A2
:10B0F000005D00F0010060B1134800680290029802
:10B100000190A08ABDF80410884201D1002096E782
:10B1100000BFE07C08B9012091E70FFA8BF1A1870D
:10B12000049801B2E18731B24020015339B2422084
:10B130000153C4F844A084F84850204600F006F8B3
:10B14000039003987BE70000F05C02082DE9F04FC4
:10B150008DB00446D4F8009094F83C000C9094F81C
:10B160003E000B900C9870280BDA4FF0FF35B4F9C5
:10B1700040002844002800DA00250C988030C7B22F
:10B1800013E00C9890280EDD0125B4F94000284406
:10B19000B4F90410884200DB00250C98C0F1FF00D0
:10B1A0008030C7B201E00025FF270B9870280CDA29
:10B1B0004FF0FF36B4F942003044002800DA002690
:10B1C0000B98803000F0FF0815E00B9890280FDDF9
:10B1D0000126B4F942003044B4F90610884200DB7D
:10B1E00000260B98C0F1FF00803000F0FF0802E05D
:10B1F00000264FF0FF08A08A0A90A07D069000204C
:10B200000590049003903420005DC0F38000002876
:10B210005BD094F84800626C00FB052000EB09014C
:10B22000022209A800F012FFB4F9040094F84820A3
:10B230005043626C00FB062000EB0901022208A8C3
:10B2400000F004FFB4F9040094F848205043626C05
:10B2500000FB062294F8480000FB052000EB0901E2
:10B26000022207A800F0F2FE3420005DC0F3400087
:10B2700000287ED094F84800616C00FB051108445A
:10B28000401E19F800000590B4F9040094F8481025
:10B290004843616C00FB061194F848000844401EC6
:10B2A00019F800000490B4F9040094F848104843D9
:10B2B000616C00FB061194F8480000FB051108447E
:10B2C000401E19F80000039053E0208A0090B4F962
:10B2D00042204020005B284401B204F11800009B8A
:10B2E0000EF026F90990208A00904220005B30443D
:10B2F00002B2B4F9401004F11800009B0EF018F9E6
:10B300000890208A00904220005B304402B2402026
:10B31000005B284401B204F11800009B0EF008F90C
:10B3200007903420005DC0F3400010B3B4F9422010
:10B330004020005B284401B204F118000EF058F8D8
:10B3400005904220005B304402B2B4F9401004F191
:10B3500018000EF04DF804904220005B304402B219
:10B360004020005B284401B204F118000EF040F8C0
:10B370000390BA46BB463420005DC0F34000E0B302
:10B3800006987843C7F1FF0C059B03FB0C00C0F344
:10B39000072104987843C7F1FF0C039B03FB0C00C3
:10B3A000C0F3072201FB08F0C8F1FF0302FB030012
:10B3B000030AA375022905DC022A03DC00200DB074
:10B3C000BDE8F08F022901DC4FF00008022A01DC01
:10B3D0004FF0FF080698022801DC4FF0000A05989C
:10B3E000022801DC4FF0FF0A0498022801DC4FF02C
:10B3F000000B0398022803DC00E002E04FF0FF0B93
:10B4000003E0BA46BB46FF21A175BAF1000F02D195
:10B41000099802900BE0BAF1FF0F02D10A9802904E
:10B4200005E05246DDE909100BF0DBFB0290BBF1B1
:10B43000000F02D1079801900BE0BBF1FF0F02D182
:10B440000898019005E05A46DDE907100BF0C9FBAA
:10B450000190B8F1000F03D1BDF80400A0820FE005
:10B46000B8F1FF0F03D1BDF80800A08208E0424602
:10B47000DDE901100BF0B5FB0090BDF80000A082E3
:10B4800001209CE72DE9F05F0446B4F908000102B1
:10B490006162B4F90A000102A162B4F90C000A2148
:10B4A00090FBF1F56F1CB4F90C0005EB8501A0EBE6
:10B4B0004106684200B201F019FE8046784200B2AF
:10B4C00001F014FE8146C5F15A0000B201F00EFEF3
:10B4D0008246C7F15A0000B201F008FE8346C6F169
:10B4E0000A0000FB08F009FB06000A2190FBF1F1BD
:10B4F000E162C6F10A0000FB0AF00BFB06000A211C
:10B5000090FBF1F12163E06A4111E162206B41118E
:10B510002163A07C0EF091F93421095D60F30001F4
:10B5200034200155A07C0EF06BF93421095D60F3E5
:10B53000410134200155A07C042805D0A07C0528B9
:10B5400002D0A07C062807D13420005D20F0040042
:10B55000001D3421085505E03420005D20F0040171
:10B560003420015521682162A06920F0E000A0612B
:10B57000A17CA06961F30400A061A188A06961F3C6
:10B580009420A061E188A06961F35F50A061E08927
:10B5900000EBD071491001F5001191FBF0F2A263AC
:10B5A000FF21A175208AA082BDE8F09F2DE9F34715
:10B5B000804600244548008810B90020BDE8FC877B
:10B5C00043480668002514E005EBC50006EB800043
:10B5D000006A404988420ADD05EBC50006EB8000A1
:10B5E000006A401E05EBC50106EB81010862681C7C
:10B5F00085B2364800888542E6DB002523E0BDF8A9
:10B60000040005EBC50106EB81010989884218D1C8
:10B6100005EBC50006EB8000416840460EF066F879
:10B6200078B105EBC50006EB8004216A6069084427
:10B630002062206AB0F57A7F02DD4FF47A702062D2
:10B6400005E0681C85B2214800888542D7DB00BF31
:10B650000CB12046B2E7344601250DE005EBC500EC
:10B6600006EB8000006A216A884203DA05EBC50018
:10B6700006EB8004681C85B2144800888542EDDB27
:10B68000606810B120460EF0EDFC14F093FA81468C
:10B6900041462046019A0EF045FD074647B9242150
:10B6A000204600F025FD4FF000402062002085E795
:10B6B00000202062606918B9484614F06DFA606194
:10B6C000606908B901206061204677E71801002011
:10B6D000700100200100008010B51021134800F017
:10B6E00010F90EF0D3FC044600BF20460BF0E4FB3B
:10B6F00030B9224600230EA00BF0E4FB00BFFEE7AA
:10B7000000BF04B910BD0E4920460EF09FFD0D4943
:10B7100020460EF09DFD0C4920460EF09BFD0B4986
:10B7200020460EF091FD00BFECE7000064590020B8
:10B730004F7574206F66206D656D6F727900000023
:10B740009D980108559D01089D9F01086798010873
:10B7500010B5002108460EF0A7FE10BD2DE9FF41EF
:10B7600004460F4614B90BF0CFFC04460CB9BDE8F3
:10B77000FF813FB90021D4F8780161F31940C4F882
:10B780007801F4E70020ADF80800ADF80A00204683
:10B790000BF0CDFC401E00B2ADF80C0020460BF0C3
:10B7A0003EFD401E00B2ADF80E0002AA39466846C2
:10B7B000FEF760FE0646002E4CD0206918B169469F
:10B7C00020462269904700250BE004F15A0000EB67
:10B7D000C50100226846FEF78EFE00B1C7E7681C6F
:10B7E00085B2D4F87801C0F30940A842EDDCD4F862
:10B7F0007801C0F3094020280BDAD4F87811C1F39E
:10B80000094204F15A0101EBC20069460AF057FFF0
:10B8100011E00021D4F8780161F31940C4F87801EF
:10B82000D4F87811C1F3094204F15A0101EBC200C6
:10B8300002A90AF044FFD4F87801000C401CD4F8A7
:10B84000781160F31941C4F878110321E06A14F00B
:10B85000C7F800BF00BF8AE72DE9F04107460C4654
:10B8600015461E462946384600F00EF9AEB10022B4
:10B870002946204614F0D2FF29462046626814F07B
:10B88000BFFF606820B12A462046616814F0C6FFF9
:10B890006560A068B0B9A56014E029462046A2689A
:10B8A00014F0BCFF00222946204614F0A9FFA0682E
:10B8B00020B12A462046A16814F0A2FFA560606866
:10B8C00000B96560BDE8F0810146002001B148681B
:10B8D000704702460AB9002070470B461068001DE9
:10B8E00003441868F8E702460AB9002070470B467F
:10B8F000106803441868F9E70146002001B1886820
:10B900007047002242608260CA1C22F0030101607D
:10B91000704770B50446216801F1080010F016F870
:10B920000546A5B100222946204614F077FF294696
:10B930002046626814F064FF606820B12A46204601
:10B94000616814F06BFF6560A06800B9A5602846C7
:10B9500070BD2DE9F04106460D4606B115B900202F
:10B96000BDE8F0813046FFF7AFFFA84206D1304670
:10B97000FFF7CFFF044624BB0020F1E7316801F157
:10B9800008000FF0E3FF04460CB90020E8E7294661
:10B990003046FFF7A8FF074622463946304614F0E6
:10B9A0002FFF3A462146304614F038FF22462946FA
:10B9B000304614F033FF2A462146304614F020FF6B
:10B9C00000BF2046CCE770B50446216801F10800AD
:10B9D0000FF0BCFF0546A5B100222946204614F011
:10B9E0000FFF29462046A26814F018FFA06820B176
:10B9F0002A462046A16814F003FFA560606800B9DC
:10BA00006560284670BD014609B901207047486845
:10BA100018B9886808B90120F8E70020F6E72DE991
:10BA2000F04107460D461646B54201D1BDE8F0810A
:10BA30002EB131463846FFF756FF044603E038463C
:10BA4000FFF75AFF0446A54200D1EFE729463846E2
:10BA500000F01AF82A462146384614F0D1FE224654
:10BA60002946384614F0DAFE2A463146384614F0A4
:10BA7000D5FE32462946384614F0C2FE06B9BD60EE
:10BA800004B97D6000BFD1E72DE9F04104460D46C1
:10BA90002046FFF719FFA8420FD129462046FFF79D
:10BAA00018FF6060606810B90020A0602FE00022DD
:10BAB0002046616814F0B2FE29E02046FFF71CFF23
:10BAC000A8420FD129462046FFF70DFFA060A068CD
:10BAD00010B9002060601AE000222046A16814F02E
:10BAE0008FFE14E029462046FFF7FDFE0646294654
:10BAF0002046FFF7EEFE07463A463146204614F050
:10BB00007FFE32463946204614F088FE00BFBDE86D
:10BB1000F081F0B50446059D944201DB2846F0BD56
:10BB20008C4201DC1846FAE7571AEE1A601A704385
:10BB300090FBF7F01844F2E710B5002406E000206F
:10BB4000114901EBC4018871601CC4B2022CF6D308
:10BB5000002415E00D4850F8340078B10B4951F835
:10BB600034000FF05FFF0020084941F8340001EB7A
:10BB7000C4018871054901EBC4018880601CC4B20E
:10BB8000102CE7DB10BD0000980100207C5900203C
:10BB90002DE9F041054615B90020BDE8F081102DD2
:10BBA00015D8002411E0434800EBC400807900F070
:10BBB000010040B901203F4901EBC40188713D48B3
:10BBC00050F83400E9E7601CC4B2022CEBD34FF00C
:10BBD000FF3600242CE0384800EBC400807900F0E8
:10BBE000010018BB344800EBC4008088A8421DD374
:10BBF000314800EBC4008088A84208D101202E49BA
:10BC000001EBC40188712C4850F83400C5E7002EC0
:10BC100001DA66B20AE0284800EBC40080882649B1
:10BC200001EBC6018988884200DA66B2601CC4B2A2
:10BC3000102CD0DB002E08DB01201F4901EBC601D0
:10BC400088711D4850F83600A7E7002427E01A48FD
:10BC500000EBC400807900F00100F0B9164951F8FA
:10BC6000340029460FF01EFF07463FB900BF0022EF
:10BC7000134612480BF026F900BFFEE701200E49DB
:10BC800001EBC40188710C4901EBC4018D800A48A5
:10BC900040F8347050F834007FE7601CC4B2102CB8
:10BCA000D5DB00BF0022134605A00BF00BF900BF47
:10BCB000FEE70000980100207C59002084940208CF
:10BCC0004E6F2066726565206275666665722E200D
:10BCD000496E637265617365204C565F4D454D5FDB
:10BCE0004255465F4D41585F4E554D2E00000000B5
:10BCF000014600200CE0114A52F830208A4205D15A
:10BD000000220E4B03EBC0039A717047421CD0B265
:10BD10000228F0D300200CE0094A52F830208A4271
:10BD200005D10022064B03EBC0039A71EDE7421CDC
:10BD3000D0B21028F0DB00BFE7E700009801002038
:10BD40007C590020014609B900207047044881420F
:10BD500001D10020F9E70A1F10684008F5E700004C
:10BD6000900100200749084A1160114608680168DF
:10BD700021F00101016043F6FC32016862F35F01CA
:10BD8000016070479C5A00208C0100202DE9F04191
:10BD90000F46154601463A4601F0030602F0030C31
:10BDA000B4457DD0C2E092F8008081F80080491C43
:10BDB000521C92F8008081F80080491C521C92F8B5
:10BDC000008081F80080491C521C92F8008081F8A4
:10BDD0000080491C521C92F8008081F80080491CA8
:10BDE000521C92F8008081F80080491C521C92F885
:10BDF000008081F80080491C521C92F8008081F874
:10BE00000080491C521C92F8008081F80080491C77
:10BE1000521C92F8008081F80080491C521C92F854
:10BE2000008081F80080491C521C92F8008081F843
:10BE30000080491C521C92F8008081F80080491C47
:10BE4000521C92F8008081F80080491C521C92F824
:10BE5000008081F80080491C521C92F8008081F813
:10BE60000080491C521C92F8008081F80080491C17
:10BE7000521C92F8008081F80080491C521C92F8F4
:10BE8000008081F80080491C521C92F8008081F8E3
:10BE90000080491C521C92F8008081F8008000E06C
:10BEA00053E0491C521C92F8008081F80080491C24
:10BEB000521C92F8008081F80080491C521C92F8B4
:10BEC000008081F80080491C521C92F8008081F8A3
:10BED0000080491C521C92F8008081F80080491CA7
:10BEE000521C92F8008081F80080491C521C92F884
:10BEF000008081F80080491C521C92F8008081F873
:10BF00000080491C521C92F8008081F80080491C76
:10BF1000521C92F8008081F80080491C521C92F853
:10BF2000008081F80080491C521C203D202D3FF6E6
:10BF30003AAF06E092F8008081F80080491C521C5C
:10BF40006D1E002DF6D1BDE8F0816EB1C6F104067C
:10BF500007E092F8008081F80080491C521C761E90
:10BF60006D1E0EB1002DF4D10B46144630E0D4F80E
:10BF70000080C3F800801B1D241DD4F80080C3F886
:10BF800000801B1D241DD4F80080C3F800801B1DF9
:10BF9000241DD4F80080C3F800801B1D241DD4F894
:10BFA0000080C3F800801B1D241DD4F80080C3F856
:10BFB00000801B1D241DD4F80080C3F800801B1DC9
:10BFC000241DD4F80080C3F800801B1D241D203DD3
:10BFD000202DCCD806E0D4F80080C3F800801B1DCB
:10BFE000241D2D1F042DF6D81946224606E092F88E
:10BFF000008081F80080491C521C6D1E002DF6D176
:10C0000000BFA0E730B504460B4604E01D7825705C
:10C01000641C5B1C521E002AF8D130BD30B50446AA
:10C020000B4604E01D782570641C5B1C521E002A20
:10C03000F8D130BD30B504460B4604E01D782570BC
:10C04000641C5B1C521E002AF8D130BD30B504467A
:10C050000B4604E01D782570641C5B1C521E002AF0
:10C06000F8D130BD30B504460B4604E01D7825708C
:10C07000641C5B1C521E002AF8D130BDF0B5064688
:10C080000B46344604F003054DB1C5F1040503E049
:10C090002370641C521E6D1E0DB1002AF8D103EBF3
:10C0A000032707EB034707EB0361204610E001601D
:10C0B000001D0160001D0160001D0160001D016088
:10C0C000001D0160001D0160001D0160001D203A7F
:10C0D000202AECD802E00160001D121F042AFAD8C1
:10C0E000044602E02370641C521E002AFAD1F0BDFF
:10C0F00030B50446224602F0030353B1C3F10403F2
:10C1000004E000251570521C491E5B1E0BB100296E
:10C11000F7D1104611E000250560001D0560001DE7
:10C120000560001D0560001D0560001D0560001D07
:10C130000560001D0560001D20392029EBD803E0B3
:10C1400000250560001D091F0429F9D8024603E0F7
:10C1500000251570521C491E0029F9D130BD30B59B
:10C160000446224602F0030353B1C3F1040304E082
:10C17000FF251570521C491E5B1E0BB10029F7D11B
:10C18000104612E04FF0FF350560001D0560001DF0
:10C190000560001D0560001D0560001D0560001D97
:10C1A0000560001D0560001D20392029EAD804E043
:10C1B0004FF0FF350560001D091F0429F8D802461D
:10C1C00003E0FF251570521C491E0029F9D130BD2E
:10C1D0002DE9F04107460D4600240CE02146384683
:10C1E00010F017FD064606B907E0706865F3CB202E
:10C1F0007060601CC4B2402CF0DB00BF40240CE037
:10C200002146384610F005FD064606B907E070687D
:10C2100065F3CB207060601CC4B2FF2CF0DB00BF64
:10C22000BDE8F0812DE9FE4F05460E46144627462F
:10C230004FEA27294FF0000AA84626E0314640463B
:10C2400010F0E7FC00903146404610F04FFC83466A
:10C2500007EB0B2084B201AA2146009800F0EEFB08
:10C260008246BAF1010F04D1BDF804100846BDE8BA
:10C27000FE8F09F0800000B90AE00EB1002604E04C
:10C28000404610F0DDFB804600BFB8F1000FD5D16D
:10C2900000BF24F4FE44292C02D02A2C08D100E04F
:10C2A00000BF064800680090BDF800100846DEE7B1
:10C2B00000200290BDF808100846D8E7EC5C0208A0
:10C2C0002DE9FE4F06460F461546A8464FEA2820A0
:10C2D000029000200090B14613E13946484610F024
:10C2E00098FC0446A088C0F3C020002874D12079AF
:10C2F00000F03F0000286FDDA088C0F3802028B93F
:10C3000025F4FE423946484618F0C4FA4FF0000BB7
:10C3100025F4FE4030286AD024DC112875D010DCCA
:10C3200005285CD006DC012870D0022845D00428FE
:10C3300049D153E0062850D0072851D01028F7D112
:10C3400089E0162871D006DC12286FD013286ED031
:10C350001528EDD189E017286AD0182869D020283F
:10C36000E6D190E0602873D010DC402856D006DC7F
:10C37000312843D032286CD03328D9D147E0422825
:10C3800068D050285DD05428D2D182E048F2810292
:10C39000811A904219D009DC72287CD0912875D07E
:10C3A000A0F5004080380028C2D10DE0012979D0E5
:10C3B00002296FD01F297CD167E0A088C0F38030AC
:10C3C00008B14FF0010B74E000BF6068C0F340702B
:10C3D00008B14FF0010B6CE071E000BF00BF00BF7F
:10C3E000A088C0F3C03008B14FF0010B61E0606875
:10C3F000C0F3405008B14FF0010B5AE06068C0F341
:10C40000805008B14FF0010B53E025E012E0606866
:10C41000C0F3C05008B14FF0010B4AE06068C0F3B0
:10C42000006008B14FF0010B43E01FE015E015E09C
:10C430001DE01DE0A088C0F3003008B14FF0010BF3
:10C4400037E06068C0F3806008B14FF0010B30E066
:10C450001EE019E01BE000BF00BF00BF6068C0F332
:10C46000004008B14FF0010B23E000BF00BF00BF48
:10C470006068C0F3404008B14FF0010B19E00AE0DA
:10C4800004E00FE006E000BF00BF00BF00BF00BF38
:10C4900000BF00BF00BF6068C0F3804008B14FF02C
:10C4A000010B06E06068C0F3807008B14FF0010B2B
:10C4B00000BF00BFBBF1000F00D026E000BF39462F
:10C4C000484610F013FB824608EB0A2085B201AA09
:10C4D0002946204600F0FEFA00900098012803D17A
:10C4E000BDF90400BDE8FE8F029800F0800000B99D
:10C4F0000BE00FB1002704E0484610F0A1FA814696
:10C5000000BFB9F1000F7FF4E8AE00BF25F4FE458F
:10C51000222D10D004DC032D09D0072D10D10CE002
:10C52000312D02D0C02D0BD103E00F20DAE703201C
:10C53000D8E70720D6E7FF20D4E74FF48070D1E793
:10C540000020CFE72DE9FE4F06460F461446A046D1
:10C550004FEA2820029000200090B14668E039465A
:10C56000484610F056FB0546A888C0F3C0200028B6
:10C570003DD1287900F03F00002838DDA888C0F3BD
:10C58000802028B924F4FE423946484618F082F942
:10C590004FF0000B24F4FE402C280DD0A0F50040F5
:10C5A0000C3810B1A1281CD114E0A888C0F3403089
:10C5B00008B14FF0010B14E06868C0F3005010B1EF
:10C5C000FF20BDE8FE8F6868C0F3C04008B14FF09F
:10C5D000010B06E06868C0F3007008B14FF0010B72
:10C5E00000BF00BFBBF1000F00D024E000BF394600
:10C5F000484610F07BFA824608EB0A2084B201AA72
:10C600002146284600F0B2FA00900098012802D195
:10C610009DF80400D5E7029800F0800000B90AE018
:10C620000FB1002704E0484610F00AFA814600BF27
:10C63000B9F1000F93D100BF24F4FE442C2C06D096
:10C640006D2C06D0A4F50040AD3820B900E000BF45
:10C6500000BF0020B5E7FF20B3E700002DE9FE4F43
:10C6600006460F461446A0464FEA282002900020B6
:10C670000090B14660E03946484610F0CAFA0546D7
:10C68000A888C0F3C020A0BB287900F03F00002894
:10C6900031DDA888C0F3802028B924F4FE42394651
:10C6A000484618F0F7F84FF0000B24F4FE406E28CF
:10C6B0000DD07F2804D0A0F500408E38A0B90DE041
:10C6C0006868C0F3C06008B14FF0010B0CE0686807
:10C6D000C0F3406008B14FF0010B05E06868C00F7F
:10C6E00008B14FF0010B00BF00BFBBF1000F01D03C
:10C6F00025E000E000BF3946484610F0F7F98246D1
:10C7000008EB0A2084B201AA2146284600F07AFAF2
:10C7100000900098012802D10198BDE8FE8F029890
:10C7200000F0800000B90AE00FB1002704E048469D
:10C7300010F086F9814600BFB9F1000F9BD100BF10
:10C7400024F4FE447E2C06D0BE2C07D0A4F5004075
:10C750008E3828B900BF13F095F9DEE70148DCE711
:10C760000020DAE7549202082DE9F04106460F4610
:10C7700014461D463946304610F04BFA80462A468C
:10C780002146404600F04AFB002322463946304607
:10C7900018F038F824F4FE423946304611F09AF881
:10C7A000BDE8F08101480068704700000C010020DE
:10C7B000704730B50002002300BF9C1804FB04F54D
:10C7C000854200D823465208002AF6D1C3F30F153C
:10C7D0000D801D072D0E4D8030BD2DE9F041054621
:10C7E0000F4616463946284608F031FC0446002C10
:10C7F00003DA4FF0FF30BDE8F081A01C2A68111861
:10C8000002223046FFF70AFC2146284608F06CFC5D
:10C81000804608F07F00EEE72DE9F04105460F461F
:10C8200016463946284608F012FC0446002C03DA66
:10C830004FF0FF30BDE8F081A01C2A6811180222D9
:10C840003046FFF7EBFB2146284608F04DFC8046BA
:10C8500008F07F00EEE770B504460CB1206808B917
:10C86000002070BD002504E02946304608F0ACFBEE
:10C8700005462946204608F040FC0646FF28F3D12D
:10C88000A81C80B2EDE72DE9F04105460F4616469B
:10C890003946284608F0DBFB0446002C03DA4FF04B
:10C8A000FF30BDE8F081A01C2A6811180122304633
:10C8B000FFF7B4FB2146284608F016FC804608F036
:10C8C0007F00EEE72DE9F04105460F461646394652
:10C8D000284608F0BCFB0446002C03DA4FF0FF307A
:10C8E000BDE8F081A01C2A68111804223046FFF729
:10C8F00095FB2146284608F0F7FB804608F07F00AC
:10C90000EEE700002DE9F041044688460CB9BDE889
:10C91000F0814146204600F0C7F9207900F03F0041
:10C9200020B904200FF012F8054608E0227902F041
:10C930003F02521C910020680FF0B4F8054600BF7A
:10C9400028460AF0B9FA30B92A46002316A00AF0A0
:10C95000B9FA00BFFEE700BF05B9D8E70027207984
:10C96000C0F3C01008B1781CC7B22079C0F38010A2
:10C9700008B1781CC7B2207900F03F0606E0701EAF
:10C9800055F8200045F82600701EC6B2BE42F6DCFF
:10C9900045F827802079401C616860F305016160DB
:10C9A000256000BFB3E700004F7574206F66206DEF
:10C9B000656D6F727900000070B504462079C0F390
:10C9C000C01018B1204600F064F970BD04200EF0CC
:10C9D000BDFF054600BF28460AF06EFA30B92A4668
:10C9E000002312A00AF06EFA00BFFEE700BF0DB9E7
:10C9F0000020EAE7284612F05BFB29462046FFF7B5
:10CA000081FF606820F08000803060602079C0F392
:10CA1000801040B121680868216849682268116067
:10CA20002168486000BF2846CFE700004F7574209A
:10CA30006F66206D656D6F72790000002DE9FC5FF7
:10CA400004468A46164614B90020BDE8FC9F2068BB
:10CA500008B90020F9E74FEA2A2BD8464FF0FF39F2
:10CA600000200190002529E0E9B2204612F0C9FB20
:10CA7000009001AA51460098FFF7AFFE07464745D0
:10CA800004D1BDF8040030800120DEE72079C0F336
:10CA9000C01058B1002F09DB45B9A088C0F30020B1
:10CAA00020B9BDF8040030800120CEE74F4503DDFA
:10CAB000B946BDF804003080681C05B2207900F04A
:10CAC0003F00A842D0DCB9F1000F01DB0120BCE738
:10CAD0000020BAE72DE9FC5F04468A46164614B9E1
:10CAE0000020BDE8FC9F206808B90020F9E74FEA64
:10CAF0002A2BD8464FF0FF3900200190002529E06D
:10CB0000E9B2204612F07DFB009001AA5146009840
:10CB1000FFF782FE0746474504D1BDF90400308087
:10CB20000120DEE72079C0F3C01058B1002F09DBE7
:10CB300045B9A088C0F3002020B9BDF904003080B9
:10CB40000120CEE74F4503DDB946BDF90400308032
:10CB5000681C05B2207900F03F00A842D0DCB9F192
:10CB6000000F01DB0120BCE70020BAE72DE9FC5FE4
:10CB700004468A46164614B90020BDE8FC9F20688A
:10CB800008B90020F9E74FEA2A2BD8464FF0FF39C1
:10CB900000200190002529E0E9B2204612F031FB87
:10CBA000009001AA51460098FFF76DFE07464745E1
:10CBB00004D19DF8040030700120DEE72079C0F335
:10CBC000C01058B1002F09DB45B9A088C0F3002080
:10CBD00020B99DF8040030700120CEE74F4503DDF9
:10CBE000B9469DF804003070681C05B2207900F049
:10CBF0003F00A842D0DCB9F1000F01DB0120BCE707
:10CC00000020BAE72DE9FC5F04468A46164614B9AF
:10CC10000020BDE8FC9F206808B90020F9E74FEA32
:10CC20002A2BD8464FF0FF39002526E0E9B22046EE
:10CC300012F0E7FA009001AA51460098FFF742FE71
:10CC40000746474503D1019830600120E1E720798C
:10CC5000C0F3C01050B1002F08DB3DB9A088C0F36D
:10CC6000002018B9019830600120D2E74F4502DD5D
:10CC7000B94601983060681C05B2207900F03F0089
:10CC8000A842D3DCB9F1000F01DB0120C1E700208D
:10CC9000BFE701460879C0F3C01008B9002070470B
:10CCA00008680068FBE700002DE9F04704460F46DE
:10CCB000207900F03F0008B9BDE8F0874FF0000888
:10CCC000002509E0206850F82500B84202D14FF055
:10CCD000010806E0681CC5B2207900F03F00A842B8
:10CCE000F0DC00BFB8F1000F00D1E5E7207900F0DB
:10CCF0003F0001280DD120680EF094FE0020206036
:10CD0000606820F03F006060606820F04000606074
:10CD1000D2E7217901F03F01491E88000EF016FE8E
:10CD2000064600BF30460AF0C7F830B93246002345
:10CD300016A00AF0C7F800BFFEE700BF06B9BBE7C0
:10CD40000025A94611E0206850F82500B84200D11E
:10CD500009E0206850F825204846411C01F0FF09F1
:10CD600046F8202000BF681CC5B2207900F03F00C3
:10CD7000A842E8DC20680EF055FE2079401E61686C
:10CD800060F305016160266000BF95E74F75742070
:10CD90006F66206D656D6F727900000070B5044696
:10CDA00004B970BD2079C0F3801058B1204612F04C
:10CDB00017FA05462DB1284612F07CFA28460EF0E7
:10CDC00031FE00BF2079C0F3C01058B12046FFF7F4
:10CDD00060FF05462DB1284612F06CFA28460EF089
:10CDE00021FE00BF207900F03F00002802DD20680E
:10CDF0000EF018FE00202060606820F03F006060A8
:10CE0000606820F040006060606820F08000606032
:10CE1000606820F48070606000BFC2E72DE9F041D7
:10CE200004460D461646204607F018FF07463246D0
:10CE30002946384600F0A8F8BDE8F0812DE9F7470B
:10CE400081B00546BDF80810284608F000F90746ED
:10CE5000002F17DB3946284608F046F98146BDF811
:10CE600008004FEA102A4FEA4960B0EB4A6F08D138
:10CE700029683944881C022203A9FFF7CFF8BDE8CE
:10CE8000FF8700BF4FF00408FF20009002262846CD
:10CE9000FFF7E1FC04460CB9A01984B204EB0800CA
:10CEA00084B22146284615F0F4FE00B9E7E7296868
:10CEB0002144A1EB0801881B022202A9FFF7AEF86A
:10CEC00029682144891E881B022203A9FFF7A6F8BE
:10CED00029682144881B02226946FFF79FF800BF9A
:10CEE000CDE72DE9F74781B00546BDF80810284683
:10CEF00008F0ADF80746002F17DB3946284608F042
:10CF0000F3F88146BDF808004FEA102A4FEA49605D
:10CF1000B0EB4A6F08D129683944881C022203A962
:10CF2000FFF77CF8BDE8FF8700BF4FF00408FF2043
:10CF3000009002262846FFF78EFC04460CB9A01983
:10CF400084B204EB080084B22146284615F0A1FE05
:10CF500000B9E7E729682144A1EB0801881B0222F8
:10CF600002A9FFF75BF829682144891E881B022269
:10CF700003A9FFF753F829682144881B0222694658
:10CF8000FFF74CF800BFCDE72DE9F74781B0054624
:10CF9000BDF80810284608F05AF80746002F17DB9E
:10CFA0003946284608F0A0F88146BDF808004FEA47
:10CFB000102A4FEA4960B0EB4A6F08D1296839441A
:10CFC000881C012203A9FFF729F8BDE8FF8700BFED
:10CFD0004FF00308FF20009002262846FFF73BFC95
:10CFE00004460CB9A01984B204EB080084B22146AF
:10CFF000284615F04EFE00B9E7E729682144A1EB69
:10D000000801881B022202A9FFF708F829682144B9
:10D01000491E881B012203A9FFF700F82968214453
:10D02000881B02226946FEF7F9FF00BFCDE72DE914
:10D03000F74781B00546BDF80810284608F007F804
:10D040000746002F17DB3946284608F04DF8814681
:10D05000BDF808004FEA102A4FEA4960B0EB4A6F6A
:10D0600008D129683944881C042203A9FEF7D6FF99
:10D07000BDE8FF8700BF4FF00608FF2000900226A2
:10D080002846FFF7E8FB04460CB9A01984B204EB6C
:10D09000080084B22146284615F0FBFD00B9E7E7F9
:10D0A00029682144A1EB0801881B022202A9FEF78E
:10D0B000B5FF29682144091F881B042203A9FEF734
:10D0C000ADFF29682144881B02226946FEF7A6FFAE
:10D0D00000BFCDE710B518210348FEF712FC012070
:10D0E00012F062FB10BD0000105900200146002024
:10D0F0004FF4B47291FBF2F302FB1311002902DA30
:10D1000001F5B47211B25A2903DA134A32F9110047
:10D1100020E05A2908DBB42906DAC1F1B40211B2C1
:10D120000D4A32F9110015E0B4290BDBB1F5877F08
:10D1300008DAA1F1B40211B2074A32F811205242C2
:10D1400010B207E0C1F5B47211B2034A32F81120EF
:10D15000524210B270470000709202082DE9F0436D
:10D1600087B00446884691461F460E9D1CB9002094
:10D1700007B0BDE8F083B8F1000F01D10020F7E758
:10D1800005F0020010B905F0100078B1002000E0B1
:10D19000401C215C0A2905D0215C0D2902D0215CAC
:10D1A0000029F5D1215C01B1401CE1E705F0020046
:10D1B00008B147F6184700200690059037E0002098
:10D1C0000490059808B9012000E0002006A904AAEF
:10D1D000CDE90052CDE90210059960183B464A4658
:10D1E000414612F005FD06460498381A07B23EB9CA
:10D1F000059820B905A92046144A126890471BE0FB
:10D2000005983044059020780A2802D020780D280F
:10D2100000D111E00598205C0A2803D00598205C15
:10D220000D2803D10598401C059005E000BF059826
:10D23000205C08B1002FC2DC00BF059820B905A909
:10D240002046024A12689047059891E7C8010020DD
:10D250002DE9FF4F83B004460E469046DDF848B0F6
:10D26000DDF8409000202080608016B907B0BDE84E
:10D27000F08FB8F1000F00D1F8E70BF0020010B109
:10D2800047F6184011900025AA4600BFB8F80800DC
:10D2900087B22EE07019CDF800B04146119B069A76
:10D2A000FFF75CFF8244B4F9020038444844B0F50B
:10D2B000004F00D3DAE76088384400B260806088AD
:10D2C000484400B26080AAEB05017019CDF800B0A7
:10D2D0004246069B00F02CF80290B4F90010029828
:10D2E000814201DA029801E0B4F90000208055463D
:10D2F00000BF705D0028CDD16DB1681E305C0A287A
:10D3000003D0681E305C0D2805D1608807EB090149
:10D31000084400B26080608810B938B2608004E0D0
:10D320006088A0EB090000B2608000BF9EE70000AB
:10D330002DE9FE4F05460E4617469846DDF830A00B
:10D3400015B90020BDE8FE8F0FB90020FAE7287854
:10D3500008B90020F6E700200290002401907EB377
:10D3600026E002A92846174A1268904700900299C1
:10D3700068180021134A1268904783460AF001009A
:10D3800028B101A8009900F01FF800B110E05A463A
:10D39000384600990BF03AFE0FFA80F9B9F1000F08
:10D3A00005DD04EB090004B204EB080004B200BF81
:10D3B0000298B042D5D3002C02DDA4EB080004B2E1
:10D3C0002046BFE7C8010020024600200FA31B78BB
:10D3D0008B4211D113781BB90123137001200BE08C
:10D3E0001378012B02D10023137005E01378022B70
:10D3F00002D10023137001201378012B04D12029BE
:10D4000001D10223137001207047000023000000A7
:10D410002DE9F04781460E4614461F46DDF820A050
:10D4200035461BE0600800FB075529464846D047B3
:10D43000B0F1000809DD04F0010080F00100C0EB4C
:10D440005404E8190546064608E0B8F1000F02DA70
:10D450006408354602E02846BDE8F087002CE1D19B
:10D460000020F9E72DE9FF4F95B09B468946064617
:10D4700000250FE2252877D100242746F84A01210C
:10D48000059400E0044316F8013F203B01FA03F045
:10D490001042F7D130782A2811D06FF02F0330785E
:10D4A000A0F13002092A16D8059A44F0020402EBD2
:10D4B000820203EB42021044761C0590EFE759F814
:10D4C000042B0592002A03DA504244F400540590DC
:10D4D00044F00204761C30782E2816D116F8010F7D
:10D4E00044F004042A280DD06FF02F023078A0F108
:10D4F0003003092B09D807EB870302EB4303C71856
:10D50000761CF3E759F8047B761C30786C280FD032
:10D5100006DC4C2817D068280DD06A2814D104E006
:10D52000742810D07A280FD10DE044F400140AE0DA
:10D5300044F4801401E044F440147278824202D131
:10D5400004F58014761C761C307866280BD013DC2A
:10D55000582877D009DC002875D04528F6D0462811
:10D56000F4D047281AD19DE118E0632835D064280B
:10D5700079D0652812D195E1702873D008DC67282E
:10D58000F1D069286FD06E280DD06F2806D1B5E094
:10D5900073282CD0752875D0782874D05A461799DE
:10D5A00090476D1C75E1C4F30250022809D003288E
:10D5B0000DD0D9F8001004280DD00D6009F1040930
:10D5C00067E1D9F80010EA17C1E90052F6E7D9F887
:10D5D00000100D80F2E70D70F0E719F8041B8DF8CC
:10D5E000001000208DF80100EA46012003E059F800
:10D5F00004AB4FF0FF3061074FF0000102D40DE0A3
:10D6000008F101018846B9420FDA8045F8DB1AF8C3
:10D6100008100029F4D108E008F101018846814290
:10D62000FADB1AF808100029F6D105985B46A0EB42
:10D63000080721463846179A00F094FA284400EB70
:10D64000080507E04DE029E10DE01AF8010B5A4604
:10D6500017999047B8F10108F7D25B462146384642
:10D66000179A13E142E00A220092C4F302524FF0EB
:10D67000000A022A08D059F804CB032A4FEAEC71B9
:10D680000AD00DE029E02AE009F1070121F00702A4
:10D69000F2E802C1914609E00FFA8CFC4FEAEC7106
:10D6A000042A03D14FFA8CFC4FEAEC71002907DA07
:10D6B0000A460021DCF1000C61EB02012D2202E0A0
:10D6C000220504D52B228DF80420012203E0E20775
:10D6D00001D02022F7E7904659E00A2102E010220B
:10D6E0000DE010214FF0000A00910BE010224FF0E6
:10D6F000000A44F004040827009203E008224FF0D7
:10D70000000A0092C4F30252022A05D059F804CB51
:10D710000021032A08D009E009F1070121F00702DE
:10D72000F2E802C1914605E01FFA8CFC042A01D1FF
:10D730000CF0FF0C4FF00008220728D5702806D007
:10D74000009B83F0100353EA0A0305D00EE0402249
:10D750008DF80420012208E05CEA010206D03022A4
:10D760008DF804208DF8050002229046009B83F07E
:10D77000080353EA0A030AD15CEA010201D16207F5
:10D7800005D530228DF804204FF001087F1E58285F
:10D7900004D034A003900EA802900DE036A0F9E763
:10D7A00053466046009AF5F72BFD84460398825C49
:10D7B0000298401E029002705CEA0100F0D10298CB
:10D7C00006A9081A00F1200A600702D524F4803463
:10D7D00000E00127574502DDA7EB0A0000E000202A
:10D7E00000EB0A01009005984144401A0590E003BF
:10D7F00006D45B462146179A059800F0B3F9054414
:10D80000002706E001A85A46C05D179990476D1C95
:10D810007F1C4745F6DBE0030CD55B462146179A93
:10D82000059800F09FF9054404E030205A46179906
:10D8300090476D1C0099481E00900029F5DC08E017
:10D84000029802995A460078491C0291179990470C
:10D850006D1CBAF10001AAF1010AF1DC65E10000DA
:10D8600009280100303132333435363738396162B6
:10D87000636465660000000030313233343536377A
:10D8800038394142434445460000000000F058F951
:10D890000544761C307800287FF4ECAD19B028469A
:10D8A000BDE8F08F620700D4062709F1070222F0D5
:10D8B000070CFCE80223E14603F000485FEA080C8D
:10D8C00002D00FF2702C0DE05FEA045C02D50FF27B
:10D8D000682C07E05FEAC47C02D00FF2602C01E004
:10D8E000AFF2700C4FF0FF3823F00043CDF850C07A
:10D8F00065280CD006DC452809D046281DD04728CD
:10D900003DD13DE0662818D067287ED138E000215F
:10D91000112F01DB112000E0781CCDE9000106A9E0
:10D920000EA8FCF70FFBDDE90F010E9A0391002111
:10D93000009207F1010A04914DE04FF0004000977A
:10D94000CDE9011006A90EA8FCF7FCFADDE90F02EB
:10D9500003920E9B11990022DDF80CA00093049213
:10D9600011B9791C00EB010AB7EB0A0004D4C0F12D
:10D97000FF3007F1010A0490AAEB0700019044E090
:10D98000012F00DA01270021112F01DD112000E015
:10D990003846CDE9000106A90EA8FCF7D3FADDE967
:10D9A0000F010E9A0391002104910092BA462107BB
:10D9B0000CD40399514500DA8A46BAF1010F05DD0E
:10D9C000009AAAF10101515C302908D0B84202DA6C
:10D9D00010F1040F06DA0121CDE9011015E0AAF1DA
:10D9E0000101E9E7002805DC049901440491AAEB50
:10D9F000000102E0411C514500DD8A460499401AAD
:10DA0000401C01904FF000400290200704D4019880
:10DA1000504501DBCDF8048000208DF84F000298BE
:10DA20000DF14F07B0F1004F25D02B200E9002983A
:10DA30004FF0020800280CDA404202902D200E9090
:10DA400007E00A210298F6F785F83031029007F8CE
:10DA5000011DB8F10001A8F10108F2DC02980028CC
:10DA6000EFD1791E0E980870307800F0200040F059
:10DA7000450007F8020D12A8C01B00F10708149812
:10DA8000007800B1012000EB0A01019801EBE07180
:10DA900005984144401A401E0590E00306D45B46B9
:10DAA0002146179A059800F05DF80544149800780F
:10DAB00018B15A46179990476D1CE00324D55B4670
:10DAC0002146179A059800F04DF805441CE004988B
:10DAD000002807DBDDE90301884203DD0098405C94
:10DAE000179901E0179930205A469047049805F19C
:10DAF0000105401C04900198401E019004D12E2085
:10DB00005A46179990476D1CBAF10001AAF1010A13
:10DB1000DDDC05E017F8010B5A46179990476D1C9C
:10DB2000B8F10001A8F10108F4DC5B462146179A20
:10DB30000598ABE62D0000002B000000200000003F
:10DB40002DE9F041044600251E461746880404D4FA
:10DB500005E039462020B0476D1C641EF9D52846E3
:10DB6000BDE8F0812DE9F041044600251E469046AF
:10DB7000C80301D5302700E02027880404D505E03C
:10DB800041463846B0476D1C641EF9D52846BDE8AD
:10DB9000F081000010B50120084908700848FDF721
:10DBA00093FE28B900210748006811F019FF04E02E
:10DBB00004210448006811F013FF10BD6801002023
:10DBC0004C5900206C01002010B590B0044694F828
:10DBD0003A00C0F3400050B9208F002807DD208FA5
:10DBE0004FF6FF71884202D0208F401E2087208F81
:10DBF000E0B9206B30B1206BC0B194F83A00C0F3AB
:10DC0000400098B1402221466846FEF7BFF8214601
:10DC10001A48FDF739FF20460DF004FFFFF7BAFF61
:10DC2000039810B168460399884724E0606B40422E
:10DC3000A062206BF8B194F83A10C1F3400111B919
:10DC4000E16A4942A16294F83A104908C94394F83C
:10DC50003A2061F3410284F83A20A069216AA16167
:10DC6000206294F83A10C1F3400109B9E16B00E079
:10DC7000216B616200BF10B010BD00004C59002044
:10DC80002DE9F04180463948006811F085FF0646CD
:10DC90003748007880F00100354908703548FDF7B5
:10DCA00013FE044659E000203349087094F83A0006
:10DCB000C0F380002E490978884241D02C48017871
:10DCC00094F83A0061F3820084F83A00A06A871958
:10DCD000A06A002806DC002F04DBA06810B12046F3
:10DCE000A1688847A06A3044A062A06A002826DBA9
:10DCF000D4E90910884201DD606AA062206930B170
:10DD0000214604F1100022699047054605E02146AE
:10DD100004F1100008F026FC0546E069A84206D090
:10DD2000E561606818B129B2D4E900029047D4E9EE
:10DD30000910884202DB2046FFF746FF00BF00BF04
:10DD40000D48007820B10B48FDF7BEFD044604E005
:10DD500021460848FDF7BDFD0446002CA3D111F073
:10DD600029FF02490860BDE8F0810000640100203D
:10DD7000690100204C5900206801002070B504465C
:10DD80000D461646A06820B132462946A068FFF726
:10DD9000F5FF606820B1314628466268904707E089
:10DDA000206828B13246294602482368006898470F
:10DDB00070BD0000DC01002038B5524800681C30FE
:10DDC00011F078FA50480021C2684E4800681C30B3
:10DDD00011F0D7FA002009F09DF900EBC00101EB2A
:10DDE00000105030A02190FBF1F001280BDD002045
:10DDF00009F090F900EBC00101EB00105030A021B8
:10DE000090FBF1F000E0012004B2224600213D48E1
:10DE100000681C3011F0CCFA01220021394800685A
:10DE20001C3011F0B9FA37480068203011F042FA7E
:10DE3000354890F8200000F0020020B1334808F087
:10DE400075FD009003E0324808F070FD009000215D
:10DE50002C48009A0068203011F093FA002009F055
:10DE600059F900EBC00101EB00105030A02190FBEC
:10DE7000F1F001280BDD002009F04CF900EBC001A6
:10DE800001EB00105030A02190FBF1F000E00120E8
:10DE900004B2224600211B480068203011F088FAA5
:10DEA0000122002117480068203011F075FA15484A
:10DEB0000068243011F0FEF947F6FF720021114886
:10DEC0000068243011F00FFB002211460D48006855
:10DED000243011F0F0FA002211460A48006824307C
:10DEE00011F0B9FA0022114606480068243011F0FA
:10DEF000CAFA0022114603480068243011F0CFFA14
:10DF000038BD0000E00100209C960020D9D7D40045
:10DF10004D4945003EB56B480068283011F0CAF9FC
:10DF200047F6FF72002167480068283011F0DBFADD
:10DF3000FF22002163480068283011F0CFF96248C1
:10DF400090F8200000F0020020B1604808F0EEFCDC
:10DF5000009003E05E4808F0E9FC00900021594879
:10DF6000009A0068283011F0AEF95A480068029013
:10DF7000554890F8200000F0020020B1564808F003
:10DF8000D5FC009001E00298009000214D48009AD5
:10DF90000068283011F059FB4B480021C2684948FD
:10DFA0000068283011F028FA4748C0890246042149
:10DFB000009044480068283011F01EFA00221146F3
:10DFC00040480068283011F022FA7F2202213D48A3
:10DFD0000068283011F01BFA3B4890F8200000F050
:10DFE000200008B1002015E0002009F093F850212E
:10DFF00001EB4000A02190FBF1F0012809DD002099
:10E0000009F088F8502101EB4000A02190FBF1F0CD
:10E0100000E0012004B2224600212A48006828308E
:10E0200011F00DFA0022114626480068283011F040
:10E0300000FB4C22002123480068283011F0EDFA43
:10E04000204800682C3011F035F9FF2200211D48CE
:10E0500000682C3011F042F947F6FF720021194890
:10E0600000682C3011F03FFA17480021C2681548AB
:10E0700000682C3011F027F940F6880008F064FCA5
:10E080000246202100900F4800682C3011F01BF947
:10E090001048001D006801900B4890F8200000F027
:10E0A000020020B10D4808F041FC009001E0019809
:10E0B000009000210348009A00682C3011F0C5FA46
:10E0C0003EBD0000E00100209C960020D9D7D4007E
:10E0D0004D494500289302084F4031004F40410010
:10E0E000FEB5F848006811F0E5F8FF220021F54878
:10E0F000006811F0F3F8F44890F8200000F00200F6
:10E1000020B1F24808F012FC029003E0F04808F059
:10E110000DFC02900021EB48029A006811F0D3F840
:10E12000E94890F8200000F0020020B1E94808F02A
:10E13000FDFB029003E0E84808F0F8FB02900021A4
:10E14000E048029A006811F02BFADF4890F82000AE
:10E1500000F0020020B1DF4808F0E8FB029003E085
:10E16000DD4808F0E3FB02900021D648029A0068DF
:10E1700011F06BFAD34800260568D34890F82000C8
:10E1800000F0020020B1D34808F0D0FB029003E079
:10E19000D14808F0CBFB02900298019048F28A0027
:10E1A00040EA06212846019AFEF748FE00BFC5480E
:10E1B00000260568C448C068029048F28B0040EA17
:10E1C00006212846029AFEF739FE00BFBE4800210C
:10E1D0004269BC48006811F043FABA480068001D63
:10E1E00011F068F8002008F095FF502101EBC00005
:10E1F000A02190FBF1F0012809DD002008F08AFF42
:10E20000502101EBC000A02190FBF1F000E00120C3
:10E2100005B22A460021AB480068001D11F063F9E1
:10E22000FF220021A7480068001D11F057F8A648FA
:10E2300090F8200000F0020028B16FF07F4008F055
:10E2400075FB029003E0A54808F070FB02900021E6
:10E250009C48029A0068001D11F035F89A4890F821
:10E26000200000F0020020B19D4808F05FFB029002
:10E2700003E09C4808F05AFB029000219148029A62
:10E280000068001D11F036F88F4890F8200000F06B
:10E29000200038B98C480221C2688A480068001DF5
:10E2A00011F028F88848C089024604210290854868
:10E2B0000068001D11F01EF8002008F02BFF50210F
:10E2C00001EB4000A02190FBF1F0012809DD0020C6
:10E2D00008F020FF502101EB4000A02190FBF1F05D
:10E2E00000E0012005B22A46002176480068001DA2
:10E2F00011F023F873480068051D0026012733201C
:10E3000040EA06213A462846FEF7EBFD00BF6E487C
:10E3100090F8200000F0020020B16E4808F006FBE3
:10E32000029004E06FF07F4008F000FB02900021B3
:10E330006448029A0068001D11F032F96248002119
:10E34000426960480068001D11F08AF95E4890F843
:10E35000200000F0020020B15E4808F0E7FA0290C9
:10E3600004E06FF07F4008F0E1FA02900021554888
:10E37000029A0068001D11F068F9534890F82000D7
:10E3800000F0020020B1534808F0D0FA029004E0F7
:10E390006FF07F4008F0CAFA029000214948029AC3
:10E3A0000068001D10F0E1FF474890F8200000F0E1
:10E3B000020020B1474808F0B9FA029004E06FF07B
:10E3C0007F4008F0B3FA029000213E48029A0068AC
:10E3D000001D10F0D6FF012200213A480068001D00
:10E3E00010F0E6FF002008F0F5FE012816DC002002
:10E3F00008F090FEC0EB00105030A02190FBF1F02F
:10E40000012809DD002008F085FEC0EB0010503027
:10E41000A02190FBF1F61BE0012619E0002008F096
:10E4200079FEC0EB0010502101EB4000A02190FBD1
:10E43000F1F001280BDD002008F06CFEC0EB0010AD
:10E44000502101EB4000A02190FBF1F600E00126F5
:10E45000002008F05FFE502101EB4000A02190FB5E
:10E46000F1F0012809DD002008F054FE502101EBF5
:10E470004000A02190FBF1F000E00120304405B203
:10E480002A4600210F480068001D10F0FCFF002004
:10E4900008F0A0FE012829DC002008F03BFEC0EBBC
:10E4A00000105030A02190FBF1F001281CDD00206D
:10E4B00008F030FEC0EB00105030A02190FBF1F6C8
:10E4C0002EE00000E00100209C960020F3EFEA001F
:10E4D0005A4B4400423E3B00ECE9E70073625800AF
:10E4E000E3DDD600978A8000012619E0002008F0BD
:10E4F00011FEC0EB0010502101EB4000A02190FB69
:10E50000F1F001280BDD002008F004FEC0EB001044
:10E51000502101EB4000A02190FBF1F600E0012624
:10E52000002008F0F7FD502101EB4000A02190FBF6
:10E53000F1F0012809DD002008F0ECFD502101EB8D
:10E540004000A02190FBF1F000E00120304405B232
:10E550002A460021F8480068001D10F0A0FF0020A6
:10E5600008F038FE012816DC002008F0D3FDC0EBCF
:10E5700000105030A02190FBF1F0012809DD0020AF
:10E5800008F0C8FDC0EB00105030A02190FBF1F660
:10E590001BE0012619E0002008F0BCFDC0EB0010D4
:10E5A000502101EB4000A02190FBF1F001280BDD90
:10E5B000002008F0AFFDC0EB0010502101EB40003F
:10E5C000A02190FBF1F600E00126002008F0A2FD5A
:10E5D000502101EB4000A02190FBF1F0012809DD62
:10E5E000002008F097FD502101EB4000A02190FB96
:10E5F000F1F000E00120304405B22A460021CE4867
:10E600000068001D10F057FF002008F0E3FD01280E
:10E6100016DC002008F07EFDC0EB00105030A02179
:10E6200090FBF1F0012809DD002008F073FDC0EB3C
:10E6300000105030A02190FBF1F61BE0012619E0FC
:10E64000002008F067FDC0EB0010502101EB4000F6
:10E65000A02190FBF1F001280BDD002008F05AFD0D
:10E66000C0EB0010502101EB4000A02190FBF1F61F
:10E6700000E00126002008F04DFD502101EB400094
:10E68000A02190FBF1F0012809DD002008F042FDF7
:10E69000502101EB4000A02190FBF1F000E00120AF
:10E6A000304405B22A460021A3480068001D10F03E
:10E6B000D2FE002008F08EFD012816DC002008F0B4
:10E6C00029FDC0EB00105030A02190FBF1F0012893
:10E6D00009DD002008F01EFDC0EB00105030A02125
:10E6E00090FBF1F01BE0012019E0002008F012FD82
:10E6F000C0EB0010502101EB4000A02190FBF1F095
:10E7000001280BDD002008F005FDC0EB00105021B2
:10E7100001EB4000A02190FBF1F000E0012005B2E8
:10E720002A46002184480068001D10F0A0FE002247
:10E73000114681480068001D10F07BFF392200213E
:10E740007D480068001D10F068FF7B4800680C30B1
:10E7500010F0B0FD78480168091D00680C3010F019
:10E7600091FC764890F8200000F0020020B1744837
:10E7700008F0DCF8029003E0724808F0D7F8029045
:10E7800000216D48029A00680C3010F09CFD6B4827
:10E7900090F8200000F0020020B16B4808F0C6F8A5
:10E7A000029003E0694808F0C1F802900021624835
:10E7B000029A00680C3010F09DFD604890F820002F
:10E7C00000F0020020B1624808F0B0F8029003E0C7
:10E7D000604808F0ABF8029000215748029A0068A0
:10E7E0000C3010F0DDFE554890F8200000F00200DB
:10E7F00020B1574808F09AF8029003E0554808F015
:10E8000095F8029000214C48029A00680C3010F0F4
:10E810001CFF4A4890F8200000F0020020B14C484C
:10E8200008F084F8029003E04A4808F07FF802906C
:10E8300000214148029A00680C3010F096FD3F48D4
:10E8400090F8200000F0020020B1414808F06EF876
:10E85000029003E03F4808F069F802900021364832
:10E86000029A00680C3010F08CFD334800680830C4
:10E8700010F020FD314890F8200000F0020020B197
:10E88000354808F053F8029003E0344808F04EF899
:10E89000029010212848029A0068083010F013FDF9
:10E8A00026480121C26824480068083010F00BFD9A
:10E8B00033212248C06807F0DAFF02461121029096
:10E8C0001D480068083010F0FEFC1C4890F820003D
:10E8D00000F0020028B16FF07F4008F027F80290A6
:10E8E00003E01F4808F022F8029020211248029A03
:10E8F0000068083010F0E7FC002201210E48006893
:10E90000083010F01AFD33210C48C06807F0AFFF43
:10E9100002461221029008480068083010F0EAFC14
:10E92000064890F8200000F00200D8B140F6CC4034
:10E9300008F00AF8029019E0E00100209C960020FF
:10E94000D9D7D4004D494500EDE7DF0040404000F5
:10E950004F403100ADA8A500EEEEEE00574F490044
:10E9600073625800FC4807F0E1FF02901021FB4859
:10E97000029A0068083010F0BDFCF94890F82000B9
:10E9800000F0020020B1F74807F0D0FF029003E04A
:10E99000F14807F0CBFF02900121F048029A00688D
:10E9A000083010F0A7FCEE4890F8200000F00200BC
:10E9B00020B1EC4807F0BAFF029003E0E64807F008
:10E9C000B5FF02901121E548029A0068083010F066
:10E9D00091FCE34890F8200000F0020020B1E248EA
:10E9E00007F0A4FF029003E0DB4807F09FFF0290CE
:10E9F0002021DA48029A0068083010F07BFCD848E1
:10EA000090F8200000F0020020B1D64807F08EFFF9
:10EA1000029004E06FF07F4007F088FF0290102121
:10EA2000CE48029A0068083010F0BAFDCC4890F841
:10EA3000200000F0020028B16FF07F4007F076FF61
:10EA4000029004E06FF07F4007F070FF0290012118
:10EA5000C248029A0068083010F0A2FDC04890F841
:10EA6000200000F0020028B16FF07F4007F05EFF49
:10EA7000029004E06FF07F4007F058FF02901121F0
:10EA8000B648029A0068083010F08AFDB44890F841
:10EA9000200000F0020028B140F6AA2007F054FF41
:10EAA000029004E040F6991007F04EFF02902021FA
:10EAB000AA48029A0068083010F072FDA84890F841
:10EAC000200000F0020020B1A64807F02FFF0290BE
:10EAD00004E06FF07F4007F029FF029010219F486B
:10EAE000029A0068083010F040FC9D4890F8200021
:10EAF00000F0020028B16FF07F4007F017FF02908E
:10EB000004E06FF07F4007F011FF0290012193486D
:10EB1000029A0068083010F028FC914890F8200014
:10EB200000F0020028B16FF07F4007F0FFFE029076
:10EB300004E06FF07F4007F0F9FE02901121874852
:10EB4000029A0068083010F010FC854890F8200008
:10EB500000F0020028B140F6AA2007F0F5FE02906E
:10EB600004E040F6991007F0EFFE029020217B4868
:10EB7000029A0068083010F0F8FB2922002177483B
:10EB80000068083010F03DFD74480068103010F047
:10EB900091FB47F6FF72002170480068103010F0BA
:10EBA000A2FCFF2200216D480068103010F096FB97
:10EBB0006B4890F8200000F0020028B16FF07F4011
:10EBC00007F0B4FE029003E0684807F0AFFE029041
:10EBD00000216248029A0068103010F074FB60480F
:10EBE00090F8200000F00200B8B15D4890F82000D5
:10EBF00000F0020028B16FF07F4007F097FE01900F
:10EC000003E05A4807F092FE0190332254480199DC
:10EC1000C06808F084F8009016E0514890F8200091
:10EC200000F0020028B16FF07F4007F07FFE0290F5
:10EC300003E04E4807F07AFE02904C2248480299C1
:10EC4000C06808F06CF8009010214448009A0068F1
:10EC5000103010F038FB42480121C2683F4800687C
:10EC6000103010F030FB4C213D48C06807F0FFFD2C
:10EC700002461121029039480068103010F023FB41
:10EC8000374890F8200000F0020028B16FF07F4074
:10EC900007F04CFE029003E0344807F047FE029074
:10ECA00020212E48029A0068103010F00CFB2C48EE
:10ECB00090F8200000F0020028B140F6CC4007F0A8
:10ECC00043FE029004E040F6880007F03DFE02900B
:10ECD00021212248029A0068103010F0F4FA2048EE
:10ECE0000021C2681D480068103010F003FB1C486A
:10ECF0001021C26819480068103010F0FBFA18485B
:10ED000090F8200000F0020028B140F6880007F0DB
:10ED10001BFE029003E0164807F008FE0290202137
:10ED20000E48029A0068103010F0E4FA002008F053
:10ED3000F1F9502101EB4000A02190FBF1F00128F6
:10ED400018DD002008F0E6F9502101EB4000A02179
:10ED500090FBF1F00FE000006E655F00E001002025
:10ED60009C960020423E3B00E3DDD60073625800D3
:10ED700040404000012005B22A460021FE480068BC
:10ED8000103010F0DAFA00220121FB480068103040
:10ED900010F0BBFAF94890F8200000F0020020B112
:10EDA000F74807F0C3FD029004E06FF07F4007F0E2
:10EDB000BDFD02900021F048029A0068103010F06A
:10EDC000EFFBEE4890F8200000F0020020B1EC4884
:10EDD00007F0ACFD029004E06FF07F4007F0A6FD65
:10EDE00002901021E448029A0068103010F0D8FB1D
:10EDF0006FF07F4007F09AFD024601210290DE4845
:10EE00000068103010F0CCFB6FF07F4007F08EFDF3
:10EE1000024611210290D8480068103010F0C0FB63
:10EE2000D64890F8200000F0020020B1D54807F045
:10EE30007DFD029003E0D34807F078FD0290202189
:10EE4000CD48029A0068103010F0AAFBCB4890F829
:10EE5000200000F0020020B1C94807F067FD0290D1
:10EE600004E06FF07F4007F061FD02900021C2488E
:10EE7000029A0068103010F078FAC04890F820002C
:10EE800000F0020020B1BE4807F050FD029004E0FF
:10EE90006FF07F4007F04AFD02901021B648029AB9
:10EEA0000068103010F061FA6FF07F4007F03EFD0F
:10EEB000024610210290B0480068103010F055FA58
:10EEC0006FF07F4007F032FD024611210290AA4800
:10EED0000068103010F049FAA84890F8200000F0BF
:10EEE000020020B1A74807F021FD029003E0A548E9
:10EEF00007F01CFD029020219F48029A0068103004
:10EF000010F033FA9D4890F8200000F0020020B184
:10EF10009B4807F00BFD029004E06FF07F4007F084
:10EF200005FD029000219448029A0068103010F00C
:10EF30008CFB924890F8200000F0020020B190482D
:10EF400007F0F4FC029004E06FF07F4007F0EEFC65
:10EF5000029010218848029A0068103010F075FB6A
:10EF60006FF07F4007F0E2FC0246012102908248E8
:10EF70000068103010F069FB6FF07F4007F0D6FC9E
:10EF80000246112102907C480068103010F05DFBB1
:10EF90007A4890F8200000F0020020B1794807F08C
:10EFA000C5FC029003E0774807F0C0FC02902021E6
:10EFB0007148029A0068103010F047FB002008F0FA
:10EFC000A9F800EB8000502101EBC000A02190FBCC
:10EFD000F1F001280BDD002008F09CF800EB800028
:10EFE000502101EBC000A02190FBF1F000E00120D6
:10EFF00005B22A46002160480068103010F043FA3C
:10F00000002008F087F800EB8000502101EBC000E1
:10F01000A02190FBF1F001280BDD002008F07AF828
:10F0200000EB8000502101EBC000A02190FBF1F02B
:10F0300000E0012005B22A4600214F480068103048
:10F0400010F02DFA002008F065F8C0EB00105030E9
:10F05000A02190FBF1F0012809DD002008F05AF80A
:10F06000C0EB00105030A02190FBF1F000E0012037
:10F0700005B22A46002140480068103010F01BFA03
:10F08000002008F047F8C0EB00105030A02190FBA2
:10F09000F1F0012809DD002008F03CF8C0EB001079
:10F0A0005030A02190FBF1F000E0012005B22A468B
:10F0B000002131480068103010F0CDF9002008F030
:10F0C00029F800EB8000502101EB8000A02190FB8B
:10F0D000F1F001280BDD002008F01CF800EB8000A7
:10F0E000502101EB8000A02190FBF1F000E0012015
:10F0F00005B22A46002120480068103010F0B7F908
:10F100001E4890F8200000F0200008B1002015E013
:10F11000002007F0FFFF502101EB4000A02190FBF1
:10F12000F1F0012809DD002007F0F4FF502101EB88
:10F130004000A02190FBF1F000E0012005B22A463A
:10F1400000210D480068103010F079F900221146B6
:10F1500009480068103010F05AF97F220221064851
:10F160000068103010F053F904480021C2680248CA
:10F170000068103008E00000E00100209C960020AC
:10F180004F4031008888880010F036F97248C089F5
:10F1900002460421029071480068103010F02CF9EA
:10F1A000002211466D480068103010F042FA6B489A
:10F1B000006800F1100500263C27B52040EA062132
:10F1C0003A462846FDF78DFE00BF292200216348FC
:10F1D0000068103010F015FA4C2200215F480068DA
:10F1E000103010F01AFA002211465C480068103006
:10F1F00010F0FBF90022102158480068103010F080
:10F20000F4F956480068143010F054F8002007F064
:10F21000E1FF01281ADC002007F07CFF00EB8000F2
:10F22000502101EB8000A02190FBF1F001280BDDC3
:10F23000002007F06FFF00EB8000502101EB800001
:10F24000A02190FBF1F01BE0012019E0002007F065
:10F2500061FF00EB8000502101EBC000A02190FB7A
:10F26000F1F001280BDD002007F054FF00EB8000D7
:10F27000502101EBC000A02190FBF1F000E0012043
:10F2800005B22A46002135480068143010F0EFF826
:10F2900032480068183010F00DF8002007F09AFF8F
:10F2A00001281ADC002007F035FF00EB8000502118
:10F2B00001EB4000A02190FBF1F001280BDD0020C4
:10F2C00007F028FF00EB8000502101EB4000A02157
:10F2D00090FBF1F01BE0012019E0002007F01AFF7D
:10F2E00000EB8000502101EB8000A02190FBF1F0A9
:10F2F00001280BDD002007F00DFF00EB80005021FE
:10F3000001EB8000A02190FBF1F000E0012004B2AD
:10F310002246002111480068183010F0B4F8224647
:10F3200000210E480068183010F0B9F8224600217C
:10F330000A480068183010F0BEF82246002107483D
:10F340000068183010F087F8224600210348006852
:10F35000183010F08CF8FEBD9C960020E0010020D3
:10F36000F0B51446032B19D10423082C15D2DFE87D
:10F3700004F00406080A0C0E101200240DE002240A
:10F380000BE0042409E0062407E0092405E00B242F
:10F3900003E00D2401E00F2400BF00BFC1F3CF0242
:10F3A00001F00701C1F10806F11A01269E40761E00
:10F3B000F5B2865CEF438F403E408654865C04FA8B
:10F3C00001F73E438654F0BD70477047014609B1CE
:10F3D000086808B90020704719B1D1E901209042AE
:10F3E00001D30846F7E702E08868401C886041B115
:10F3F000D1E90120904204D28A680868805C202804
:10F40000F2DDD1E90120904202D18868401E886077
:10F410000846E0E770B50446002522E02568A0898B
:10F4200000F4807020B9A06810B1A068FFF7F2FF67
:10F43000A08900F4807028B9206918B10A4A2069AF
:10F4400051688847A08900F4007028B9206A18B173
:10F45000054A206A51688847034841682046884722
:10F460002C46002CDAD170BD5C00002070B505463A
:10F470000C46002C01DA002070BD2146284605F01C
:10F4800025FCF9E701460022002309B90020704756
:10F490008A6801E05B1C1268002AFBD11846F6E777
:10F4A00070B504460D4600222946204605F094FD1D
:10F4B00070BD70B5044628202168884705461DB1F7
:10F4C00028212846F3F7ECFE284670BD10B5044607
:10F4D00000221146204600F06BF810BD2DE9F047E0
:10F4E0008AB004460E46154698461C2103A8F3F739
:10F4F000D7FE002700202C490860486004B106B9F7
:10F5000032E00394049600200590284A07CA07AB0E
:10F5100007C32648FFF7CDFF074607B924E003A835
:10F5200013F032F98246FFF751FF814649463846CB
:10F5300011F020FF00B917E0B8F1000F0BD003A8BD
:10F54000FFF744FFDDE90410884203D205990398D0
:10F55000405C00B108E01DB105990398084428609B
:10F5600038460AB0BDE8F08717B13846FFF752FFBA
:10F57000C4B1019400200290DDE90410884202D257
:10F580000598029004E0049810B10498401E02907F
:10F590001DB1DDE90101084428600348DDE90112DD
:10F5A00006C000BF0020DCE7540000205C00002003
:10F5B0002DE9F04104460D46164614B90020BDE879
:10F5C000F0812046F3F789FE471C33462A46394628
:10F5D0002046FFF783FFF2E72DE9F0412748FFF7C8
:10F5E00075FF04461CB926A0FAF736FC41E028A0B6
:10F5F000FAF732FC2BA12046FFF752FF05461DB952
:10F600002AA0FAF729FC33E02846FFF73BFF07461C
:10F6100039462BA0FAF720FC00212846FFF726FFE9
:10F6200006461EB92FA0FAF717FC20E033A130469A
:10F63000FFF736FF804632A14046FFF731FF0769EA
:10F64000394631A0FAF708FC32A14046FFF728FFFF
:10F650000769394631A0FAF7FFFB33A14046FFF7AF
:10F660001FFF0769394633A0FAF7F6FB00BF00BF5A
:10F6700000BF2046FFF7CEFEBDE8F081F601002076
:10F68000636A736F6E526F6F74204572720D0A0059
:10F69000636A736F6E526F6F742053756363657323
:10F6A000730D0A00726573756C747300636A736F0F
:10F6B0006E526573756C7473204572720D0A00008A
:10F6C000636A736F6E526573756C747320537563E0
:10F6D000636573732C4172722073697A653A25648D
:10F6E0000D0A0000636A736F6E526573756C7473F4
:10F6F0005F30204572720D0A000000006E6F7700C7
:10F700007465787400000000746578743A25730D90
:10F710000A000000636F646500000000636F6465A9
:10F720003A25730D0A00000074656D70657261748E
:10F730007572650074656D3A25730D0A000000004E
:10F7400010B586B0F748006834300FF0B3FD0022E2
:10F750001146F448006834300FF0ADFE002007F089
:10F7600039FD012816DC002007F0D4FCC0EB0010A6
:10F770005030A02190FBF1F0012809DD002007F0B6
:10F78000C9FCC0EB00105030A02190FBF1F01BE051
:10F79000012019E0002007F0BDFCC0EB0010502153
:10F7A00001EB4000A02190FBF1F001280BDD0020CF
:10F7B00007F0B0FCC0EB0010502101EB4000A0218D
:10F7C00090FBF1F000E0012004B222460021D54870
:10F7D000006834300FF057FE002007F0FBFC0128D2
:10F7E00016DC002007F096FCC0EB00105030A02182
:10F7F00090FBF1F0012809DD002007F08BFCC0EB45
:10F8000000105030A02190FBF1F01BE0012019E026
:10F81000002007F07FFCC0EB0010502101EB4000FE
:10F82000A02190FBF1F001280BDD002007F072FC15
:10F83000C0EB0010502101EB4000A02190FBF1F043
:10F8400000E0012004B222460021B64800683430AE
:10F850000FF025FE00221146B248006834300FF048
:10F86000FAFD002007F0B6FC012816DC002007F0A6
:10F8700051FCC0EB00105030A02190FBF1F00128AA
:10F8800009DD002007F046FCC0EB00105030A0213D
:10F8900090FBF1F01BE0012019E0002007F03AFC9A
:10F8A000C0EB0010502101EB4000A02190FBF1F0D3
:10F8B00001280BDD002007F02DFCC0EB00105021CB
:10F8C00001EB4000A02190FBF1F000E0012004B228
:10F8D000224600219348006834300FF081FD00205B
:10F8E00007F078FC012816DC002007F013FCC0EBC1
:10F8F00000105030A02190FBF1F0012809DD00201C
:10F9000007F008FCC0EB00105030A02190FBF1F094
:10F910001BE0012019E0002007F0FCFBC0EB001009
:10F92000502101EB4000A02190FBF1F001280BDDFC
:10F93000002007F0EFFBC0EB0010502101EB40006E
:10F94000A02190FBF1F000E0012004B2224600214A
:10F950007448006834300FF037FD73480068059034
:10F96000724890F8200000F0020020B1704806F0C4
:10F97000DDFF009001E00598009010216948009A91
:10F98000006834300FF00CFE6648006838300FF025
:10F9900091FC664890F8200000F0020020B1654814
:10F9A00006F0C4FF009004E040F6EE6006F0CCFFE5
:10F9B000009000215B48009A006838300FF0F0FD9D
:10F9C000002007F007FC012816DC002007F0A2FB4E
:10F9D000C0EB00105030A02190FBF1F0012809DDB0
:10F9E000002007F097FBC0EB00105030A02190FBE7
:10F9F000F1F01BE0012019E0002007F08BFBC0EBC9
:10FA00000010502101EB4000A02190FBF1F00128F3
:10FA10000BDD002007F07EFBC0EB0010502101EB56
:10FA20004000A02190FBF1F000E0012004B222464A
:10FA300000213C48006838300FF025FD002007F019
:10FA4000C9FB012816DC002007F064FBC0EB0010A6
:10FA50005030A02190FBF1F0012809DD002007F0D3
:10FA600059FBC0EB00105030A02190FBF1F01BE0DF
:10FA7000012019E0002007F04DFBC0EB00105021E1
:10FA800001EB4000A02190FBF1F001280BDD0020EC
:10FA900007F040FBC0EB0010502101EB4000A0211B
:10FAA00090FBF1F000E0012004B2224600211D4845
:10FAB000006838300FF0F3FC002007F08BFB0128C2
:10FAC00016DC002007F026FBC0EB00105030A02110
:10FAD00090FBF1F0012809DD002007F01BFBC0EBD3
:10FAE00000105030A02190FBF1F026E0012024E02E
:10FAF000002007F00FFBC0EB0010502101EB40008D
:10FB0000A02190FBF1F0012816DD002007F002FB98
:10FB1000C0EB0010502101EB4000A02190FBF1F060
:10FB20000BE00000E0010020449302089C960020B6
:10FB3000888888004F403100012004B2224600210D
:10FB4000C548006838300FF086FCC3480068303084
:10FB50000FF0B0FB002007F0DDFA502101EB800030
:10FB6000A02190FBF1F0012809DD002007F0D2FA76
:10FB7000502101EB8000A02190FBF1F000E001207A
:10FB800004B222460021B448006830300FF0ABFCCC
:10FB9000B24800680490B24890F8200000F00200DB
:10FBA00020B1B04806F0C2FE009001E00498009039
:10FBB0000121A948009A006830300FF0F1FCA748F5
:10FBC000001D006803902021A348039A006830308C
:10FBD0000FF0E6FCA24890F8200000F0020008B107
:10FBE000332000E06620024601219B480068303047
:10FBF0000FF074FB332210219748006830300FF06B
:10FC00006DFBFF2202219448006830300FF066FB44
:10FC1000924808300068029002218F48029A0068DA
:10FC200030300FF0BDFC8E480221C2688A4800685F
:10FC300030300FF048FB89480C300068019088484C
:10FC400090F8200000F0020020B1874806F06EFE18
:10FC5000009001E00198009000217F48009A006820
:10FC600030300FF030FB7E480121C2687A480068CE
:10FC700030300FF028FB0222012177480068303035
:10FC80000FF05BFB042201217348006830300FF055
:10FC900048FB73480121C2686F48006830300FF09C
:10FCA00029FB002007F036FA00EB40005030A0217D
:10FCB00090FBF1F0012809DD002007F02BFA00EBA2
:10FCC00040005030A02190FBF1F000E0012004B290
:10FCD000224600216048006830300FF0C8FB002049
:10FCE00007F078FA012816DC002007F013FAC0EBC1
:10FCF00000105030A02190FBF1F0012809DD002018
:10FD000007F008FAC0EB00105030A02190FBF1F092
:10FD10001BE0012019E0002007F0FCF9C0EB001007
:10FD2000502101EB4000A02190FBF1F001280BDDF8
:10FD3000002007F0EFF9C0EB0010502101EB40006C
:10FD4000A02190FBF1F000E0012004B22246002146
:10FD50004148006830300FF096FB002007F03AFA77
:10FD6000012816DC002007F0D5F9C0EB0010503058
:10FD7000A02190FBF1F0012809DD002007F0CAF96D
:10FD8000C0EB00105030A02190FBF1F01BE00120EF
:10FD900019E0002007F0BEF9C0EB0010502101EB84
:10FDA0004000A02190FBF1F001280BDD002007F0BE
:10FDB000B1F9C0EB0010502101EB4000A02190FBF5
:10FDC000F1F000E0012004B2224600212248006840
:10FDD00030300FF064FB002007F0FCF9012816DC3E
:10FDE000002007F097F9C0EB00105030A02190FBE5
:10FDF000F1F0012809DD002007F08CF9C0EB0010BC
:10FE00005030A02190FBF1F01BE0012019E0002010
:10FE100007F080F9C0EB0010502101EB4000A02159
:10FE200090FBF1F001280BDD002007F073F9C0EB27
:10FE30000010502101EB4000A02190FBF1F000E008
:10FE4000012004B2224600210348006830300FF040
:10FE500002FB06B010BD0000E0010020489302083C
:10FE60009C9600204F4031006666660070B50446DF
:10FE70000D4604B10DB9012070BDAC4201D1002086
:10FE8000FAE705E0207808B90020F5E7641C6D1C4E
:10FE90002078F3F7E6F906462878F3F7E2F9864288
:10FEA000F0D02078F3F7DDF906462878F3F7D9F992
:10FEB000301AE1E7F8B59348006844300FF0FAF9DA
:10FEC000914890F8200000F0020088B18E4890F828
:10FED000200000F0020028B140F6AA2006F034FD10
:10FEE000009009E040F6991006F02EFD009003E026
:10FEF000864806F01BFD009000218248009A0068A9
:10FF000044300FF04DFB7F48006848300FF0D2F9C5
:10FF1000002007F0FFF85030A02190FBF1F00128FD
:10FF200007DD002007F0F6F85030A02190FBF1F03B
:10FF300000E0012004B222460021724800684830E7
:10FF40000FF036FA6F48006800F148040025284693
:10FF500007F0E0F800EB8000502101EB4000A02109
:10FF600090FBF1F001280BDD002007F0D3F800EB47
:10FF70008000502101EB4000A02190FBF1F000E057
:10FF8000012006B2922040EA052132462046FCF7C5
:10FF9000A8FF00BF5B48006800F148040025284620
:10FFA00007F0B8F800EB8000502101EB4000A021E1
:10FFB00090FBF1F001280BDD002007F0ABF800EB1F
:10FFC0008000502101EB4000A02190FBF1F000E007
:10FFD000012006B2932040EA052132462046FCF774
:10FFE00080FF00BF484890F8200000F0020020B1D8
:10FFF000474806F09BFC009003E0464806F096FC5C
:020000040801F1
:10000000009000213F48009A006848300FF0B9F98D
:100010003C4800684C300FF04DF9002007F07AF8AA
:1000200000EB40005030A02190FBF1F0012809DDE9
:10003000002007F06FF800EB40005030A02190FB4B
:10004000F1F000E0012004B2224600212D480068B2
:100050004C300FF0ADF9002007F05CF8502101EBB7
:100060008000A02190FBF1F0012809DD002007F0BD
:1000700051F8502101EB8000A02190FBF1F000E04D
:10008000012004B2224600211E4800684C300FF0C7
:100090007BFA002007F03EF8502101EB4000A02140
:1000A00090FBF1F0012809DD002007F033F8502122
:1000B00001EB4000A02190FBF1F000E0012004B230
:1000C000224600210F4800684C300FF0D0F9002084
:1000D00007F020F85030A02190FBF1F0012807DD57
:1000E000002007F017F85030A02190FBF1F000E05D
:1000F000012004B222460021024800684C300FF073
:10010000F2F9F8BDE00100209C960020BDADA100F1
:10011000E3DDD600978A80007CB5CF480068503078
:100120000FF0C8F8002006F0F5FF502101EB800029
:10013000A02190FBF1F0012809DD002006F0EAFF84
:10014000502101EB8000A02190FBF1F000E00120A4
:1001500004B222460021C048006850300FF0C3F9B5
:10016000002006F0D7FF00EB8000502101EB40009B
:10017000A02190FBF1F001280BDD002006F0CAFF62
:1001800000EB8000502101EB4000A02190FBF1F03A
:1001900000E0012004B222460021AF480068503040
:1001A0000FF065F9AD480021C268AB4800685030D7
:1001B0000FF022F900221146A748006850300FF0D6
:1001C00026F97F220221A448006850300FF01FF961
:1001D000A24890F8200000F0200008B1002015E0AF
:1001E000002006F097FF502101EB4000A02190FB7A
:1001F000F1F0012809DD002006F08CFF502101EB11
:100200004000A02190FBF1F000E0012004B2224662
:1002100000219148006850300FF011F9002006F0DD
:1002200079FF00EB8000502101EB4000A02190FB02
:10023000F1F001280BDD002006F06CFF00EB8000E0
:10024000502101EB4000A02190FBF1F000E00120E3
:1002500004B2224600218048006850300FF0E3F8D5
:10026000002211467C48006850300FF0E2F94C2221
:1002700000217948006850300FF0CFF976480068C7
:1002800054300FF017F800220221734800685430F0
:100290000FF0BDF8002006F03DFF502101EB80007B
:1002A000A02190FBF1F0012809DD002006F032FFCB
:1002B000502101EB8000A02190FBF1F000E0012033
:1002C00004B2224600216448006854300FF00BF954
:1002D0006148006800F15404012561A66E2040EADF
:1002E000052132462046FCF7A2FE00BF5D480068AB
:1002F00001905948006800F1540401980090692069
:1003000040EA05212046009AFCF798FD00BF002234
:1003100011465148006854300FF0D9F8FF220121EE
:100320004D48006854300FF0D2F84B48006800F197
:10033000540400256C26B42040EA052132462046AC
:10034000FCF7CFFD00BF4448006800F154040125CC
:100350004248066948F28E0040EA052132462046AE
:10036000FCF765FE00BF002006F0D4FE00EB400065
:100370005030A02190FBF1F0012809DD002006F0AB
:10038000C9FE00EB40005030A02190FBF1F000E0EE
:10039000012004B2224600212F48006854300FF09B
:1003A00072F8002006F0B6FE00EB40005030A021AD
:1003B00090FBF1F0012809DD002006F0ABFE00EB18
:1003C00040005030A02190FBF1F000E0012004B289
:1003D000224600212048006854300FF060F80020C9
:1003E00006F098FE00EB40005030A02190FBF1F0A9
:1003F000012809DD002006F08DFE00EB40005030A2
:10040000A02190FBF1F000E0012004B2224600217F
:100410001148006854300FF04EF8002006F07AFEC4
:1004200000EB40005030A02190FBF1F0012809DDE5
:10043000002006F06FFE00EB40005030A02190FB42
:10044000F1F000E0012004B22246002102480068D9
:1004500054300FF000F87CBDE00100209C96002095
:10046000EF808C006093020870B505460C46292C7D
:1004700075D2DFE804F015161B6B3C252AF6528B6B
:10048000F520F4F3F2575C3361A266FCF0EF949927
:10049000F7A7DF7EEDEC7545EBB4C9EAD2E9E800D9
:1004A0008CE1002128460BF084FC87E100212846DE
:1004B0000BF07FFC82E1002128460BF07AFC7DE105
:1004C000002128460BF075FC78E1002128460BF04E
:1004D00070FC012128460BF06CFC6FE100212846DE
:1004E0000BF067FC012128460BF063FC66E100215C
:1004F00028460BF05EFC012128460BF05AFC5DE11A
:10050000002128460BF055FC012128460BF051FC38
:10051000022128460BF04DFC50E1002128460BF04B
:1005200048FC4BE1002128460BF043FC46E100214A
:1005300028460BF03EFC41E1002128460BF039FC37
:100540003CE1002128460BF034FC37E1002128462D
:100550000BF02FFC012128460BF02BFC2EE12CE1A7
:10056000002128460BF025FC012128460BF021FC38
:1005700024E1002128460BF01CFC012128460BF049
:1005800018FC022128460BF014FC17E10021284634
:100590000BF00FFC402128460BF00BFC0EE1002174
:1005A00028460BF006FC09E1402128460BF001FC2F
:1005B000412128460BF0FDFB00E1002128460BF00D
:1005C000F8FBFBE0002128460BF0F3FB4021284616
:1005D0000BF0EFFB012128460BF0EBFBEEE00021D6
:1005E00028460BF0E6FB402128460BF0E2FB4121B8
:1005F00028460BF0DEFB432128460BF0DAFB4221B4
:1006000028460BF0D6FBD9E0002128460BF0D1FBA1
:10061000402128460BF0CDFBD0E0002128460BF00E
:10062000C8FB012128460BF0C4FB022128460BF031
:10063000C0FBC3E0002128460BF0BBFB032128468A
:100640000BF0B7FBBAE068E056E06BE03FE083E018
:1006500079E007E09FE017E009E0A1E019E091E010
:1006600028E07EE0002128460BF0A3FBA6E0002155
:1006700028460BF09EFB402128460BF09AFB0121F7
:1006800028460BF096FB99E0002128460BF091FBE1
:1006900094E0002128460BF08CFB402128460BF00B
:1006A00088FB412128460BF084FB422128460BF0B1
:1006B00080FB83E0002128460BF07BFB01212846CC
:1006C0000BF077FB022128460BF073FB76E000214C
:1006D00028460BF06EFB012128460BF06AFB022135
:1006E00028460BF066FB032128460BF062FB042131
:1006F00028460BF05EFB61E0002128460BF059FB19
:10070000422128460BF055FB412128460BF051FBB6
:10071000402128460BF04DFB50E0002128460BF00D
:1007200048FB4BE0002128460BF043FB0421284600
:100730000BF03FFB032128460BF03BFB0121284631
:100740000BF037FB3AE0002128460BF032FB032187
:1007500028460BF02EFB31E0002128460BF029FB48
:100760002CE0002128460BF024FB032128460BF047
:1007700020FB012128460BF01CFB022128460BF030
:1007800018FB1BE0002128460BF013FB0121284633
:100790000BF00FFB12E0002128460BF00AFB0DE0E6
:1007A000002128460BF005FB012128460BF001FB38
:1007B000022128460BF0FDFA00E000BF00BF70BD2B
:1007C00037B582B01546022D04DCBDF80C10084682
:1007D00005B030BDBDF80C00C00ABDF8081000EB34
:1007E000D1241F2C01D2204600E01F20BDF80810A4
:1007F00060F3CF210291BDF80C00C0F34510BDF8A5
:100800000810C1F3451144183F2C01D2204600E0E6
:100810003F20BDF8081060F34A110291BDF80C00AA
:1008200000F01F00BDF8081001F01F0144181F2C34
:1008300001D2204600E01F20BDF8081060F304013B
:100840000291FF2D03D1BDF808100846C0E72A46E3
:10085000DDE9020106F027F90190BDF80410084611
:10086000B6E737B582B01546022D04DCBDF80C1092
:10087000084605B030BDBDF80C00C00ABDF8081030
:10088000A0EBD124002C01DD204600E00020BDF8C3
:10089000081060F3CF210291BDF80C00C0F34510A1
:1008A000BDF80810C1F34511441A002C01DD2046A3
:1008B00000E00020BDF8081060F34A110291BDF875
:1008C0000C0000F01F00BDF8081001F01F01441AD1
:1008D000002C01DD204600E00020BDF8081060F388
:1008E00004010291FF2D03D1BDF808100846C0E7AE
:1008F0002A46DDE9020106F0D6F80190BDF80410A1
:100900000846B6E7704700003EB59C4800683C309A
:100910000EF0D0FC002006F0FDFBC0EB00105021D3
:1009200001EB4000A02190FBF1F001280BDD00203D
:1009300006F0F0FBC0EB0010502101EB4000A021BD
:1009400090FBF1F000E0012004B2224600218B4828
:1009500000683C300EF0F5FDFF220021874800685A
:100960003C300EF0BBFC864890F8200000F00200FE
:1009700020B1844805F0DAFF009003E0824805F0DA
:10098000D5FF009000217D48009A00683C300EF0B1
:100990009AFC002006F0BEFB00EB8000502101EB2A
:1009A0008000A02190FBF1F001280BDD002006F073
:1009B000B1FB00EB8000502101EB8000A02190FBF7
:1009C000F1F000E0012004B2224600216B480068EB
:1009D0003C300EF04CFD47F6FF720021674800687E
:1009E0003C300EF080FD6548006840300EF062FC3F
:1009F00047F6FF7200216148006840300EF073FD39
:100A000062480068029000215C48029A0068403009
:100A10000EF059FCFF2200215848006840300EF0CB
:100A20005DFC022200215548006840300EF085FC34
:100A30005648001D0068019000215048019A006846
:100A400040300EF057FC4E480221C2684B48006807
:100A500040300EF04FFC4A48C08902460421009005
:100A60004648006840300EF045FC002006F052FB7E
:100A700000EB800101EBC0005030A02190FBF1F0B1
:100A800001280BDD002006F045FB00EB800101EBA7
:100A9000C0005030A02190FBF1F000E0012004B232
:100AA000224600213548006840300EF0ECFC002062
:100AB00006F030FB00EB800101EBC0005030A021BC
:100AC00090FBF1F001280BDD002006F023FB00EB8A
:100AD000800101EBC0005030A02190FBF1F000E05C
:100AE000012004B2224600212448006840300EF064
:100AF000D6FC002006F00EFB00EB800101EBC000ED
:100B00005030A02190FBF1F001280BDD002006F011
:100B100001FB00EB800101EBC0005030A02190FBF5
:100B2000F1F000E0012004B22246002113480068E1
:100B300040300EF0C0FC002006F0ECFA00EB800123
:100B400001EBC0005030A02190FBF1F001280BDD3B
:100B5000002006F0DFFA00EB800101EBC00050300E
:100B6000A02190FBF1F000E0012004B22246002118
:100B70000248006840300EF06EFC3EBDE0010020EF
:100B80009C960020F3EFEA005A4B44005893020869
:100B900038B54448006858300EF08CFB002006F051
:100BA000B9FA00EB8000502101EB8000A02190FBFE
:100BB000F1F001280BDD002006F0ACFA00EB80001C
:100BC000502101EB8000A02190FBF1F000E001201A
:100BD00004B2224600213348006858300EF0ECFC85
:100BE000012200212F48006858300EF0B2FB2D483A
:100BF00000685C300EF05EFBFF220021294800688F
:100C00005C300EF06BFB28480021C2682548006864
:100C10005C300EF058FB244890F8200000F00200F1
:100C200028B140F6FF7005F08FFE009004E040F61A
:100C3000FF7005F089FE009000211A48009A0068B4
:100C40005C300EF0ADFC184890F8200000F0020077
:100C500020B1164805F06AFE009003E0144805F044
:100C600065FE009010210F48009A00685C300EF07D
:100C70002AFB0D4890F8200000F0020020B10D483A
:100C800005F054FE009004E06FF07F4005F04EFE4A
:100C9000009010210348009A00685C300EF080FC40
:100CA00038BD0000E00100209C960020EEEEEE0032
:100CB000574F4900423E3B002DE9FF4F81B080462F
:100CC00016460E9F4FF00009BA46032F01D14FF090
:100CD000040A00BF3448C0F8008034480770002080
:100CE0003349087033490860334908703349087044
:100CF00000BF3046FAF74CFF0546002000900F98E1
:100D000018B13046FAF744FF00903146284600F00B
:100D100057F8002408E02A5D3B4649460298FEF752
:100D20001FFBD144601C04B2B442F4DB4FF0010B52
:100D30002DE00F98B0B13146009800F041F8002442
:100D40000DE00098005D295D484028552A5D3B462E
:100D500049460298FEF704FBD144601C04B2B44239
:100D6000EFDB10E03146284600F02AF8002408E0C6
:100D70002A5D3B4649460298FEF7F2FAD144601CD0
:100D800004B2B442F4DB0BF101000FFA80FB0498CB
:100D90008345CEDB2846FAF7ABFF0098FAF7A8FFA9
:100DA00005B0BDE8F08F00002001002024010020E4
:100DB000270100201C010020250100202601002021
:100DC00070B505460E46002404E011F09DF9285543
:100DD000601C04B2B442F8DB70BDF8B506460C46A0
:100DE00015460095E788BBB2A788BAB26788B9B242
:100DF0002788B8B2F4F7DAF8304606F07BF9F8BD88
:100E000010B5F7F7A7FC4FF6FF70F4F799F801203B
:100E1000F7F73CFB10BD2DE9F74FA2B01446207B3D
:100E2000022802DC25B0BDE8F08F20A8229905F049
:100E300071FCB4F91000012828DD207DFD2825DB98
:100E4000208818B3BDF88000A17CC1F3800108445C
:100E500000B2ADF88000BDF88200A17CC1F3400172
:100E6000084400B2ADF88200BDF88400A17CC1F353
:100E7000C001401A00B2ADF88400BDF88600A17C24
:100E800001F00101401A00B2ADF88600267BFD2E6C
:100E900000DDFF26FBF786FC1F901F9806F030F957
:100EA000804620A91DA8239AF9F7E4FA1C901C9803
:100EB00000B9B7E708F1100ABDF87400BAF80010DD
:100EC000401A00B2ADF87400BDF87600BAF802100E
:100ED000401A00B2ADF87600BDF87800BAF80010FC
:100EE000401A00B2ADF87800BDF87A00BAF80210E6
:100EF000401A00B2ADF87A001DA805F096FC1B90D0
:100F00001B98FAF745FE1A90A7796088A188884255
:100F100000D1002707F0E4F91990012018901998E2
:100F200010B10020189003E0022F01D1002018908A
:100F30004FF0FF30179020A805F077FC169020A8FE
:100F400005F01CFC1590B4F90050DDE91501814253
:100F500001DA169800E0159814901498B5EB600F1C
:100F600001DD14984510189878B175B96FB9607B98
:100F70000121CDE90016029060880023024620A9D5
:100F800013902398F9F72DFCD6E1002D0ADD0023FC
:100F90002AB220A90DA807F0CDFD00210DA807F069
:100FA00055F917904FF0010960880C9000200B90C4
:100FB000022F1ED116994800FAF7EAFD0B90002087
:100FC000069011E0069802B2169801B2204604F08D
:100FD000CCF8059006990B9800EB4100BDF8141071
:100FE00001800698401C0690169906988842E9DB15
:100FF00000BF00200A9020A805F017FC022101FB89
:101000001500322801DD01200A90BDF88000ADF8FE
:101010001C00BDF88400ADF82000BAF80200BDF84D
:101020007610084400B2ADF81E00BDF81E00ADF801
:101030002200BDF976B004E1B8F9120058440690D8
:101040000996BDF982002844401C0699884220DA9E
:10105000BDF98600401B401E0699884219DD4FF0FD
:101060000109189850BB3146DDE91A02FBF706F872
:10107000B8F81000BDF87430184401B2B8F8120086
:10108000584402B21B9803B21A9807F0FDF8814643
:1010900014E03146DDE91A02FAF7F0FFB8F8100063
:1010A000BDF87430184401B2B8F81200584402B2C6
:1010B0001B9803B21A9807F0E7F88146B9F1020FBE
:1010C00001D1FF200990012F0DD120A805F056FB7A
:1010D0000590BDF882100698401A02B22046059984
:1010E00004F043F80C901898002871D00A98002852
:1010F0006ED0BDF982002844401C0699884206DC67
:10110000BDF98600401B401E0699884260DABDF892
:101110008000ADF81000BDF880002844401E00B2E9
:10112000ADF81400BDF81E00ADF81200BDF82200A5
:10113000ADF81600617B0998CDE90090029104A9F1
:101140001A9B0C9A2398F9F74CFB012F16D1BDF886
:101150008000284400B2ADF81000BDF88400401BA8
:1011600000B2ADF81400607B01210023CDE9001628
:10117000029004A90C9A2398F9F733FBBDF8840078
:10118000401B401C00B2ADF81000BDF88400ADF863
:101190001400B8F91000BDF974100144BDF98400C1
:1011A000401B401C401A03900398002801DA0020DD
:1011B0000390607B0999CDE90091029003991A98F8
:1011C000431804A90C9A2398F9F70BFB2BE0FFE7CF
:1011D000022F0BD1607B0999CDE90091029007A9FC
:1011E0001A9B0B9A2398F9F781FB1CE0012F0BD176
:1011F000617B0998CDE90090029107A91A9B0C9A8E
:101200002398F9F7EEFA0EE0199808B90A9850B940
:10121000607B0999CDE90091029007A91A9B0C9A6D
:101220002398F9F7DEFABDF81E00401C00B2ADF8B5
:101230001E00BDF82200401C00B2ADF822000BF1E8
:10124000010BBDF97A005845BFF6F6AEEFBB199811
:10125000D8BB0A98C8B3BDF88000284400B2ADF8E6
:101260001C00BDF88400401B00B2ADF82000BDF8A2
:101270008200ADF81E00BDF88200284400B2ADF82F
:101280002200607B0121CDE90016029060880023D6
:10129000024607A906902398F9F7A3FABDF886003D
:1012A000401B00B2ADF81E00BDF91E00BDF92210B2
:1012B000884205DCBDF82200401C00B2ADF81E00DB
:1012C000BDF88600ADF8220000E02FE0607B012130
:1012D000CDE90016029060880023024607A9069017
:1012E0002398F9F77EFABDF88000ADF81C00BDF830
:1012F0008400ADF82000BDF882002844401C00B2F4
:10130000ADF81E00BDF88600401B401E00B2ADF8CF
:101310002200607B0121CDE9001602906088002345
:10132000024607A906902398F9F75BFA0B9810B1CB
:101330000B98FAF7DDFC00BF179807F047FC1A98E6
:10134000FAF7D6FC00BF6DE52DE9F74FA8B00646C9
:101350001446207D022802DC2BB0BDE8F08F208AE5
:1013600000B9F9E7608A00B9F6E7A07D00F0010056
:1013700000B1F1E7304605F058FA2790304605F005
:10138000FDF92690B4F90050DDE92601814201DA29
:10139000279800E0269825902598B5EB600F01DD91
:1013A00025984510314623A805F0B4F9BDF98C10F5
:1013B000A07C00F0040010B1B4F9100003E0B4F90F
:1013C000100028444042084400B2ADF88C00BDF93A
:1013D0009010A07C00F0080010B1B4F9100003E0F8
:1013E000B4F9100028444042081A00B2ADF8900049
:1013F000BDF98E10A07C00F0020010B1B4F910000D
:1014000003E0B4F9100028444042084400B2ADF8AB
:101410008E00BDF99210A07C00F0010010B1B4F96B
:10142000100003E0B4F9100028444042081A00B24A
:10143000ADF89200608A0F2810D1607D217DCDE942
:101440000210E089ADF8040000200090B4F90030EB
:10145000314623A8299A00F016F911E1207D229047
:101460002298FD2801DDFF202290FBF79BF92190B7
:10147000219805F045FE804631461FA8299AF8F7C5
:10148000F9FF1E901E9800B966E708F11007BDF835
:101490007C003988401A00B2ADF87C00BDF87E00AF
:1014A0007988401A00B2ADF87E00BDF88000398816
:1014B000401A00B2ADF88000BDF882007988401A69
:1014C00000B2ADF882001FA805F0AFF9814648468A
:1014D000FAF75EFB1D904FF0FF301C90002D0ADDE7
:1014E00000232AB2314615A807F024FB002115A8D5
:1014F00006F0ACFE1C90B4F91000281A1490149851
:10150000002801DA00201490208A281A02B2012350
:1015100023A90DA807F00EFB00210DA806F096FEEA
:101520000C90B4F91000401EA84201DA284602E0EF
:10153000B4F91000401E8246E0890890607D079053
:101540003088ADF82400B088ADF828007888BDF860
:101550007E10084400B2ADF82600BDF82600ADF8B4
:101560002A0000200690608A042805D13088504463
:1015700000B2ADF828000EE0608A08280BD1B088D0
:10158000A0EB0A0000B2ADF82400BDF92400B6F9C2
:101590000010401A0690002005900490608A0228EE
:1015A00001D101200590608A012800D10490608A51
:1015B000032802D10120059004909DF8140020B961
:1015C0009DF8100008B9012000E000200390BDF94B
:1015D0007EB047E09DF80C00A0B99DF8140030B132
:1015E000BDF92600B6F90210514488420ADD9DF883
:1015F000100048B3BDF92600B6F90610A1EB0A01A8
:10160000884221DB49461D98FAF7A9FDB8F8100079
:10161000BDF87C30184401B2B8F81200584402B248
:101620000FFA89F31D9806F02FFE0B90229A079966
:101630000B98CDE90121009006991D98431809A93E
:10164000089A2998F9F7CDF8BDF82600401C00B299
:10165000ADF82600BDF82A00401C00B2ADF82A0003
:101660000BF1010BBDF982005845B3DA0C9807F075
:10167000ADFA1C9807F0AAFA1D98FAF739FB00BFDB
:1016800000BF69E670472DE9FF4FA9B00C46DDE9C0
:10169000389A06F025FE289001202790289808B156
:1016A00000202790299805F0C0F82690299805F089
:1016B00065F82590A18829988088081A0FFA80FB80
:1016C000204605F0B2F82490204605F057F8239004
:1016D000369898B12C992291DDE92521914201DAC1
:1016E000269900E0259908462299B1EB600F01DDAB
:1016F00041102291229901EB0B0515E02C9DDDE9AB
:101700002321914201DA249900E023990846B5EBA0
:10171000600F00DD4510A5EB0B01229122990029F5
:1017200001DA0021229100BFFBF73CF821902198BB
:1017300005F0E6FC074621461FA82B9AF8F79AFE0B
:101740001E901E9810B92DB0BDE8F08F07F110085B
:10175000BDF87C00B8F80010401A00B2ADF87C006B
:10176000BDF87E00B8F80210401A00B2ADF87E0055
:10177000BDF88000B8F80010401A00B2ADF8800043
:10178000BDF88200B8F80210401A00B2ADF882002D
:101790001FA805F04AF81D900123229802B216A84E
:1017A000299907F0C7F9002116A806F04FFD1590FA
:1017B00000232AB221460EA807F0BCF900210EA88A
:1017C00006F044FD0D901D98FAF7E2F90C90ABF18C
:1017D0000100A84201DA284601E0ABF101000B90BC
:1017E000279800287DD0B4F90200B8F90210411AF8
:1017F0000B98084407902088ADF82000A088ADF829
:101800002400B8F80200BDF87E10084400B2ADF81C
:101810002200BDF82200ADF82600BDF97E6078E018
:101820001D990C98FAF79BFC388ABDF87C30184457
:1018300001B2788A304402B21D9803B20C9806F0C7
:1018400023FD0A90BDF82200ADF81200BDF8260075
:10185000ADF816002088ADF8100020882844401EFE
:1018600000B2ADF814000A988DE8010604A90C9B9B
:10187000379A2B98F8F7B5FFBDF91600B4F90210A6
:101880005944884212DA2088284400B2ADF810008A
:10189000A088401B00B2ADF81400012000238DE8A1
:1018A000010604A9379A2B98F8F79BFFA088401BE4
:1018B000401C00B2ADF81000A088ADF81400B7F9D4
:1018C0001000BDF97C100144B4F90400401B401C19
:1018D000401A03900398002801DA002003900A9828
:1018E00000E0E5E08DE8010603990C98431804A98F
:1018F000379A2B98F8F775FFBDF82200401C00B20C
:10190000ADF82200BDF82600401C00B2ADF826005C
:10191000761C0798864283DDB4F90600B8F90210F8
:10192000411A0B98081A0690DDE90601884202DC8C
:101930000798401C0690B8F802100698084400B2B8
:10194000ADF82200BDF82200ADF82600069E77E033
:101950001D990C98FAF703FC388ABDF87C301844BE
:1019600001B2788A304402B21D9803B20C9806F096
:101970008BFC0A902088ADF8100020882844401E77
:1019800000B2ADF81400BDF82200ADF81200BDF8A9
:101990002600ADF816000A988DE8010604A90C9BF4
:1019A000379A2B98F8F71DFFBDF91600B4F9061009
:1019B000A1EB0B01884212DD2088284400B2ADF86B
:1019C0001000A088401B00B2ADF8140001200023D5
:1019D0008DE8010604A9379A2B98F8F702FFA08832
:1019E000401B401C00B2ADF81000A088ADF81400F8
:1019F000B7F91000BDF97C100144B4F90400401B94
:101A0000401C401A03900398002801DA002003903C
:101A10000A988DE8010603990C98431804A9379A8F
:101A20002B98F8F7DEFEBDF82200401C00B2ADF89E
:101A30002200BDF82600401C00B2ADF82600761C3E
:101A4000BDF98200B04283DA61880B980844401CDB
:101A500000B2ADF82200E1880B98081A401E00B2CF
:101A6000ADF826002088ADF8200020885844401E9C
:101A700000B2ADF82400012000238DE8010608A97A
:101A8000379A2B98F8F7ADFEA088A0EB0B00401C0E
:101A900000B2ADF82000A088ADF82400012000239A
:101AA0008DE8010608A9379A2B98F8F79AFE40E0CE
:101AB0002088ADF82000A088ADF82400B8F8020016
:101AC000BDF87E10084400B2ADF82200BDF8220037
:101AD000ADF82600BDF97E6027E01D990C98FAF755
:101AE0003EFB388ABDF87C30184401B2788A304415
:101AF00002B21D9803B20C9806F0C6FB0A900A9831
:101B00008DE8010608A90C9B379A2B98F8F769FE17
:101B1000BDF82200401C00B2ADF82200BDF826003E
:101B2000401C00B2ADF82600761CBDF98200B04220
:101B3000D3DA159807F04AF80D9807F047F80C9893
:101B4000FAF7D6F800BFFEE52DE9FF4F99B007463A
:101B50008A461C461B98857A032D00D10425012D49
:101B600006D0022D0BD0042D10D0082D1DD114E06D
:101B7000DFF8E8824FF0800B0220179018E0DFF8C2
:101B8000E0824FF0C00B0420179011E0DFF8D48200
:101B90004FF0F00B102017900AE0DFF8CC824FF0E6
:101BA000FF0B4FF48070179002E01DB0BDE8F08F7E
:101BB00000BF2898FD2823DAAC4801782898814294
:101BC00003D1AB480068A84213D000200DE018F8FC
:101BD0000010FF2901D1289904E018F80010289A74
:101BE00051430912A34A1154401C17998842EED35D
:101BF00000BFDFF880829D49289808709C480560E6
:101C00001B98408814901B98808813901498684300
:101C10001290B4F90000B84201DC002002E0B4F9EF
:101C20000000C01B119014983844B4F90410884285
:101C300001DC149803E0B4F90400C01B401C1090B0
:101C4000B4F90200504501DC002003E0B4F90200C1
:101C5000A0EB0A000F9013985044B4F90610884284
:101C600001DC139804E0B4F90600A0EB0A00401C64
:101C70000E9012990F984843119901FB05000D90A1
:101C800026990D9801EBD00026900D9800F00706DC
:101C9000FAF788FD039005F04AFA0B90DDE913107E
:101CA00041430B98814201DD0B9802E0DDE91310FE
:101CB00048430A900A98F9F76BFF81460020099083
:101CC0001198384400B2ADF81C0010983844401EFA
:101CD00000B2ADF820000F98504400B2ADF81E00DD
:101CE000BDF81E00ADF8220006F0FAFA0690C5F124
:101CF000080005901199149801441098081A684337
:101D000004900F98159084E0099803902BFA06F040
:101D100018901198169028E0269800781899084095
:101D20000599891BC8400C900C9830B10C9818F894
:101D30000010099809F8001003E00021099809F83B
:101D400000100598864204D22E441898E840189056
:101D500005E00026CDF860B02698401C2690099832
:101D6000401C09901698401C1690109916988842AD
:101D7000D2DB0698D8B107A804F042FD0190BDF966
:101D80002220BDF91C10039B09EB0300019B06F008
:101D90007BFA0290029848B907A804F031FD01903F
:101DA000039909EB01000199FAF7A2F900BFDDE9F7
:101DB0001001411A099801440A98814206D2BDF8DF
:101DC0002200401C00B2ADF8220017E0FF210222E1
:101DD00029984B46CDE90021029007A92046279A71
:101DE000F8F7FFFCBDF82200401C00B2ADF81E0061
:101DF000BDF81E00ADF822000020099004980644AA
:101E0000269800EBD600269006F007061598401C91
:101E100015900E9915988842FFF676AFBDF91E0011
:101E2000BDF92210884213D0BDF82200401E00B236
:101E3000ADF82200FF21022229984B46CDE900216E
:101E4000029007A92046279AF8F7CBFC00200990BA
:101E50004846F9F74DFF00BFA7E60000FC5C02080A
:101E6000FE5C02080A5D02081A5D020810010020EB
:101E700014010020105800202DE9FF4F9FB00646A6
:101E800088461D462198847A032C00D10424012C15
:101E900006D0022C09D0042C0CD0082C14D10EE052
:101EA000FE481E9080201D9011E0FD481E90C0202D
:101EB0001D900CE0FB481E90F0201D9007E0FA48B2
:101EC0001E90FF201D9002E023B0BDE8F08F00BF00
:101ED000219840881990219880881890199860431B
:101EE0001790B5F90000B04201DC002004E0B5F91C
:101EF0000000801B00EB400081460321199890FBF5
:101F0000F1F03044B5F90410884201DC199805E07D
:101F1000B5F90400801B401C00EB40001690B5F999
:101F20000200404501DC002003E0B5F90200A0EB0F
:101F30000800159018984044B5F90610884201DC55
:101F4000189804E0B5F90600A0EB0800401C1490B6
:101F500017991598484309FB040013902C9913987E
:101F600001EBE0002C90139800F00707DDE9181052
:101F70004843B0F5A07F02DD4FF4A07103E0219843
:101F800041888088414310911098F9F701FE8246FC
:101F90004FF0000B10994800F9F7FAFD0F90FAF78F
:101FA00001FC0E900E9805F0ABF80D900D981030D6
:101FB00004F026FC0C900D9880680B900D98B0F9F9
:101FC0001200A8EB00010C9801FB00610D98B0F91C
:101FD0001000091A0B9800EB41000B90032099FBAD
:101FE000F0F20C99159800FB01210B9800EB4100D1
:101FF0000B90032099FBF0F0304400B2ADF82400C0
:102000000321169890FBF1F03044401E00B2ADF869
:1020100028001598404400B2ADF82600BDF826000F
:10202000ADF82A0006F05CF90890BDF8B400C00ACB
:102030008DF81800BDF8B400C0F345108DF81900F4
:10204000BDF8B40000F01F008DF81A0015981A9022
:102050001AE1002005901D98F8401C90CDF810B0B2
:10206000CDF86C90ABE02C9800781C990840C7F133
:102070000801091BC84012901298D0B12E98FF2871
:1020800008D1082C01D1129802E012991E98405CE8
:10209000119010E0082C04D12E9912984843000AA0
:1020A00005E012991E98405C2E994843000A119051
:1020B00001E00020119007AA059911985054059845
:1020C000401C05900598032867D1002005900B98C7
:1020D0000088C00A8DF808000B980088C0F34510EE
:1020E0008DF809000B98007800F01F008DF80A00A9
:1020F0009DF818009DF81C1048439DF808109DF8A5
:102100001C20C2F1FF0201FB0200010ABDF80C0015
:1021100061F3CF2003909DF81A009DF81E104843EC
:102120009DF80A109DF81E20C2F1FF0201FB02007B
:10213000010ABDF80C0061F3040003909DF819003A
:102140009DF81D1048439DF809109DF81D20C2F10F
:10215000FF0201FB0200010ABDF80C0061F34A1006
:1021600003909DF81C0048B99DF81D0030B99DF8FA
:102170001E0018B900200AF80B0002E0FF200AF840
:102180000B000F9800EB4B00BDF80C1001800BF119
:10219000010B0B98801C0B9000BFC4F10800B842E3
:1021A00004DD27441C98E0401C9005E000271D98A2
:1021B0001C902C98401C2C901B98401C1B9016992E
:1021C0001B988842FFF64FAF0898D8B109A804F0D1
:1021D00017FB0290BDF92A20BDF92410049B0AEBDD
:1021E0000300029B06F050F80390039848B909A831
:1021F00004F006FB029004990AEB01000299F9F73A
:1022000077FF00BF1698A0EB090000EB0B011098B8
:10221000814206DABDF82A00401C00B2ADF82A005F
:1022200017E00222DDE92E105346CDE9002102908D
:1022300009A928460F9AF8F759FBBDF82A00401C57
:1022400000B2ADF82600BDF82600ADF82A004FF028
:10225000000B16991998401A484400FB04772C98F3
:1022600000EBE7002C9007F007071698A0EB090099
:10227000032190FBF1F10C98411A0B9800EB4100FF
:102280000B901A98401C1A9014991A988842FFF6DD
:10229000E0AEBDF92600BDF92A1007E0FC5C02089B
:1022A000FE5C02080A5D02081A5D0208884211D02D
:1022B000BDF82A00401E00B2ADF82A000222DDE976
:1022C0002E105346CDE90021029009A928460F9A05
:1022D000F8F70CFB5046F9F70BFD0F98F9F708FDDE
:1022E00000BFF1E52DE9FF4F93B005460F461C46B0
:1022F000207A1290FAF756FA1190119804F000FF24
:10230000814609F11006B4F90200401E10901098A1
:1023100040100F90109800F001010F9808440E90A3
:10232000E08818B1A08808B1012000E000200D90DD
:1023300001200C9005F0D4FF10B100200C9003E0B8
:102340000D9808B100200C90B5F90000B7F9001005
:10235000884202DAB5F9000001E0B7F90000ADF8F3
:102360002800B5F90000B7F90010884202DDB5F980
:10237000000001E0B7F90000401E00B2ADF82C00EB
:1023800069880E98081A00B2ADF82A0069880F987B
:10239000084400B2ADF82E000C9880B1607A00F0CD
:1023A000030001221299CDE9002102902088002328
:1023B00002460AA909901598F8F713FAC0E00AAA8C
:1023C0000AA81599F8F756F80990099810B917B0A6
:1023D000BDE8F08FBDF828003188401A00B2ADF892
:1023E0002800BDF82A007188401A00B2ADF82A0012
:1023F000BDF82C003188401A00B2ADF82C00BDF8B1
:102400002E007188401A00B2ADF82E000AA804F020
:10241000FEF98046BDF828003188084400B2ADF8C6
:102420001C00BDF82C003188084400B2ADF8200033
:10243000BDF82A007188084400B2ADF81E00BDF84E
:102440001E00ADF82200002006900D9878B1B9F971
:102450001000BDF928100844B4F90610B4F904209E
:10246000114490FBF1F201FB120000B206904046CD
:10247000F9F78EFB8246BDF92AB059E04146504635
:10248000F9F76DFEB9F81000BDF82830184401B214
:10249000B9F81200584402B20FFA88F3504605F01A
:1024A000F3FE05900D9828B3059818B306980021FF
:1024B0001BE0B4F90420824207DBA3881B1A1AB27E
:1024C0008B1819B2831818B20BE0B4F90620B4F9CE
:1024D00004301A44824201DC002002E000220AF8A3
:1024E00001204A1C11B2421C10B24145E1DB02221C
:1024F000059200BF607A00F00300217A059ACDE9C9
:102500000021029020885346024607A9049015989E
:10251000F8F767F9BDF81E00401C00B2ADF81E00C8
:10252000BDF82200401C00B2ADF822000BF1010BF7
:10253000BDF92E005845A1DA5046F9F7D9FB00BF86
:1025400000BF44E72DE9FF4FC7B083461E46BBF9E5
:1025500002104898B0F90200814210DABBF802007C
:10256000ADF81A0148984088ADF81601BBF8000094
:10257000ADF8180148980088ADF814010FE04898AC
:102580004088ADF81A01BBF80200ADF81601489872
:102590000088ADF81801BBF80000ADF81401BDF9D2
:1025A0001401BDF91811441ABDF91601BDF91A112B
:1025B000471A002C01DD204600E06042002F01DDBB
:1025C000394600E07942884201DD012000E0002028
:1025D0004490B6F9028000204390449870B1002FD7
:1025E00001DD384600E078424101002C01DD204643
:1025F00000E0604291FBF0F043900DE0002C01DD23
:10260000204600E060424101002F01DD384600E035
:10261000784291FBF0F04390FC494398085C00FB42
:1026200008F03F304FEAE0184FEA680908F001006F
:1026300000EB090ABDF91801BDF91411884202DA4C
:10264000BDF9180101E0BDF91401A0EB080000B2CA
:10265000ADF80401BDF91801BDF91411884202DD7D
:10266000BDF9180101E0BDF91401404400B2ADF814
:102670000801BDF91A01BDF91611884202DABDF947
:102680001A0101E0BDF91601A0EB080000B2ADF897
:102690000601BDF91A01BDF91611884202DDBDF926
:1026A0001A0101E0BDF91601404400B2ADF80A017B
:1026B00041A941A8499AF7F7DDFE4090409810B92A
:1026C0004BB0BDE8F08F4498F0B3002C26DD00211C
:1026D000BDF81601A0EB090000B2CDE90001BDF97B
:1026E0001431BDF81A01A0EB090002B2BDF91811AE
:1026F00035A805F09BFE0121BDF81601504400B23B
:10270000CDE90001BDF91431BDF81A01504402B2FF
:10271000BDF918112AA805F089FE4EE00021BDF888
:102720001601504400B2CDE90001BDF91431BDF8E5
:102730001A01504402B2BDF9181135A805F076FE11
:102740000121BDF8160100E011E0A0EB090000B284
:10275000CDE90001BDF91431BDF81A01A0EB090063
:1027600002B2BDF918112AA805F060FE25E000218B
:10277000BDF91601CDE90001BDF81401504403B2C2
:10278000BDF91A21BDF81801504401B235A805F071
:102790004DFE0121BDF91601CDE90001BDF814017E
:1027A000A0EB090003B2BDF91A21BDF81801A0EB96
:1027B000090001B22AA805F039FE002135A805F06C
:1027C00045FD139000212AA805F040FD12904FF01E
:1027D000FF3011901090707AC0F3001068BB032195
:1027E000BDF81A01204400B2CDE90001BDF818017E
:1027F000C01B03B2BDF91A21BDF918111FA805F0BD
:1028000015FE0221BDF81601204400B2CDE90001F9
:10281000BDF81401C01B03B2BDF91621BDF9141196
:1028200014A805F003FE00211FA805F00FFD11906C
:10283000002114A805F00AFD1090F9F7B3FF0F90DE
:102840000F9804F05DFC0E900E9800F11005BDF895
:1028500004012988401A00B2ADF80401BDF8060150
:102860006988401A00B2ADF80601BDF80801298850
:10287000401A00B2ADF80801BDF80A016988401A93
:1028800000B2ADF80A0141A803F0C1FF0D900F9806
:1028900004F04DFC0B9041A803F085FF01460B9816
:1028A000814203D241A803F07EFF00E00B980A901A
:1028B0000A98F9F76DF90990BDF8040129880844D0
:1028C00000B2ADF81C00BDF808012988084400B228
:1028D000ADF82000BDF806016988084400B2ADF8E3
:1028E0001E00BDF81E00ADF822000E98B0F91000D1
:1028F000BDF904110844069000200590DDE90901A6
:10290000F9F72DFCBDF90601B5F9021008440C9049
:1029100047E0059A099988180D990BB20C990AB2EB
:10292000069909B205F0B0FC0490049828B9059AFC
:10293000099988180D99F9F7DBFB0D99059808445A
:1029400005900D99059801440A98814206D2BDF878
:102950002200401C00B2ADF822001FE0707A00F0A7
:102960000300317A0222CDE90021029030880390E1
:10297000024607A8099B4999F7F733FFBDF82200E3
:10298000401C00B2ADF81E00BDF81E00ADF82200DC
:1029900000200590DDE90901F9F7E1FB0C98401CE6
:1029A0000C90BDF90A01B5F9021001440C9881425E
:1029B000AFDABDF91E00BDF92210884215D0BDF86E
:1029C0002200401E00B2ADF82200707A00F0030031
:1029D000317A0222CDE9002102903088049002462B
:1029E00007A8099B4999F7F7FCFE0998F9F780F9C0
:1029F000139806F0EBF8129806F0E8F8119806F034
:102A0000E5F8109806F0E2F800BF59E61E5E0208ED
:102A10002DE9F04F95B006460F4693461C46207AA6
:102A20001490F9F7BFFE1390139804F069FB054664
:102A300005F110001290B4F90200401E1190119897
:102A400040101090119800F00101109808440F9068
:102A5000E08818B1A08808B1012000E000200E90A5
:102A600001200D9005F03CFC10B100200D9003E01A
:102A70000E9808B100200D9031880F98081A00B206
:102A8000ADF82C0031881098084400B2ADF8300041
:102A9000B6F90200B7F90210884202DAB6F902006C
:102AA00001E0B7F90200ADF82E00B6F90200B7F95F
:102AB0000210884202DDB6F9020001E0B7F9020017
:102AC000401E00B2ADF832000D9880B1607A00F07F
:102AD000030001221499CDE90021029020880023EF
:102AE00002460BA90A905846F7F77BFEB0E00BAA06
:102AF00059460BA8F7F7BEFC0A900A9810B915B012
:102B0000BDE8F08FBDF82C00298A401A00B2ADF85C
:102B10002C00BDF82E10688A081A00B2ADF82E00FD
:102B2000BDF83000298A401A00B2ADF83000BDF877
:102B30003210688A081A00B2ADF832000BA803F010
:102B400066FE8046BDF82C1012980088084400B23A
:102B5000ADF82000BDF8301012980088084400B28B
:102B6000ADF82400BDF82E1012984088084400B239
:102B7000ADF82200BDF82200ADF826004046F9F776
:102B800007F80790002006900E9878B1B5F912006A
:102B9000BDF92E100844B4F90610B4F9042011440C
:102BA00090FBF1F201FB120000B20690DDF81890E4
:102BB000BDF92EA044E041460798F9F7D0FA288ADB
:102BC000BDF82C30184401B2688A504402B20FFAA2
:102BD00088F3079805F058FB05900E98A0B105986A
:102BE00070B1B4F90400484501DA00200590B4F949
:102BF0000600B4F904100844484501DC4FF0000910
:102C000009F101000FFA80F90022207A0599CDE937
:102C10000102009120880490024608A95846079BAB
:102C2000F7F7DFFDBDF82200401C00B2ADF822002E
:102C3000BDF82600401C00B2ADF826000AF1010ADA
:102C4000BDF932005045B6DA0798F9F751F800BFE0
:102C500000BF54E72DE9F04389B007468846144683
:102C6000A07F022802DC09B0BDE8F083608B00B9C8
:102C7000F9E794F81E90B9F1FD0F01DD4FF0FF095F
:102C8000394607A803F046FDA08B18B9B4F91C001B
:102C9000401E01E0B4F91C0005B2BDF81C00401B49
:102CA00000B2ADF81C00BDF81E00401B00B2ADF82C
:102CB0001E00BDF82000284400B2ADF82000BDF889
:102CC0002200284400B2ADF8220007A905A803F0AD
:102CD00021FDA08B18B9B4F91A00401C01E0B4F929
:102CE0001A0006B2BDF81400801B00B2ADF8140043
:102CF000BDF81800304400B2ADF81800BDF8160059
:102D0000801B00B2ADF81600BDF81A00304400B2C6
:102D1000ADF81A00E07FA17FCDE90210208BADF85D
:102D2000040001200090B4F90030424605A907A82C
:102D3000FEF7A9FC00BF96E72DE9F74F9AB00746CA
:102D40001446E06A10B91DB0BDE8F08F94F8360063
:102D5000022800DCF7E7E06A07F076FB8046B8F16E
:102D6000010F02D0B8F1000F1CD103A9E06A07F0EF
:102D7000B3F98146B9F1010F00D0E4E70398C0F33D
:102D80008A260398450D16A804F0B4FA94F8360084
:102D90008DF8580094F837008DF86200A08EADF8D9
:102DA000640029E0B8F1020F1FD10DA804F0D0FD96
:102DB000A08EADF83400206B0F9094F836008DF89B
:102DC0004000002147F61842BDF94200CDE901213B
:102DD0000090BDF944300F9A03A8E16AFAF738FA77
:102DE000BDF90C60BDF90E5006E000231A463846C6
:102DF0001B9904F059FAA6E706B105B9A3E794F8C0
:102E0000380000F0010000287DD0B4F90020002334
:102E1000394604A805F08EFE002104A805F016FA34
:102E20000390384603F001FD8346384603F0FDFC6D
:102E300090FBF6F000FB16BA0AEBDA704FEA600975
:102E4000384603F09BFC8346384603F097FC90FB22
:102E5000F5F000FB15BA0AEBDA70401002907988A1
:102E60000298081A00B2ADF82E00BDF82E002844D2
:102E7000401E00B2ADF832003DE03888A0EB0900FA
:102E800000B2ADF82C00BDF82C003044401E00B25A
:102E9000ADF830001DE0B8F1020F08D1002000901D
:102EA0000DAAE36A0BA81B9904F036FA05E016ABED
:102EB000E26A0BA81B9904F0F7F9BDF82C00304426
:102EC00000B2ADF82C00BDF83000304400B2ADF8CF
:102ED0003000BDF92C00B7F904108842DBDDBDF8E5
:102EE0002E00284400B2ADF82E00BDF83200284470
:102EF00000B2ADF83200BDF92E00B7F906108842D5
:102F0000BBDD039800E002E005F060FE68E03846B3
:102F100003F08BFC8346384603F030FC8146ABEB74
:102F2000060000EBD0713A8802EB610109B2ADF8FE
:102F30002C10A9EB050000EBD0717A8802EB61013F
:102F400009B2ADF82E10BDF82C003044401E00B27E
:102F5000ADF83000BDF82E002844401E00B2ADF898
:102F60003200B8F1020F10D1A9EB050101F0010008
:102F7000BDF82E10014409B2ADF82E10BDF8321084
:102F8000014409B2ADF8321000BF4FF0FF3AB4F976
:102F9000002039460BA8F7F7AEFA58B9B4F900206B
:102FA0000023394604A805F0C5FD002104A805F05A
:102FB0004DF98246B8F1020F08D1002000900DAA09
:102FC000E36A0BA81B9904F0A7F905E016ABE26AC7
:102FD0000BA81B9904F068F9504605F0F7FD00BFF7
:102FE00000BFB0E617B5B1B03398408C08B934B023
:102FF00010BD339890F82A00022800DCF7E73398D8
:10300000408C01280BD13398808C40B93398C08C08
:1030100028B93398B0F92800002800DCE7E7339896
:10302000B0F922003090319801883398808C0144A7
:103030003398008D081A00B2ADF8B8003198818835
:103040003398808C01443398008D084400B2ADF869
:10305000BC00319841883398C08C01443398008D6E
:10306000081A00B2ADF8BA003198C1883398C08C04
:1030700001443398008D084400B2ADF8BE0030988A
:10308000099000EBD070BDF8B810A1EB6000401EB5
:1030900000B2ADF8B0003098099000EBD070BDF8E8
:1030A000BC1001EB6000401C00B2ADF8B4003098D9
:1030B000099000EBD070BDF8BA10A1EB6000401E83
:1030C00000B2ADF8B2003098099000EBD070BDF8B6
:1030D000BE1001EB6000401C00B2ADF8B6003398A2
:1030E00090F82A002B902B98FD2801DDFF202B90D3
:1030F000F9F758FB2A902A9804F002F829902CA995
:1031000027A8329AF7F7B6F92690269800B96EE705
:10311000299810302590BDF89C1025980088081A31
:1031200000B2ADF89C00BDF89E1025984088081AA2
:1031300000B2ADF89E00BDF8A01025980088081ACE
:1031400000B2ADF8A000BDF8A21025984088081A7A
:1031500000B2ADF8A20023A8319903F0DBFABDF864
:103160008C00401C00B2ADF88C00BDF88E00401CF5
:1031700000B2ADF88E00BDF89000401E00B2ADF870
:103180009000BDF89200401E00B2ADF89200339856
:10319000B0F90000229023A803F047FB044623A8BF
:1031A00003F0ECFA844203DA23A803F03EFB02E0CA
:1031B00023A803F0E3FA2190DDE92101B1EB600FD0
:1031C00002DD2198401022903398B0F90000209041
:1031D0002EA803F02AFB04462EA803F0CFFA84425F
:1031E00003DA2EA803F021FB02E02EA803F0C6FAB2
:1031F0002190DDE92001B0EB610F02DD2198401044
:1032000020902099309808441F901F984043400018
:103210000990F8F7BDFC1E903398B0F92200099090
:10322000209803B22EA8099A1E990FF0A7F92CA88E
:1032300003F0A4FA099000EBD070BDF8B21001EBD6
:10324000600000B21D902CA803F0EFFA099000EB8B
:10325000D070BDF8B01001EB600000B21C900120EE
:103260001B9005F03DF8002802DD00201B900DE0CA
:103270003398808C10B93398C08C10B100201B900B
:1032800004E03398008D08B100201B902CA803F0B7
:10329000CCFA0990F8F77CFC19900123229802B22D
:1032A00023A912A805F046FC002112A804F0CEFFC5
:1032B0001190BDF8B400ADF84000BDF840101F9863
:1032C000081A401C00B2ADF83C00BDF8B200ADF8E1
:1032D0003E00BDF83E101F980844401E00B2ADF8F5
:1032E00042000FA90BA8329AF7F7C4F80A900A987F
:1032F00000287DD0229802B223A90FA8F7F7FBF887
:1033000000287CD1BDF932101D98814202DD1D9844
:10331000ADF83200BDF92C101C98814204DC1C98D9
:10332000401C00B2ADF82C000BA803F027FA09905E
:103330000BA803F07AFA0890089800285EDDBDF922
:103340002C00BDF93C10411A1E9808440D90BDF99F
:103350002E00BDF93E10421A1F990D9801FB020084
:103360000D900BA906A803F0D5F9BDF81A00ADF829
:103370001E0000200E903AE0089A0D991998F8F76F
:1033800005FDBDF91A000590BDF91800049001462D
:10339000089B059A199804F077FF1A901A9801284B
:1033A00001D102201A90339890F82B002B9A1A9989
:1033B000CDE9001202903398008C0590024606A9D0
:1033C000199B3298F7F70DFABDF81A00401C00B2AD
:1033D000ADF81A00BDF81E00401C00B2ADF81E008A
:1033E0001F990D9808440D900E98401C0E9000E017
:1033F00005E009990E988842BEDB00BF00BFBDF80A
:10340000B400ADF84000BDF840101F98081A401CE9
:1034100000B2ADF83C00BDF8B6101F98081A401C69
:1034200000B2ADF83E00BDF8B600ADF842000FA9FD
:103430000BA8329AF7F71EF80A900A9800287DD058
:10344000229802B223A90FA8F7F755F800287ED1D9
:10345000BDF92E101D98814204DC1D98401C00B25D
:10346000ADF82E00BDF92C101C98814204DC1C988C
:10347000401C00B2ADF82C000BA803F07FF90990B6
:103480000BA803F0D2F90890089800285EDDBDF97A
:103490002C00BDF93C10411A1E9808440D90BDF94E
:1034A0004200BDF93210421A1F990D9801FB02002B
:1034B0000D900BA906A803F02DF9BDF81E00ADF87C
:1034C0001A0000200E903CE0089A0D991998F8F720
:1034D0005DFCBDF91A000590BDF918000490014685
:1034E000089B059A199804F0CFFE1A901A980128A3
:1034F00001D102201A90339890F82B002B9A1A9938
:10350000CDE9001202903398008C0590024606A97E
:10351000199B3298F7F765F9BDF81A00401E00B202
:10352000ADF81A00BDF81E00401E00B2ADF81E0036
:103530001F990D9808440D900E9800E007E0401C7C
:103540000E9009990E988842BEDB00BF00BFBDF8FF
:10355000B400ADF84000BDF840101F98081A401C98
:1035600000B2ADF83C00BDF8B2101F98084400B29C
:10357000ADF83E00BDF8B6101F98081A00B2ADF8BD
:1035800042000FA90BA8329AF6F774FF0A900A9826
:1035900000287DD0229802B223A90FA8F6F7ABFF2E
:1035A000002875D1BDF92C101C98814204DC1C98B0
:1035B000401C00B2ADF82C001B9870B1BDF92C1066
:1035C0003198B0F90400814202DDBDF92C0002E01F
:1035D0003198B0F90400ADF82C000BA803F025F9E0
:1035E00009900998002864DD0BA803F0C7F808903B
:1035F0001F98401EDDE91E1202FB00100D90BDF960
:103600002C00BDF93C10411A0D9808440D900BA9EF
:1036100006A803F07FF8BDF81A00ADF81E000120DF
:103620001A9000200E903FE0099A0D991998F8F72A
:10363000ADFB1B9810B102201A9011E0BDF91A00E1
:103640000590BDF9180004900146099B059A199848
:1036500004F01AFE1A901A98012801D102201A903B
:10366000339890F82B00339991F82A101A9ACDE9E3
:10367000002102903398008C0590024606A9199B00
:103680003298F7F7AEF8BDF81A00401C00B200E01F
:1036900010E0ADF81A00BDF81E00401C00B2ADF8F5
:1036A0001E000E98401C0E9008990E988842BBDBB5
:1036B00000BF00BF1E980D9000200E9028E0002053
:1036C000099016E009990D98405C089009991F9897
:1036D000401A401E0D990A5C084609994254DDE9DA
:1036E00008021F99891A491E0D9A50540998401CC6
:1036F00009901F9800EBD07108900998B0EB610F0A
:10370000E0DB1F990D9808440D900E98401C0E9018
:103710001F990E988842D2DBBDF8B000ADF83C008E
:10372000BDF83C101F980844401E00B2ADF84000A0
:10373000BDF8B200ADF83E00BDF83E101F98084439
:10374000401E00B2ADF842000FA90BA8329AF6F75E
:1037500091FE0A900A9800287ED0229802B223A9EE
:103760000FA8F6F7C8FE00287AD1BDF932101D98CF
:10377000814202DD1D98ADF83200BDF930101C9871
:10378000814202DD1C98ADF830000BA802F0F6FF74
:1037900009900BA803F049F80890089800285EDD0E
:1037A000BDF92C00BDF93C10411A1E9808440D903B
:1037B000BDF92E00BDF93E10421A1F990D9801FB6C
:1037C00002000D900BA906A802F0A4FFBDF81A0094
:1037D000ADF81E0000200E903AE0089A0D99199855
:1037E000F8F7D4FABDF91A000590BDF91800049055
:1037F0000146089B059A199804F046FD1A901A98FC
:10380000012801D102201A90339890F82B002B9AAE
:103810001A99CDE9001202903398008C0590024667
:1038200006A9199B3298F6F7DCFFBDF81A00401C78
:1038300000B2ADF81A00BDF81E00401C00B2ADF891
:103840001E001F990D9808440D900E98401C0E9074
:1038500009990E98884200E002E0BEDB00BF00BF7D
:10386000BDF8B000ADF83C00BDF83C101F9808440E
:10387000401E00B2ADF84000BDF8B6101F98081AFF
:10388000401C00B2ADF83E00BDF8B600ADF84200F5
:103890000FA90BA8329AF6F7EDFD0A900A980028B6
:1038A00040D0229802B223A90FA8F6F724FEC8BB85
:1038B000BDF92E101D98814204DC1D98401C00B2F9
:1038C000ADF82E00BDF930101C98814202DD1C9825
:1038D000ADF830000BA802F051FF09900BA802F0E0
:1038E000A4FF0890089800285DDDBDF92C00BDF903
:1038F0003C10411A1E9808440D90BDF94200BDF9D4
:103900003210421A1F990D9801FB02000D900BA96D
:1039100006A802F0FFFEBDF81E00ADF81A00002058
:103920000E903BE040E0089A0D991998F8F72EFAAE
:10393000BDF91A000590BDF9180004900146089BD6
:10394000059A199804F0A0FC1A901A98012801D140
:1039500002201A90339890F82B002B9A1A99CDE9EF
:10396000001202903398008C0590024606A9199B1C
:103970003298F6F736FFBDF81A00401E00B2ADF8D7
:103980001A00BDF81E00401E00B2ADF81E001F99BF
:103990000D9808440D900E98401C0E9009990E98B1
:1039A0008842C0DB00BF00BFBDF8B000ADF83C00EE
:1039B000BDF83C101F980844401E00B2ADF840000E
:1039C000BDF8B2101F98084400B2ADF83E00BDF833
:1039D000B6101F98081A00B2ADF842000FA90BA844
:1039E000329AF6F747FD0A900A98002844D02298A8
:1039F00002B223A90FA8F6F77EFDE8BBBDF930108F
:103A00001C98814202DD1C98ADF830001B9870B103
:103A10003198B0F90000BDF93010884203DA3198CE
:103A2000B0F9000001E0BDF93000ADF830000BA89E
:103A300002F0FBFE09900998002861DD0BA802F056
:103A40009DFE08901F98401EDDE91E1202FB00102B
:103A50000D90BDF92C00BDF93C10411A0D98084499
:103A60000D900BA906A802F055FEBDF81A00ADF89E
:103A70001E0000200E903EE043E0099A0D9919982F
:103A8000F8F784F91B9810B102201A9011E0BDF9E3
:103A90001A000590BDF9180004900146099B059A8B
:103AA000199804F0F1FB1A901A98012801D102200C
:103AB0001A90339890F82B00339991F82A101A9A9B
:103AC000CDE9002102903398008C0590024606A9AA
:103AD000199B3298F6F785FEBDF81A00401C00B21B
:103AE000ADF81A00BDF81E00401C00B2ADF81E0073
:103AF0000E98401C0E9008990E988842BDDB00BFBE
:103B000000BFBDF8B0101F98084400B2ADF83C00EB
:103B1000BDF8B4101F98081A00B2ADF84000BDF807
:103B2000B200ADF83E00BDF8B2101F980844401E28
:103B300000B2ADF842000FA90BA8329AF6F79AFC32
:103B40000A900A9800287DD0229802B223A90FA8D3
:103B5000F6F7D1FC002875D1BDF932101D988142CD
:103B600002DD1D98ADF832001B9870B1BDF932101E
:103B70003198B0F90200814202DABDF9320002E068
:103B80003198B0F90200ADF832000BA802F04DFEFA
:103B900009900BA802F0F2FD0890DDE91E0108442F
:103BA000401E0D90BDF92E00BDF93E10421A1F991E
:103BB0000D9801FB02000D900BA906A802F0AAFDCA
:103BC000BDF81A00ADF81E0001201A9000200E90DA
:103BD0004FE00D98007805900598FF2802D12B98AA
:103BE000FF2804D005992B98484300120590099AA4
:103BF00005991998F8F742FA1B9810B102201A900B
:103C000011E0BDF91A000490BDF9180003900146B7
:103C1000099B049A199804F037FB1A901A98012806
:103C200001D102201A90339890F82B00FF221A99A4
:103C3000CDE9001202903398008C0490024606A948
:103C4000199B00E01AE03298F6F7CBFDBDF81A0098
:103C5000401C00B2ADF81A00BDF81E00401C00B2B6
:103C6000ADF81E001F990D9808440D900E98401C49
:103C70000E9008990E988842ABDB00BFBDF8B010DB
:103C80001F98084400B2ADF83C00BDF8B4101F986E
:103C9000081A00B2ADF84000BDF8B6101F98081A17
:103CA000401C00B2ADF83E00BDF8B600ADF84200D1
:103CB0000FA90BA8329AF6F7DDFB0A900A980028A4
:103CC00043D0229802B223A90FA8F6F714FCE0BB58
:103CD000BDF92E101D98814204DC1D98401C00B2D5
:103CE000ADF82E001B9870B1BDF92E103198B0F9C7
:103CF0000600814202DDBDF92E0002E03198B0F9E4
:103D00000600ADF82E000BA802F08FFD09900BA85D
:103D100002F034FD0890DDE91E010844401E0D90BC
:103D2000BDF94200BDF93210421A1F990D9801FBEE
:103D300002000D900BA906A802F0ECFCBDF81E00D5
:103D4000ADF81A0000200E904EE052E00D98007879
:103D500005900598FF2802D12B98FF2804D00599DB
:103D60002B98484300120590099A05991998F8F77D
:103D700085F91B9810B102201A9011E0BDF91A00C4
:103D80000490BDF9180003900146099B049A199804
:103D900004F07AFA1A901A98012801D102201A9098
:103DA000339890F82B00FF221A99CDE90012029067
:103DB0003398008C0490024606A9199B3298F6F7B6
:103DC00010FDBDF81A00401E00B2ADF81A00BDF893
:103DD0001E00401E00B2ADF81E001F990D98084449
:103DE0000D900E98401C0E9008990E988842ADDBFD
:103DF00000BFBDF8B0101F98084400B2ADF83C00F9
:103E0000BDF8B4101F98081A00B2ADF84000BDF814
:103E1000B2101F98084400B2ADF83E00BDF8B610CD
:103E20001F98081A00B2ADF842000FA90BA8329AE9
:103E3000F6F720FB0A900A98F0B31B98E0BB229893
:103E400002B223A90FA8F6F756FBA8BB0BA802F0F5
:103E5000ECFC09900BA802F091FC08900BA906A8B5
:103E600002F058FCBDF81A00ADF81E0000200E90BC
:103E70003CE0339890F82A0005900146099A199879
:103E8000F8F7FCF8BDF91A000590BDF91800049088
:103E90000146099B059A199804F0F6F91A901A98A8
:103EA000012801D102201A90339890F82B10FF229C
:103EB0001A98CDE9012100E01DE000903398008CB4
:103EC0000590024606A9199B3298F6F78AFCBDF8C0
:103ED0001A00401C00B2ADF81A00BDF81E00401CCC
:103EE00000B2ADF81E000E98401C0E9008990E9876
:103EF0008842BEDB00BF119804F068FE1998F7F7FE
:103F0000F7FE1E98F7F7F4FE00BFFFF770B8F0B5A4
:103F100091B006460F461446E06B08B911B0F0BDEB
:103F200094F84400022800DCF8E754F83C5F0021D4
:103F300047F61842B4F91200CDE901210090B4F916
:103F40001030294610A86268F9F782F90020ADF810
:103F50003800ADF83A00BDF84000401E00B2ADF8A0
:103F60003C00BDF84200401E00B2ADF83E00227D8C
:103F70000DAB0EA93046F6F7CBF8BDF83400A18999
:103F80000844BDF83810084400B2ADF83800BDF858
:103F90003600E1890844BDF83A10084400B2ADF893
:103FA0003A00BDF83400A1890844BDF83C1008442B
:103FB00000B2ADF83C00BDF83600E1890844BDF818
:103FC0003E10084400B2ADF83E0004A803F0C0FC67
:103FD00060680690208AADF82000608AADF81E0067
:103FE0006089ADF81000207A3C3C8DF81C00002060
:103FF0002B4604AA394600900EA803F08DF900BFA5
:104000008CE770B504460D460026207800F00100CC
:1040100068B92068B5EB500F09D82946204600F052
:1040200021F8206820F00100401C2060261D304649
:1040300070BD000010B50146002011B9084A106893
:104040000CE00A1D0B6802EB5300031D044C2468AE
:1040500004F57054A34200D3002000BF10BD00003F
:104060008C01002030B5CA1C22F003010A1D036830
:10407000B2EB530F01D1026851080268B1EB520F45
:1040800012D0031D5A18146824F001041460046847
:10409000C1EB5404241F156864F35F0515600468C0
:1040A00061F35F04046000BF30BD00002DE9FF4FE5
:1040B00087B08B461546079802F094FB8246B5F907
:1040C000020000FB0AF00BEB40061798012802D013
:1040D000022806D102E0DFF8309105E0DFF82C91EC
:1040E00002E00BB0BDE8F08F00BF1698012834D174
:1040F0000020069006980590149A05990A9802F0F7
:10410000D2FC0490B5F9027022E0B5F9004018E045
:10411000BDF8140036F8141088420CD006EB4400A9
:104120000088059006EB4400008803900146149A2D
:104130000A98C847049006EB4400BDF810100180AF
:10414000641CB5F90400A042E2DA06EB4A067F1CC3
:10415000B5F90600B842D8DA54E0284602F042FB2E
:104160000690B5F900101598A0EB01080020039007
:104170003088059030880490B5F902703DE0B5F9BB
:10418000004031E018F8040000B92CE018F80410E1
:104190000398814205D1BDF8140036F81410884206
:1041A0001BD018F80400FD2801DB149804E018F86F
:1041B000040014994843000A029006EB440000886A
:1041C00001900146029A0A98C847049018F8040022
:1041D000039036F81400059000BF06EB4401BDF8CB
:1041E0001000088000BF641CB5F90400A042C9DAC1
:1041F00006EB4A06069880447F1CB5F90600B842D3
:10420000BDDA00BF00BF6CE7C10701086308010801
:104210002DE9FF4F89B09346DDF85880099802F0E8
:10422000E1FA0890584602F0DDFA8146584602F05D
:1042300090FA0790BBF90200089948430A9901EBEC
:104240004000BBF9001000EB4105189801285DD132
:10425000B8F1FD0F0EDD002708E04A4628460C990C
:1042600002F015FB089805EB40057F1C0798874274
:10427000F3DB97E1002006900698059042460599E9
:104280000C9802F010FC04900C9902A80191BDF862
:104290000410C90A01FB08F10180BDF80410C1F344
:1042A000451101FB08F14180BDF8041001F01F0128
:1042B00001FB08F1818000BFC8F1FF06002721E063
:1042C000002419E0BDF8140035F8141088420DD010
:1042D00005EB44000088059005EB44000088324659
:1042E0000146019002A802F069FD049005EB44002C
:1042F000BDF810100180641C4C45E3DB089805EB09
:1043000040057F1C07988742DADB4BE100200490D0
:104310002888069028880590A9F104000390B8F138
:10432000FD0F70DD0027EBE0179E00241BE03078C6
:10433000B8B13078FF2805D105EB4400BDF8301046
:1043400001800EE0327805EB4400008801460190C0
:104350000C9802F0A8FB029005EB4400BDF8081091
:104360000180761C641C4C4503DA06F0030000282B
:10437000DDD1B24699E0DAF8000000281AD0DAF868
:104380000000401CB8B905EB4400BDF830100180B6
:10439000601C05EB4000BDF830100180A01C05EB4F
:1043A0004000BDF830100180E01C05EB4000BDF876
:1043B0003010018076E056463078B8B13078FF286A
:1043C00005D105EB4400BDF8301001800EE03278D5
:1043D00005EB44000088014601900C9802F063FB55
:1043E000029005EB4400BDF808100180761C30787F
:1043F000D8B13078FF2807D1601C05EB4000BDF82C
:104400003010018011E080E03278601C05EB400044
:104410000088014601900C9802F045FB0290601C58
:1044200005EB4000BDF808100180761C3078D0B153
:104430003078FF2806D1A01C05EB4000BDF83010F5
:10444000018010E03278A01C05EB40000088014696
:1044500001900C9802F027FB0290A01C05EB400095
:10446000BDF808100180761C3078D0B13078FF2874
:1044700006D1E01C05EB4000BDF83010018010E0D3
:104480003278E01C05EB40000088014601900C9852
:1044900002F009FB0290E01C05EB4000BDF808109B
:1044A0000180761C0AF1040A241D039884427FF7D8
:1044B00062AF56461BE03078B8B13078FF2805D19E
:1044C00005EB4400BDF8301001800EE0327805EBBA
:1044D00044000088014601900C9802F0E4FA029032
:1044E00005EB4400BDF808100180761C641C4C45A7
:1044F000E1DB089805EB40051798484417907F1CAE
:1045000007988742FFF610AF4BE04FF0000ABBF967
:10451000027041E0179E002435E0307888B331788E
:104520000498814209D03078FF2801D1404603E049
:10453000307800FB08F0000A824631780498814206
:1045400005D1BDF8180035F81410884214D0BAF11E
:10455000FF0F02D10C98059009E005EB440000889C
:104560005246014602900C9802F09DFA0590307870
:10457000049035F81400069005EB4400BDF81410C3
:104580000180761C641C4C45C7DB089805EB400590
:104590001798484417907F1CBBF90600B842B9DA57
:1045A00000BF00BF0DB0BDE8F08F2DE9FF4F85B013
:1045B0001446DDE9129BF8F7F5F80746059802F076
:1045C00011F982461498012820D1B4F9026018E04C
:1045D000B4F9005010E0CDF80890BDF82000ADF817
:1045E000040030B200902BB20FFA8AF2D7F814C050
:1045F00038460699E0476D1CB4F90400A842EADA8F
:10460000761CB4F90600B042E2DA31E0B4F90000F9
:10461000ABEB0008204602F0E5F80490B4F9026024
:1046200021E0B4F9005017E018F8050098B118F827
:10463000050000FB09F0000A0290BDF82000ADF86B
:10464000040030B200902BB20FFA8AF2D7F814C0EF
:1046500038460699E0476D1CB4F90400A842E3DA35
:1046600004988044761CB4F90600B042D9DA00BF41
:1046700009B0BDE8F08F2DE9F84F04468846914611
:10468000207D00F0010008B1BDE8F88FE568002644
:104690004FF0010A4FF0010B00BF85B9207DC0F338
:1046A000001000B956B9BBF1000F00D1ECE720466D
:1046B000C04705464FF0000AD34600E0E4E716B9CC
:1046C0002E4606B9E0E7BAF1000F06D0294620468B
:1046D000C8470546B54200D1D6E74FF0010A05B9F3
:1046E000DBE70021286808F001FA00F0200000B1A3
:1046F000D3E7286808F066F900B900E0CDE700BF0D
:10470000E068A84200D1BFE7E068A8B1E1680868A6
:1047100000221721C3699847E168002208680E212A
:1047200004F0E6FA00900098012800D0ACE7E168B8
:10473000086808F09DFF00BFE560E1680868002296
:104740001621C3699847E168002208680D2104F02A
:10475000CFFA0746012F00D096E7E16808680CF011
:104760008DFAE168086808F083FF206910B12046DF
:104770002169884700BF87E770B504460D46E0B25F
:10478000F5F7C0F9204670BDFEB5FE480068603000
:104790000AF090FD40F6880002F0D6F802460021AB
:1047A0000090F848006860300AF0EBFD40F68800A1
:1047B00002F0CAF8024600210090F248006860301A
:1047C0000AF0B4FEF0480021C268EE48006860308C
:1047D0000AF095FE002002F09DFC00EB80005030B6
:1047E000A02190FBF1F0012809DD002002F092FCED
:1047F00000EB80005030A02190FBF1F000E00120A0
:1048000004B222460021DF48006860300AF0D0FD83
:10481000002002F07FFC502101EB8000A02190FBE2
:10482000F1F0012809DD002002F074FC502101EBB9
:104830008000A02190FBF1F000E0012004B22246AC
:104840000021D048006860300AF064FECD4800685E
:1048500000F160040025284602F05CFC502101EBC9
:10486000C000A02190FBF1F0012809DD002002F03A
:1048700051FC502101EBC000A02190FBF1F000E0C1
:10488000012006B2C22040EA052132462046F8F750
:1048900028FB00BF002002F03DFC00EB800050210F
:1048A00001EB8000A02190FBF1F001280BDD00203E
:1048B00002F030FC00EB8000502101EB8000A021D1
:1048C00090FBF1F000E0012004B222460021AD4847
:1048D000006860300AF0D7FD002002F01BFC00EBFE
:1048E0008000502101EB8000A02190FBF1F0012815
:1048F0000BDD002002F00EFC00EB8000502101EBEC
:104900008000A02190FBF1F000E0012004B22246DB
:1049100000219C48006860300AF0C1FD002002F0D0
:10492000F9FB00EB8000502101EB8000A02190FBFF
:10493000F1F001280BDD002002F0ECFB00EB800021
:10494000502101EB8000A02190FBF1F000E001205C
:1049500004B2224600218B48006860300AF0ABFDAB
:10496000002002F0D7FB00EB8000502101EB80001B
:10497000A02190FBF1F001280BDD002002F0CAFB22
:1049800000EB8000502101EB8000A02190FBF1F0B2
:1049900000E0012004B2224600217A48006860301D
:1049A0000AF065FD002002F0B5FBC0EB00105030AE
:1049B000A02190FBF1F0012809DD002002F0AAFB04
:1049C000C0EB00105030A02190FBF1F000E001207E
:1049D00004B2224600216B48006860300AF0B1FD45
:1049E00047F6FF7200216748006860300AF07BFDDF
:1049F0006448006864300AF05DFC40F6880001F00D
:104A0000A3FF0246002100905E48006864300AF06F
:104A1000B8FC40F6880001F097FF024600210090A4
:104A20005848006864300AF081FD57480021C26888
:104A30005448006864300AF062FD002002F06AFB0E
:104A4000502101EBC000A02190FBF1F0012809DD0D
:104A5000002002F05FFB502101EBC000A02190FB81
:104A6000F1F000E0012004B2224600214548006830
:104A700064300AF09DFC002002F04CFB502101EB59
:104A8000C000A02190FBF1F0012809DD002002F018
:104A900041FB502101EBC000A02190FBF1F000E0B0
:104AA000012004B2224600213648006864300AF032
:104AB00031FD002002F02EFB00EBC00101EB0010E5
:104AC0005030A02190FBF1F001280BDD002002F016
:104AD00021FB00EBC00101EB00105030A02190FB46
:104AE000F1F000E0012004B22246002125480068D0
:104AF00064300AF026FD2348006868300AF0DAFBCB
:104B0000224800680290204890F8200000F002003F
:104B100020B11F4801F00AFF009001E002980090C8
:104B200000211848009A006868300AF02AFC00202A
:104B300002F0F0FA502101EBC000A02190FBF1F04F
:104B4000012809DD002002F0E5FA502101EBC00048
:104B5000A02190FBF1F000E0012004B222460021E8
:104B60000848006868300AF023FCFF22002105484D
:104B7000006868300AF0B2FB0448001D006801902C
:104B8000014807E0E00100209C9600203C930208C9
:104B90005B4B460090F8200000F0020020B12D4849
:104BA00001F0C4FE009001E00198009000212A4825
:104BB000009A006868300AF086FB47F6FF72002111
:104BC0002548006868300AF08EFC002002F0A2FA46
:104BD000C0EB0010502101EB4000A02190FBF1F050
:104BE00001280BDD002002F095FAC0EB00105021E7
:104BF00001EB4000A02190FBF1F000E0012004B2A5
:104C0000224600211448006868300AF0BDFC0020EC
:104C100002F080FA00EB8000502101EB4000A0215F
:104C200090FBF1F001280BDD002002F073FA00EB9D
:104C30008000502101EB4000A02190FBF1F000E04A
:104C4000012004B2224600210348006868300AF0BF
:104C50000EFCFEBD5B4B4600E001002070B5054632
:104C60002879C0F3801030B12879C0F3C0112846EC
:104C70000AF0C7FA70BD042006F068FE044600BFC3
:104C8000204602F019F930B9224600230BA002F0A9
:104C900019F900BFFEE700BF0CB90020EAE7204683
:104CA0000AF006FA21462846F7F72CFE686820F03D
:104CB0004000403068602046DCE700004F757420FB
:104CC0006F66206D656D6F727900000002460B46BD
:104CD00000210AB900207047916801E05B1E096855
:104CE00009B1002BFAD10846F5E7F0B504460B46AA
:104CF000092A10D2DFE802F00F0507090B0F0F0F8A
:104D00000D0001210CE003210AE0072108E00F213A
:104D100006E0FF2104E001209040401EC1B200BF28
:104D200000BFDD0803F00703981808280CD3681C9F
:104D3000205C675D00EB072086B2C3F11000871A84
:104D400046FA07F00840F0BD605DC3F10806B61AE8
:104D500030410840F7E72E20704700002DE9FC475E
:104D600081460E4616B90020BDE8FC87D9F81040F0
:104D70006069B04201D1A069F6E70025ADE005EB1E
:104D80008501A06850F82100371A05EB8501A0685D
:104D900000EB81008088B84200D29CE04FF0000810
:104DA00005EB8501A06800EB8100807C022808D11A
:104DB00005EB8501A06800EB8100C08800EB0708C7
:104DC00084E005EB8501A06800EB8100807C78B968
:104DD00005EB8502A16801EB8201C86805EB85023D
:104DE000A16801EB8201C988C25D01EB02086DE098
:104DF00005EB8501A06800EB8100807C03282AD1A7
:104E0000B8B201903A48009005EB8503A06800EB2A
:104E10008300028A05EB8503A06800EB8300022370
:104E2000816801A8F8F7F4FA8246BAF1000F11D0B0
:104E300005EB8502A16801EB82018968AAEB0101FB
:104E4000481005EB8502A16801EB8201C98801EBDE
:104E5000000800BF3AE005EB8501A06800EB810087
:104E6000807C012832D1B8B201902148009005EB36
:104E70008503A06800EB8300028A05EB8503A06828
:104E800000EB83000223816801A8F8F7C1FA82468B
:104E9000BAF1000F19D005EB8503A26802EB83027B
:104EA0009268AAEB0202501005EB8503A26802EBA0
:104EB0008302D16805EB8503A26802EB8302D288E6
:104EC00031F8103002EB030800BF00BF6661C4F880
:104ED0001880404648E7681C85B2608AC0F3080025
:104EE000A8423FF74CAF66610020A06100BF3BE7DE
:104EF000894802082DE9FC5F80460D461646D8F821
:104F000010704FF0000A788AC0F34030002840D17A
:104F1000FC68A068800FD8B9D4F8009005EB062093
:104F200080B2019026480090A06820F04042022301
:104F3000494601A8F8F76CFA8346BBF1000F06D08A
:104F4000ABEB09014810616811F900A000BF1FE038
:104F50000121A068B1EB907F1AD1D4F8009005EB45
:104F60000640019017480090A06820F040420423BA
:104F7000494601A8F8F74CFA8346BBF1000F06D06A
:104F8000ABEB09018810616811F900A000BF00BFF8
:104F900012E0F8684368595D83689A5D00290ADD6C
:104FA000002A08DD531E4C1E90F80DC004FB0C3384
:104FB000046814F903A000BF5046BDE8FC9F000040
:104FC0002F5301080F53010870B505460C462846BB
:104FD00000F02BF8204470BD2DE9F04105460E4647
:104FE0001746002405B116B90020BDE8F081AC6871
:104FF0005FB100E024688CB1206A78B13046216A44
:10500000EEF772F90028F5D108E000E024682CB131
:105010003046216AFAF72AFF0028F7D10CB1206A3E
:1050200008B90020E1E72046DFE7014601F00F0163
:105030000220092901DA801C08E00C2901DA801C11
:1050400004E00E2901DA401C00E0001D70472DE944
:10505000F84F06460F461EB94FF0FF30BDE8F88FF7
:10506000306810B94FF0FF30F8E707F0FF0A4FEA59
:1050700017284FF0FF3B5846009000241FE0D14511
:1050800018D12146304600F02FF805466806B0EBEF
:10509000486F01D12046E1E705F07F0020EA0800D3
:1050A00038B905F07F00584503DD05F07F0B20B2CD
:1050B000009000BF21464846FFF786FF0446214680
:1050C000304600F01AF88146FF28D8D10098C5E78D
:1050D00038B504460D462068411902226846F6F7A5
:1050E0009DFFBDF8000038BD70B504460D46294649
:1050F0002046FFF7EDFF000A70BD70B504460D466F
:1051000029462046FFF7E4FFC0B270BD2DE9F04705
:1051100005460C462146284607F042FA002128465B
:1051200007F005FE06460021284607F012FE074656
:105130000021284607F01FFE80460021284607F080
:10514000DBFD81462088304400B22080A088C01B4F
:1051500000B2A0806088404400B26080E088A0EB8C
:10516000090000B2E080BDE8F0872DE9F04786B085
:1051700004460E461546B4F9080070430712BD42B6
:1051800007DC60880590BDF81410084606B0BDE83D
:10519000F087B4F90A0070434FEA202A554505DB31
:1051A000A0880490BDF810100846EFE7B4F90A0093
:1051B000B4F90810A0EB010806FB08F04FEA20281C
:1051C000E81B05B2C5EB052090FBF8F000F0FF09E5
:1051D00060880290A0884A460190029901F0B2FCD2
:1051E0000390BDF80C100846D0E701460020302996
:1051F00005DB392903DCA1F13002D0B21CE06129C2
:1052000002DBA1F12002D1B2A1F14102062A10D2A3
:10521000DFE802F0030507090B0D0A200BE00B2065
:1052200009E00C2007E00D2005E00E2003E00F2030
:1052300001E0002000BF00BF704770472DE9F0413A
:105240000B3020F00706104D19E02068B04215D34E
:10525000B0420AD9871B201DD4F80480EEF707F866
:10526000A019C0E90078286004E060682860201D6B
:10527000EDF7FDFF201D2660BDE8F081251D2C689F
:10528000002CE2D10020F7E7EC0100202DE9F041ED
:1052900080460C46174638460DF073FC08B9BDE849
:1052A000F08100240CE02146404607F0B2FC06469F
:1052B00006B907E0706820F480607060601CC4B2BA
:1052C000402CF0DB00BF40240CE02146404607F0B4
:1052D000A0FC064606B907E0706820F480607060A4
:1052E000601CC4B2FF2CF0DB00BF0021404607F079
:1052F00031F9054607E028460FF04AFC29464046AA
:1053000007F028F90546002DF5D100BFC7E730B5F5
:10531000024614460B4620881D88A84203D02088E8
:105320001D88401B30BD60885D88401BFAE730B5A2
:10533000024614460B4620781D78A84203D02078F8
:105340001D78401B30BD60785D78401BFAE7000097
:105350001CB57A4800686C3009F0ACFF0022114699
:10536000764800686C300AF0BEF8002001F0D2FEEA
:10537000502101EB8000A02190FBF1F0012809DD14
:10538000002001F0C7FE502101EB8000A02190FB1E
:10539000F1F000E0012004B22246002167480068D5
:1053A0006C3009F0CAFF02220021644800686C30AA
:1053B00009F0B7FF00200190614890F8200000F04C
:1053C000020080B15E4890F8200000F0020020B199
:1053D0005C4801F0ABFA009007E06FF07F4001F00D
:1053E000A5FA009001E00198009000215348009A2E
:1053F00000686C3009F07EFF5148C08902460421E4
:1054000000904E4800686C3009F074FF002001F0F5
:1054100081FE00EB80005030A02190FBF1F00128CC
:1054200009DD002001F076FE00EB80005030A02165
:1054300090FBF1F000E0012004B2224600213F4839
:1054400000686C300AF01FF8002001F063FE00EBEA
:1054500080005030A02190FBF1F0012809DD0020F0
:1054600001F058FE00EB80005030A02190FBF1F0DD
:1054700000E0012004B222460021304800686C3070
:105480000AF00DF8002001F045FE00EB80005030DE
:10549000A02190FBF1F0012809DD002001F03AFE87
:1054A00000EB80005030A02190FBF1F000E00120E3
:1054B00004B222460021214800686C3009F0FBFF4D
:1054C000002001F027FE00EB80005030A02190FB6F
:1054D000F1F0012809DD002001F01CFE00EB800046
:1054E0005030A02190FBF1F000E0012004B22246F0
:1054F0000021124800686C3009F0ADFF002001F077
:1055000009FE00EB40005030A02190FBF1F0012893
:1055100009DD002001F0FEFD00EB40005030A0212D
:1055200090FBF1F000E0012004B222460021034884
:1055300000686C3009F09BFF1CBD0000E0010020FA
:105540009C960020423E3B0070470000F8B5414861
:105550000068703009F0AEFEFF2200213D4800686F
:10556000703009F0BBFE3C480021C2683948006831
:10557000703009F0A8FE0222002136480068703021
:1055800009F0DBFE7F22002132480068703009F00C
:10559000BCFE4C213048C06801F0F2F902460021FF
:1055A00000902C480068703009F0A4FE47F6FF72A6
:1055B000002128480068703009F095FF002001F0B4
:1055C000A9FDC0EB00105030A02190FBF1F00128A4
:1055D00009DD002001F09EFDC0EB00105030A0213D
:1055E00090FBF1F000E0012004B2224600211948AE
:1055F0000068703009F0BCFF17480021C2681548E8
:105600000068703009F0A9FF1248006800F17004CA
:105610000025284601F07EFD00EB80005030A021DF
:1056200090FBF1F0012809DD002001F073FD00EB93
:1056300080005030A02190FBF1F000E0012006B284
:10564000532040EA052132462046F7F74AFC00BFC6
:10565000F8BD0000E00100209C96002070472DE975
:10566000F04F85B007468B4691461E460E9DE86971
:1056700000FB0BF080120490E86900280DDD04980F
:10568000484516DD95F82800C0F3400018B1012008
:1056900005B0BDE8F08F0020FAE70498484508DA25
:1056A00095F82800C0F3400008B10120F0E7002081
:1056B000EEE70BEB0601E869484380120490E869C5
:1056C00000280BDD0498484514DA95F82800C0F34B
:1056D000400008B10020DBE70120D9E704984845E5
:1056E00008DD95F82800C0F3400008B10020CFE79E
:1056F0000120CDE7E869002806DD4FEA0920A96905
:1057000048438012039006E009F101000002A969F4
:105710004843801203900398001202900398C0B28D
:105720000190019810B94FF0FF0807E00198C0F10F
:10573000FF00696A4843FF21A1EB20280298A0EBF3
:105740000B040198D8B1002C18DBB44216DA01988A
:10575000C0F1FF00C8F1FF014843FF21A1EB602029
:1057600000F0FF0A95F82800C0F3400008B1CAF124
:10577000FF0A385D51460AF0E5FF3855641C1BE00E
:10578000002C12DBB44210DAA88CA8EB600000F009
:10579000FF0A95F82800C0F3400008B1CAF1FF0ADB
:1057A000385D51460AF0CEFF3855686AA8EB00080C
:1057B000641CB44200DB02E0686A4045E0DB00BFE5
:1057C000B4421DDA002C1BDBA86900FB08F0801234
:1057D0000090009800FB08F0C0F3472AE869002811
:1057E00001DACAF1FF0A95F82800C0F3400008B1B9
:1057F000CAF1FF0A385D51460AF0A4FF385500BFD0
:1058000095F82800C0F3400068B10298A0EB0B04A3
:10581000B44201DD00203BE7002C0FDB2146384677
:10582000F6F766FC0AE0641C002C01DA00202FE782
:10583000B44203DC311B3819F6F75AFC022027E783
:105840002DE9FF4F87B007468A461E46149DA8697A
:105850000999484380120690A869002802DD06983D
:10586000401C0690069850450ADA95F82800C0F3C7
:10587000400018B101200BB0BDE8F08F0020FAE71E
:10588000A86909994843801206900AEB0601069818
:10589000814208DA95F82800C0F3400008B10020E2
:1058A000E9E70120E7E709980002A9694843801267
:1058B000059005984FEA202B0598C0B204900998EE
:1058C000401C0002A969484380120390039800120B
:1058D00002900398C0B20190ABEB0A040298834592
:1058E00009D0A869002806DA049820B9FF2004909E
:1058F000DDF808B0641E0298834534D1002C12DB19
:10590000B44210DA019904980844C0F3470895F8A6
:105910002800C0F3400008B1C8F1FF08385D4146D7
:105920000AF010FF3855641C95F82800C0F34000B9
:1059300060B1ABEB0A04B44201DB00209BE7002C12
:1059400003DB21463846F6F7D3FBC9E0B44200DD5D
:1059500034460CB900208EE7002CF6DD311B3819D7
:10596000F6F7C6FBBCE0A86900285ADAE8694042AD
:10597000049948434FEAA029002C12DBB44210DA04
:10598000049809FB00F0C0F3472895F82800C0F3FD
:10599000400008B1C8F1FF08385D41460AF0D2FE68
:1059A0003855641EC9F1FF00A96949424843801275
:1059B0000090002C16DBB44214DAC9F1FF00009904
:1059C0004843FF21A1EB602000F0FF0895F8280074
:1059D000C0F3400008B1C8F1FF08385D41460AF045
:1059E000B1FE3855A41C95F82800C0F3400068B1FA
:1059F000ABEB0A00441EB44201DD344610E0002C3B
:105A00000EDD21463846F6F773FB09E0B44201DDAE
:105A1000012030E7002C03DB311B3819F6F768FB57
:105A20005DE00498C0F1FF00E96948434FEAA0290E
:105A3000002C17DBB44215DA0498C0F1FF0000FB1C
:105A400009F0FF21A1EB602000F0FF0895F8280085
:105A5000C0F3400008B1C8F1FF08385D41460AF0C4
:105A600071FE3855641CC9F1FF00A96948438012D2
:105A70000090002C13DBB44211DAC9F1FF00009949
:105A80004843C0F3472895F82800C0F3400008B108
:105A9000C8F1FF08385D41460AF054FE3855641CD1
:105AA00095F82800C0F3400060B1ABEB0A04B442A3
:105AB00001DD0020DFE6002C10DB21463846F6F73A
:105AC00017FB0BE0B44200DD34460CB90020D2E6EF
:105AD000002C03DD311B3819F6F70AFB00BF00BFAD
:105AE0000220C8E638B58A480068743009F0E2FB45
:105AF00047F6FF72002186480068743009F0F3FC15
:105B0000002001F007FB00EB8000502101EB80003A
:105B1000A02190FBF1F001280BDD002001F0FAFA42
:105B200000EB8000502101EB8000A02190FBF1F000
:105B300000E0012004B2224600217548006874305C
:105B400009F0A1FC002001F0E5FA00EB80005021F3
:105B500001EB8000A02190FBF1F001280BDD00207B
:105B600001F0D8FA00EB8000502101EB8000A02169
:105B700090FBF1F000E0012004B2224600216448CD
:105B80000068743009F08BFC002001F0C3FA00EBD0
:105B90008000502101EB8000A02190FBF1F0012852
:105BA0000BDD002001F0B6FA00EB8000502101EB84
:105BB0008000A02190FBF1F000E0012004B2224619
:105BC000002153480068743009F075FC002001F092
:105BD000A1FAC0EB0010502101EB4000A02190FB86
:105BE000F1F001280BDD002001F094FAC0EB001069
:105BF000502101EB4000A02190FBF1F000E00120DA
:105C000004B22246002142480068743009F02FFC9B
:105C1000002001F07FFA00EBC00101EB00105030D2
:105C2000A02190FBF1F001280BDD002001F072FAB9
:105C300000EBC00101EB00105030A02190FBF1F00F
:105C400000E0012004B2224600213148006874308F
:105C500009F077FC2F480021C2682D480068743095
:105C600009F08FFB2B480021C26829480068743076
:105C700009F05CFC40F6880000F066FE0246002158
:105C8000009023480068743009F039FC002001F0CE
:105C900041FA00EB8000502101EB4000A02190FB75
:105CA000F1F001280BDD002001F034FA00EB800058
:105CB000502101EB4000A02190FBF1F000E0012019
:105CC00004B22246002112480068743009F070FBCB
:105CD000002001F01FFAC0EBC0005030A02190FB63
:105CE000F1F0012809DD002001F014FAC0EBC0003A
:105CF0005030A02190FBF1F000E0012004B22246D8
:105D0000002103480068743009F004FC38BD00002D
:105D1000E00100209C96002038B5FA4800687830F1
:105D200009F0C8FA01220021F6480068783009F02D
:105D300010FB00221146F3480068783009F0A3FBFD
:105D400000221146EF480068783009F0A8FB0022D5
:105D50001146EC480068783009F0ADFB002211468E
:105D6000E8480068783009F076FB00221146E548E3
:105D70000068783009F07BFBE24800687C3009F06D
:105D800099FAFF220021DF4800687C3009F0A6FA6A
:105D9000DD4890F8200000F0020028B16FF07F404D
:105DA00000F0C4FD009003E0D84800F0BFFD009073
:105DB0000021D448009A00687C3009F084FAD24867
:105DC00090F8200000F0020020B1D14800F0AEFDB4
:105DD000009003E0CF4800F0A9FD00901021C948D1
:105DE000009A00687C3009F06EFAC74890F82000ED
:105DF00000F0020028B16FF07F4000F097FD0090A6
:105E000003E0C24800F092FD00902021BD48009AB6
:105E100000687C3009F057FABB480121C268B948D4
:105E200000687C3009F04FFA3321B748C06800F0B1
:105E30001EFD024611210090B24800687C3009F036
:105E400042FAB14890F8200000F0020020B1B248B8
:105E500000F06CFD009004E06FF07F4000F066FD04
:105E600000900021A748009A00687C3009F098FB58
:105E7000A54890F8200000F0020028B16FF07F40A4
:105E800000F054FD009004E06FF07F4000F04EFD04
:105E9000009001219B48009A00687C3009F080FB4B
:105EA000994890F8200000F0020028B140F6AA209E
:105EB00000F04AFD009004E040F6991000F044FD27
:105EC000009020218F48009A00687C3009F068FB20
:105ED0008D4890F8200000F0020020B18E4800F0BC
:105EE00025FD009004E06FF07F4000F01FFD009062
:105EF00000218448009A00687C3009F036FA824814
:105F000090F8200000F0020028B16FF07F4000F010
:105F10000DFD009004E06FF07F4000F007FD009061
:105F200001217848009A00687C3009F01EFA764812
:105F300090F8200000F0020028B140F6AA2000F0FE
:105F400003FD009004E040F6991000F0FDFC009085
:105F500020216C48009A00687C3009F006FA012282
:105F60000021684800687C3009F0DBF9664890F849
:105F7000200000F0020020B1684800F0D7FC00903B
:105F800003E0674800F0D2FC009000215D48009AD1
:105F900000687C3009F0AEF95B480221C2685948BC
:105FA00000687C3009F0A6F90122002155480068FC
:105FB0007C3009F0C2F95448C089024602210090A1
:105FC000504800687C3009F017FA4F4890F82000DC
:105FD00000F0200008B1002015E0002001F09AF840
:105FE000502101EB4000A02190FBF1F0012809DDD8
:105FF000002001F08FF8502101EB4000A02190FB20
:10600000F1F000E0012004B2224602213D48006880
:106010007C3009F014FA002001F07CF8502101EBEB
:106020004000A02190FBF1F0012809DD002001F0E3
:1060300071F8502101EB4000A02190FBF1F000E04D
:106040000120404204B2224602212E4800687C30E2
:1060500009F0E9F9002001F0BDF8012816DC002064
:1060600001F058F8C0EB00105030A02190FBF1F087
:10607000012809DD002001F04DF8C0EB0010503080
:10608000A02190FBF1F01BE0012019E0002001F0BD
:1060900041F8C0EB0010502101EB4000A02190FB23
:1060A000F1F001280BDD002001F034F8C0EB001006
:1060B000502101EB4000A02190FBF1F000E0012015
:1060C00004B2224600210F4800687C3009F0DBF959
:1060D000002001F07FF8012826DC002001F01AF8EA
:1060E000C0EB00105030A02190FBF1F0012819DD29
:1060F000002001F00FF8C0EB00105030A02190FB01
:10610000F1F02BE0E00100209C9600207362580023
:10611000EEEEEE00574F4900423E3B00E3DDD60075
:10612000978A8000012019E0002000F0F3FFC0EB07
:106130000010502101EB4000A02190FBF1F001285C
:106140000BDD002000F0E6FFC0EB0010502101EB5A
:106150004000A02190FBF1F000E0012004B22246B3
:106160000021C84800687C3009F099F9002001F04E
:1061700031F8012816DC002000F0CCFFC0EB001045
:106180005030A02190FBF1F0012809DD002000F043
:10619000C1FFC0EB00105030A02190FBF1F01BE0DC
:1061A000012019E0002000F0B5FFC0EB00105021E5
:1061B00001EB4000A02190FBF1F001280BDD002055
:1061C00000F0A8FFC0EB0010502101EB4000A0211F
:1061D00090FBF1F000E0012004B222460021A94822
:1061E00000687C3009F067F9002000F0F3FF012817
:1061F00016DC002000F08EFFC0EB00105030A02114
:1062000090FBF1F0012809DD002000F083FFC0EBD6
:1062100000105030A02190FBF1F01BE0012019E0AC
:10622000002000F077FFC0EB0010502101EB400090
:10623000A02190FBF1F001280BDD002000F06AFFA7
:10624000C0EB0010502101EB4000A02190FBF1F0C9
:1062500000E0012004B2224600218A4800687C3018
:1062600009F0F9F8002000F0B5FF012816DC002045
:1062700000F050FFC0EB00105030A02190FBF1F077
:10628000012809DD002000F045FFC0EB0010503070
:10629000A02190FBF1F01BE0012019E0002000F0AC
:1062A00039FFC0EB0010502101EB4000A02190FB12
:1062B000F1F001280BDD002000F02CFFC0EB0010F6
:1062C000502101EB4000A02190FBF1F000E0012003
:1062D00004B2224600216B4800687C3009F0C7F800
:1062E000002000F077FF012816DC002000F012FFEC
:1062F000C0EB00105030A02190FBF1F0012809DD27
:10630000002000F007FFC0EB00105030A02190FBF0
:10631000F1F01BE0012019E0002000F0FBFEC0EBD3
:106320000010502101EB4000A02190FBF1F001286A
:106330000BDD002000F0EEFEC0EB0010502101EB61
:106340004000A02190FBF1F000E00120404204B2A7
:10635000224600214B4800687C3009F03AF90020C1
:1063600000F0D8FE502101EB4000A02190FBF1F09D
:10637000012809DD002000F0CDFE502101EB400096
:10638000A02190FBF1F000E00120404204B222463F
:1063900010213C4800687C3009F01BF9002000F017
:1063A000B9FE502101EB4000A02190FBF1F0012843
:1063B00009DD002000F0AEFE502101EB4000A021DD
:1063C00090FBF1F000E00120404204B2224601219E
:1063D0002C4800687C3009F0FCF8002000F09AFEA0
:1063E000502101EB4000A02190FBF1F0012809DDD4
:1063F000002000F08FFE502101EB4000A02190FB17
:10640000F1F000E00120404204B2224620211D4864
:1064100000687C3009F0DDF8002000F07BFE5021A0
:1064200001EB4000A02190FBF1F0012809DD0020E4
:1064300000F070FE502101EB4000A02190FBF1F034
:1064400000E00120404204B2224602210D480068CB
:106450007C3009F0BEF8002211460A4800687C3002
:1064600009F0E7F829220021064800687C3009F08D
:10647000D4F804220021034800687C3009F0C1F8F8
:1064800038BD0000E00100202DE9F04107460D462F
:106490004FF000081048F5F717FA044617E02146B8
:1064A0000D48F5F716FA06462068B8420ED1606826
:1064B000A84200D055B921460748F5F7E5FA20462D
:1064C00005F0B0FAF7F766FB4FF001083446002CF0
:1064D000E5D14046BDE8F0814C59002070B5054635
:1064E0000E460B48F5F7F0F904460CE02068A84288
:1064F00004D16068B04201D1204670BD21460448F5
:10650000F5F7E7F90446002CF0D10020F5E700008C
:106510004C59002070B5044640212046F5F7E8FDAF
:106520004FF4FA7060620020A0616420206204F1E0
:1065300010010B4A04200B46154604E02E781E700D
:106540005B1C6D1C401E0028F8D100BF0120208775
:1065500094F83A0020F00100401C84F83A0070BD25
:1065600054920208F8B507460C464FF4806000903C
:1065700000231946D4E90920F5F7CBFA0646A169AC
:10658000206A401A00FB06F5AD12A069054428B246
:10659000F8BD4A42826270474A4282627047416057
:1065A0007047416070474160704701637047C16048
:1065B000704701877047416270474162704741628E
:1065C00070478161C161026270478161C16102628D
:1065D00070478161C161026270470160704701606C
:1065E00070470160704730B503468D1A002D01DDFC
:1065F0008D1A00E0551A2C464FF47A756543B5FBA9
:10660000F3F000B9401C30BD70B50546686818B19C
:10661000D5E90001FFF738FF1D48F5F7F4F918B187
:1066200009F0C8FA1B4908601948F5F772F90446E1
:1066300000BF204600F040FC30B92246002316A0DF
:1066400000F040FC00BFFEE700BF04B970BD686AFF
:10665000E8631548017895F83A0061F3820085F8FF
:106660003A00402229462046F5F790FB94F83A007C
:1066700000F0010040B1606830B1206820B1238B88
:1066800019B2D4E900029047F7F784FA00BFDDE7BA
:106690004C590020640100204F7574206F66206DF6
:1066A000656D6F72790000006901002070B50446C5
:1066B0000D46082229462046F5F7A4FC70BDF0B52A
:1066C000024613460C4608201D46264604E037784D
:1066D0002F706D1C761C401E0028F8D100BFF0BD45
:1066E00070B504460D46082229462046F5F7A2FC5F
:1066F00070BDF0B5024613460C4608201D462646DE
:1067000004E037782F706D1C761C401E0028F8D1ED
:1067100000BFF0BDF0B5024613460C4608201D46EA
:10672000264604E037782F706D1C761C401E00282A
:10673000F8D100BFF0BD0146C8884A88801A401CC5
:1067400000B270470146C8884A88801A401C00B2CF
:1067500070470146C8884A88801A401C00B27047BA
:106760000146C8884A88801A401C00B2704701461A
:10677000C8884A88801A401C00B270470146C88801
:106780004A88801A401C00B270470146C8884A886F
:10679000801A401C00B270470146C8884A88801A97
:1067A000401C00B2704710B50146B1F90420B1F9A0
:1067B0000030D21A521CB1F90630B1F902401B1B4D
:1067C0005B1C02FB03F010BD014688880A88801A12
:1067D000401C00B27047014688880A88801A401C15
:1067E00000B27047014688880A88801A401C00B2AF
:1067F0007047014688880A88801A401C00B270479A
:10680000014688880A88801A401C00B270470146F9
:1068100088880A88801A401C00B270470146888820
:106820000A88801A401C00B27047014688880A888E
:10683000801A401C00B27047014688880A88801A76
:10684000401C00B27047014688880A88801A401CA4
:1068500000B2704710B5029C018042808380C480E2
:1068600010BD42880A44521E12B2C280704713B54E
:1068700082B00C46002001902246DDE9010100F0C3
:10688000FFF90090BDF80010084604B010BD37B500
:1068900003461C4604F0030525B1BDF804501D80D5
:1068A0009B1C521EBDF8045005EB0541184610E034
:1068B0000160001D0160001D0160001D0160001DE0
:1068C0000160001D0160001D0160001D0160001DD0
:1068D000103A102AECD8034604E0BDF804501D809D
:1068E0009B1C521E002AF8D13EBD3CB50146C1F3A7
:1068F0000740C1F30722CBB2DD08BDF8004065F3C5
:10690000040495080094BDF8004065F34A14C508D6
:106910000094BDF8004065F3CF240094BDF800500A
:106920002C460194BDF8042010463CBD38B5044601
:10693000E2B2C4F30721C4F3074000F04DF8009021
:10694000BDF80010084638BD38B5044604F00F0500
:10695000234665F31F131A4604F0F003C4F303152E
:1069600043EA0501F02303EA1413C4F3032543EAC1
:10697000050000F031F80090BDF80010084638BD61
:1069800013B582B00C460748006801902246DDE945
:10699000010100F075F90090BDF80010084604B040
:1069A00010BD00005C92020818B50346D408BDF87B
:1069B000000064F304008C080090BDF8000064F34C
:1069C0004A10DC080090BDF8000064F3CF2000906E
:1069D000BDF80040204618BD18B50346D408BDF8E0
:1069E000000064F304008C080090BDF8000064F31C
:1069F0004A10DC080090BDF8000064F3CF2000903E
:106A0000BDF80040204618BD07B581B0BDF80800AC
:106A1000C00AC2F1FF014843BDF80410C90A01FBD6
:106A20000200803000EBC01101EBC030C00DBDF89A
:106A3000001060F3CF210091BDF80800C0F34510AD
:106A4000C2F1FF014843BDF80410C1F3451101FB39
:106A50000200803000EBC01101EBC030C00DBDF86A
:106A6000001060F34A110091BDF8080000F01F000B
:106A7000C2F1FF014843BDF8041001F01F0101FB02
:106A80000200803000EBC01101EBC030C00DBDF83A
:106A9000001060F30401009100BF00BFBDF80010BA
:106AA000084604B000BD07B581B0BDF80800C00AB3
:106AB000C2F1FF014843BDF80410C90A01FB0200FE
:106AC000803000EBC01101EBC030C00DBDF80010EC
:106AD00060F3CF210091BDF80800C0F34510C2F16A
:106AE000FF014843BDF80410C1F3451101FB02004A
:106AF000803000EBC01101EBC030C00DBDF80010BC
:106B000060F34A110091BDF8080000F01F00C2F1C7
:106B1000FF014843BDF8041001F01F0101FB020012
:106B2000803000EBC01101EBC030C00DBDF800108B
:106B300060F30401009100BF00BFBDF800100846DB
:106B400004B000BD07B581B0BDF80800C00AC2F1AD
:106B5000FF014843BDF80410C90A01FB0200803060
:106B600000EBC01101EBC030C00DBDF8001060F3A8
:106B7000CF210091BDF80800C0F34510C2F1FF011C
:106B80004843BDF80410C1F3451101FB02008030F9
:106B900000EBC01101EBC030C00DBDF8001060F378
:106BA0004A110091BDF8080000F01F00C2F1FF017A
:106BB0004843BDF8041001F01F0101FB02008030C2
:106BC00000EBC01101EBC030C00DBDF8001060F348
:106BD0000401009100BF00BFBDF80010084604B0DA
:106BE00000BD07B581B0BDF80800C00AC2F1FF01C1
:106BF0004843BDF80410C90A01FB0200803000EBD5
:106C0000C01101EBC030C00DBDF8001060F3CF2102
:106C10000091BDF80800C0F34510C2F1FF014843E0
:106C2000BDF80410C1F3451101FB0200803000EBF8
:106C3000C01101EBC030C00DBDF8001060F34A1167
:106C40000091BDF8080000F01F00C2F1FF014843A9
:106C5000BDF8041001F01F0101FB0200803000EBC1
:106C6000C01101EBC030C00DBDF8001060F304018D
:106C7000009100BF00BFBDF80010084604B000BD81
:106C800007B581B0BDF80800C00AC2F1FF01484352
:106C9000BDF80410C90A01FB0200803000EBC011EE
:106CA00001EBC030C00DBDF8001060F3CF210091A2
:106CB000BDF80800C0F34510C2F1FF014843BDF81C
:106CC0000410C1F3451101FB0200803000EBC0113C
:106CD00001EBC030C00DBDF8001060F34A11009107
:106CE000BDF8080000F01F00C2F1FF014843BDF8E5
:106CF000041001F01F0101FB0200803000EBC01105
:106D000001EBC030C00DBDF8001060F3040100912C
:106D100000BF00BFBDF80010084604B000BD07B5B5
:106D200081B0BDF80800C00AC2F1FF014843BDF8B8
:106D30000410C90A01FB0200803000EBC01101EB16
:106D4000C030C00DBDF8001060F3CF210091BDF838
:106D50000800C0F34510C2F1FF014843BDF804101C
:106D6000C1F3451101FB0200803000EBC01101EBC3
:106D7000C030C00DBDF8001060F34A110091BDF89D
:106D8000080000F01F00C2F1FF014843BDF80410E5
:106D900001F01F0101FB0200803000EBC01101EB8C
:106DA000C030C00DBDF8001060F30401009100BFB9
:106DB00000BFBDF80010084604B000BD07B581B0A3
:106DC00003461888BDF80810C90A01FB020080308C
:106DD00000EBC01101EBC030C00DBDF8001060F336
:106DE000CF2100915888BDF80810C1F3451101FB6F
:106DF0000200803000EBC01101EBC030C00DBDF8C7
:106E0000001060F34A1100919888BDF8081001F055
:106E10001F0101FB0200803000EBC01101EBC0300C
:106E2000C00DBDF8001060F30401009100BF00BF69
:106E3000BDF80010084604B000BD07B581B0034698
:106E40001888BDF80810C90A01FB0200803000EB69
:106E5000C01101EBC030C00DBDF8001060F3CF21B0
:106E600000915888BDF80810C1F3451101FB0200DC
:106E7000803000EBC01101EBC030C00DBDF8001038
:106E800060F34A1100919888BDF8081001F01F01C5
:106E900001FB0200803000EBC01101EBC030C00DDF
:106EA000BDF8001060F30401009100BF00BFBDF801
:106EB0000010084604B000BD014609B1012070472A
:106EC0000020FCE72DE9F047C0B081461746984600
:106ED0004846ECF702FA05464FF0040AE62D2AD29E
:106EE0006C462A4649462046F4F750FF2C442020A1
:106EF0002070641C28202070641C30202070641CCA
:106F000078202070641C0120C0EB4A0046B20AE0E1
:106F1000B10027FA01F101F00F000849095C217066
:106F2000641C701E46B2002EF2DA29202070641C08
:106F30000020207000BF40B0BDE8F0875E920208DC
:106F40002DE9F04104460F4615461E4624212046F1
:106F5000F5F7CEF8276065602068A060E660BDE8C0
:106F6000F081000038B504462C212046F5F7C0F822
:106F70000020E0604FF4A0702080F02060800020AE
:106F80006060A06820F00600A060A06820F0080003
:106F9000A060094800680090BDF8000020853C21F1
:106FA000A06861F30D10A060A06820F00100401CF3
:106FB000A0600020606138BD4C920208F8B505461B
:106FC0004448F4F7A6FC044674B900BF2046FFF716
:106FD00073FF30B9224600233FA0FFF773FF00BFC5
:106FE000FEE700BF0020F8BD4FF4C0712046F5F762
:106FF0007FF82C2229462046F4F7C8FE4C2104F1E4
:107000003000F4F77EFC0020C4F87C0136480068AC
:1070100008B93548046034480668046023460322F2
:107020001E21324808F028FBE06200BFE06AFFF74B
:1070300043FF38B9E16A0A46002327A0FFF742FF61
:1070400000BFFEE700BFE06A08B90020CBE70021DF
:10705000D4F8780161F31940C4F878010020C4F82D
:107060007C01234800680090BDF80000A4F852009D
:1070700000206065FF2084F8580000202064084646
:1070800004F0D2FEE0630021084604F0CDFEA064C7
:107090000021084604F0C8FEE0640021A06C06F060
:1070A00008FD0021E06C06F004FD0021A06C06F054
:1070B0000DFD0021E06C06F009FDE06B06F0D8FA4A
:1070C00009480660E06A08F081FC204600F0CAF832
:1070D000204688E71C5900204F7574206F66206D8C
:1070E000656D6F72790000005801002001AA000848
:1070F000509202080021426891614268D161704754
:107100000146486870470000014800687047000069
:107110005801002000B5014611B9FFF7F5FF0146FF
:1071200009B93C2000BD0889C0F30910FAE700B591
:10713000014611B9FFF7E8FF014611B94FF4A070FD
:1071400000BD087AC0F34100012802D0032804D111
:1071500000E000BFB1F90200F2E7B1F90000EFE78B
:1071600010B5044614B9FFF7CFFF04460CB9002050
:1071700010BDE06CFCE710B5044614B9FFF7C4FF7E
:1071800004460CB9002010BDA06CFCE710B5044605
:107190001CB90448F4F798FB10BD21460148F4F7E8
:1071A00098FBF9E71C59002010B5044614B9FFF705
:1071B000ABFF04460CB9002010BDE06BFCE710B536
:1071C000044614B9FFF7A0FF04460CB9002010BD17
:1071D000206CFCE710B5034613B9FFF795FF034693
:1071E00013B94FF4A07203E01846FFF7A0FF024660
:1071F0001846FFF78FFF044602EB82004000B0FB09
:10720000F4F21E2A01D2002010BD322A01D2012040
:10721000FAE7462A01D20220F6E70320F4E700B598
:10722000014611B9FFF770FF014609B9F02000BD12
:10723000087AC0F34100012802D0032804D100E0FD
:1072400000BFB1F90000F2E7B1F90200EFE7014633
:107250004868006820B14868406808B1012070475C
:107260000020FCE700B50246B2F90000B2F90210B6
:1072700000FB01F31046FFF7EAFF28B15068C06831
:10728000984201D1012000BD0020FCE770B5044602
:10729000204605F0A3F9054605B970BDEC6320460C
:1072A00006F0E6F900BFF8E72DE9F0410746884609
:1072B00015461E4635B90DA2414638460BF040FA38
:1072C000BDE8F0813078022800DCF9E733462A4631
:1072D0004146384602F0C0FF04462CB903A241469D
:1072E00038460BF02DFAEBE700BFE9E74E6F0A6472
:1072F0006174610038B5044610212046F4F7F8FEA9
:1073000000200090BDF80000A081FF202070401CEC
:1073100020810120E07338BD2DE9FF4FB7B08146D1
:1073200014461E46449F207B022802DC3BB0BDE889
:10733000F08FD4F808A0307800B9F7E7494634A8B0
:10734000389AF3F797F83390339800B9EEE794F84A
:10735000210000F0020020B94846FFF751FA3690AC
:1073600013E094F8210047F61842B4F90E10CDE965
:1073700000120290B4F9103031460AA8A268F5F75D
:1073800067FFBDF92800369000BF00BFBAF90800BA
:107390003290B4F90E1032980844319000203090A9
:1073A000B9F80000ADF8BC00B9F80200ADF8BE00B5
:1073B00000202E902D90B4F91C002E90B4F91E00E0
:1073C0002D90BDF8BE102D98084400B2ADF8BE0057
:1073D0000025681E2C90FFB12D98E8B9B9F902007C
:1073E000002819DAB9F90210B868401A002804DD3B
:1073F000B9F90210B868401A03E0B9F90200B96897
:10740000401A31994900C1F58061884202DD4FF090
:10741000FF30386038682C9057B12C98002807DB73
:107420002C9DBDF8BE00B988084400B2ADF8BE007E
:1074300094F821000090B4F91020701936990BB21D
:107440005146F5F78BFE00EB050829E0454694F818
:1074500021000090B4F91020701936990BB25146F2
:10746000F5F77CFE8044BDF8BE103198084400B2A8
:10747000ADF8BE008FB1BDF9BE0010F5806F0CDB1A
:107480003868002809DA3D60BDF9BE00B9F902107C
:10749000401A7860B9F90200B860705D00B945E73C
:1074A000BDF9BE10329801443898B0F9020081420B
:1074B000CCDB94F8210000F00400D8B194F821004E
:1074C0000090B4F91030A8EB050170195246F5F799
:1074D0002FFF30904846FFF793F93099A0EB010B4E
:1074E0000BEBDB70BDF8BC1001EB600000B2ADF837
:1074F000BC001BE094F8210000F00800B0B194F843
:1075000021000090B4F91030A8EB05017019524623
:10751000F5F70EFF30904846FFF772F93099401AA0
:10752000BDF8BC10084400B2ADF8BC00207B2B9025
:1075300060692A90A1692991DDE92910884204D95E
:107540002A9829992A91299000BF94F8220000F0E6
:10755000010020B994F8220000F00200C8B126A86A
:1075600000F095FB2088ADF898009AF80E0010B155
:107570009AF90E0000E00120ADF89A00207B8DF80A
:10758000A00094F823109DF8A10061F301008DF88C
:10759000A1000020259023900CA801F059FBA088A1
:1075A000ADF83200BDF9BC000B90C4E1BDF8BC10D1
:1075B0002E98084400B2ADF8BC000020259024901D
:1075C00070190A9003E1002009904FF6FF712A9884
:1075D000884209D02998884206D024982918304634
:1075E000D84A12689047099024A9D74A0A98126885
:1075F00090470890249A0A9988180021D24A126864
:107600009047079094F8210000F0010000287DD0F9
:10761000CEA001780898814212D1259820B92498EB
:10762000239001202590D2E02598012802D1002046
:10763000259005E02598022802D100202590C6E07B
:107640002598012868D10898202864D1DDE9230114
:10765000081A07285BD104A9DDF88CC00A9B03EB4C
:107660000C0206200B46944607E09CF800B083F815
:1076700000B05B1C0CF1010C401E0028F5D100BFCE
:107680008DF816009DF81100FDF7AFFD83469DF8BB
:107690001000FDF7AAFD0BEB001303939DF81300F8
:1076A000FDF7A3FD83469DF81200FDF79EFD0BEB51
:1076B000001302939DF81500FDF797FD83469DF892
:1076C0001400FDF792FD0BEB00130193039BD8B25E
:1076D000029BD9B2019BDAB24FEAD20CBDF800305E
:1076E0006CF304034FEA910C0093BDF800306CF387
:1076F0004A134FEAD00C0093BDF800306CF3CF234F
:107700000093BDF800C06346229302E004E02088A5
:107710002290022025905AE02068069025980228A1
:1077200001D1229806905046DDE9072101F06EFC58
:1077300021904FF6FF712A9888422CD029988842D0
:1077400029D02A990998884225D3299909988842ED
:1077500021D2BDF8BC00ADF81000BDF8BE00ADF8F8
:107760001200BDF8BC1021980844218A0844401E2C
:1077700000B2ADF81400BDF8BE1031980844401EA8
:1077800000B2ADF816000CAA04A8389901F030FA3E
:107790006088069000BF94F823002B99CDE9011072
:1077A000BDF81800ADF8000052462FA8089B389984
:1077B00000F0F4F82198002808DDBDF8BC10228AFA
:1077C00021981044084400B2ADF8BC0000BFA8EBFB
:1077D0000500249988423FF6F6AE94F8220000F0A6
:1077E000020020B30B9800B2ADF82400A268B2F9F1
:1077F000081001EBD172BDF8BE3003EB6202BDF997
:107800009A0000EBD07302EB630212B2ADF82620AF
:10781000BDF8BC00ADF82000BDF82600ADF8220090
:1078200026AB08A909A8389A00F037F900BF94F8E8
:10783000220000F0010000B30B9800B2ADF8240064
:10784000BDF8BE00A16809890844A1684989401AA9
:107850009AF90D10401A00B2ADF82600BDF8BC0030
:10786000ADF82000BDF82600ADF8220026AB08A92F
:1078700009A8389A00F011F900BF454694F8210094
:107880000090B4F91020701936990BB25146F5F7F3
:1078900065FC8044B9F80000ADF8BC0094F8210004
:1078A00000F00400D8B194F821000090B4F9103031
:1078B000A8EB050170195246F5F73AFD309048469D
:1078C000FEF79EFF3099A0EB010B0BEBDB70BDF8D0
:1078D000BC1001EB600000B2ADF8BC001BE094F8F6
:1078E000210000F00800B0B194F821000090B4F934
:1078F0001030A8EB050170195246F5F719FD3090CC
:107900004846FEF77DFF3099401ABDF8BC10084488
:1079100000B2ADF8BC00BDF8BE103198084400B20A
:10792000ADF8BE00BDF9BE103898B0F9060081422E
:1079300000DDFBE400BF705D00287FF437AE00BFC0
:10794000F4E40000D4010020C8010020230000005E
:107950003EB5044624212046F4F7CAFBFF202073DD
:1079600000200290BDF8080020800A48A0604FF671
:10797000FF706061A06100200190BDF8040060808C
:10798000054800680090BDF80000A080002084F841
:1079900020003EBD440100201C5E02082DE9FF4F7F
:1079A00087B082460C461546DDF85490B9F1020FB7
:1079B00002DA0BB0BDE8F08FB9F1FD0F01DD4FF039
:1079C000FF0905B9F5E7002304A928460A9A01F042
:1079D000B1FA8346BBF1000F00D1EAE7BDF814000D
:1079E00010B1BDF8120000B9E3E7BAF90000BDF923
:1079F00016104618B5F90800B5F90A10401ABAF978
:107A000002100844BDF81410401ABDF91810471AA6
:107A1000BDF812003044B4F9001088420EDBB4F90E
:107A20000400B0420ADBBDF814003844B4F9021077
:107A3000884203DBB4F90600B84200DAB9E7284609
:107A40000A9901F06FFA8046B8F1000F00D1B0E753
:107A5000287B00F0030078B11698CDE90290BDF8BC
:107A60005000ADF80400234604AA39B230B2CDF874
:107A70000080FAF701FA0EE01698CDE90290BDF801
:107A80005000ADF80400234604AA39B230B2CDF854
:107A90000080FAF759F800BF8BE72DE9F0479AB05C
:107AA00004460D4692461E46708810B91AB0BDE8CD
:107AB000F087307A022800DCF8E7B4F90000B5F965
:107AC0000010884206D1B4F90200B5F902108842CC
:107AD00000D1EBE7B4F90010B5F90020914202DAC9
:107AE000B4F9001001E0B5F90010B6F9020000EB9E
:107AF000D072A1EB620109B2ADF86010B4F90010C8
:107B0000B5F90020914202DDB4F9001001E0B5F9A9
:107B10000010B6F9020000EBD07201EB620109B26D
:107B2000ADF86410B4F90210B5F90220914202DAFE
:107B3000B4F9021001E0B5F90210B6F9020000EB49
:107B4000D072A1EB620109B2ADF86210B4F9021073
:107B5000B5F90220914202DDB4F9021001E0B5F955
:107B60000210B6F9020000EBD07201EB620109B21B
:107B7000ADF86610524618A918A8F2F77BFC8146AA
:107B8000B9F1000F00D191E7B4F90200B5F9021084
:107B9000884206D1334618AA29462046FAF7A2FBA6
:107BA00012E0B4F90000B5F90010884206D133465E
:107BB00018AA29462046FAF72BFF05E0334618AAF3
:107BC00029462046FAF7BEFC707AC0F3C00020B9FF
:107BD000707AC0F38000002857D003A801F038F86D
:107BE0003088ADF80E0047F6FF70ADF80C00307A23
:107BF0008DF81800B6F902004710B07800F00100C7
:107C000080F00108707AC0F38000E0B12088C01BCA
:107C100000B2ADF804006088C01B00B2ADF80600E9
:107C200020883844A0EB080000B2ADF80800608856
:107C30003844A0EB080000B2ADF80A0003AA514690
:107C400001A800F0D5FF707AC0F3C000E0B1288829
:107C5000C01B00B2ADF804006888C01B00B2ADF8CC
:107C6000060028883844A0EB080000B2ADF80800F0
:107C700068883844A0EB080000B2ADF80A0003AAF7
:107C8000514601A800F0B4FF00BF00BF0EE738B5B1
:107C900004460A212046F4F72BFA01206080FF20D9
:107CA000207200200090BDF80000208038BD000048
:107CB0002DE9FF4FB1B082461C46DDF8FC902FA89D
:107CC0003299FEF70DFDF4F76DFD2E902E98FFF71B
:107CD00017FA2D902D9800F11006BDF8BC003188E0
:107CE000401A00B2ADF8BC00BDF8BE007188401A61
:107CF00000B2ADF8BE00BDF8C0003188401A00B235
:107D0000ADF8C000BDF8C2007188401A00B2ADF8ED
:107D1000C20000F0E5FA2C902C98C8B96088B8B978
:107D20002089B0F5807F13D13E9888B9B9F1000F52
:107D30000ED1A07A60B9A07B217801220023CDE981
:107D4000002102905146DDE93202F2F7CFFD79E2DF
:107D5000B9F1000F01D0032000E002208346504615
:107D6000FEF747FD2A9033982990BAF90200B6F938
:107D70000210401ABDF9BE10091A2A9841432998E9
:107D800001FB0B002990BAF90000B6F90010401A67
:107D9000BDF9BC10091A299801FB0B002990FE4877
:107DA00000682B902B9827900025BDF8BC003188E7
:107DB000084400B2ADF894002FA8FEF71AFDBDF8F4
:107DC00094100844401E00B2ADF898007088BDF8C9
:107DD000BE10084400B2ADF89600BDF89600ADF8AC
:107DE0009A002FA8FEF7BCFC24902FA8FEF701FDF7
:107DF0002390608818B92089B0F5807F01D00120D8
:107E000000E0002022902C9800287DD122980028A4
:107E1000FBD13E980028F8D1A07A0028F5D1B9F11D
:107E2000000F71D02E98FFF782F921902FA8FEF74E
:107E3000BAFC2199884201D9219802E02FA8FEF7C7
:107E4000B2FC209020994800F3F7A2FE0746209844
:107E5000F3F79EFE1F9000201D9047E0DDF8A48000
:107E600000201E9011E098F802001F99485538B183
:107E700098F8001098F8012001EB022127F815105E
:107E80001E98401C1E90D8446D1C23991E98884251
:107E9000E9DBDDE9291000FB0B1029902FA8FEF784
:107EA000A8FC41192098814206D2BDF89A00401CD6
:107EB00000B2ADF89A0016E0A07B21780222CDE94D
:107EC000002102903A4625A91F9B3298F2F70EFD39
:107ED000BDF89A00401C00B2ADF89600BDF89600BF
:107EE000ADF89A0000251D98401C1D9024991D98FE
:107EF0008842B3DBBDF99600BDF99A10884213D0D1
:107F0000BDF89A00401E00E015E000B2ADF89A00FE
:107F1000A07B21780222CDE9002102903A4625A9D2
:107F20001F9B3298F2F7E2FC1F98F3F7E1FE384608
:107F3000F3F7DEFE85E12E98FFF7F9F821902FA8E0
:107F4000FEF731FC2199884201D9219802E02FA83F
:107F5000FEF729FC209020994800F3F719FE1F90A6
:107F60002098F3F715FE07464C210CA8F4F7C0F84B
:107F7000229890B304200490B9F1000F02D005209C
:107F8000049003E03E9808B106200490608800B297
:107F9000ADF83C002089ADF83E0033980C902A984B
:107FA00000B2ADF834005046FEF7DAFBADF836000B
:107FB00004988DF84200A088ADF83800E088ADF84C
:107FC0003A00A089ADF84000E07B00F001008DF898
:107FD00043000CA8F3F756FA00BF00200A900B905C
:107FE000A07AC0F1FF000990A07AB0B1A2890492F2
:107FF000A07A0AA9BDF81020D20A42430A80BDF82F
:108000001020C2F3451242434A80BDF8102002F00E
:108010001F0242438A8000BF00BFB9F1000F07D1A1
:108020003E9828B9608818B92089B0F5807F01D0C2
:10803000022000E0012008902C9818B138462099C1
:10804000F4F78DF8B6F90200BDF9BE100844BAF98C
:108050000210401A059000200690CEE0DDF8A480C2
:108060000495B6F90000BDF9BC100844BAF9001037
:10807000401A0390002007904AE02298B8B1DDE949
:108080000503184402B2079B0398184401B20CA8D8
:10809000F2F774FF0290029810B90020785532E090
:1080A0000CA8807D7855BDF8440028901DE0B9F1FA
:1080B000000F05D098F80200785500B923E001E0E0
:1080C000FF20785598F8000098F8011000EB012087
:1080D00080B228903E9840B1BDF8A000BDF89C1039
:1080E000884202D1002078550DE0A07A28B10AA874
:1080F000099A2899FEF7A1FE2890BDF8A0101F98B4
:1081000020F8151000BF0798401C0790D8446D1C3C
:10811000239907988842B0DB2C9850B32FA8FEF71C
:1081200068FB0190BDF8BEC0069B9C442D9B5B8AFA
:1081300063441AB2BDF8BCC02D9B1B8A634419B2BC
:10814000049BF818019B00F09FF80290029858B920
:108150002FA8FEF74EFB0190049978180199F3F7C8
:10816000C7FF0220089003E00298022800D108907F
:1081700000BFDDE9291000FB0B1029902FA8FEF7A6
:1081800038FB41192098814208D2BDF89A00401C62
:1081900000B2ADF89A002DE0F45C0208A07B2178D3
:1081A000089A3B46CDE90021029025A91F9A3298F2
:1081B000F2F79CFBBDF89A00401C00B2ADF89600A7
:1081C000BDF89600ADF89A000025B9F1000F07D16F
:1081D0003E9828B9608818B92089B0F5807F01D011
:1081E000022000E0012008902C9818B13846209910
:1081F000F3F7B5FF0698401C06902499069888422C
:10820000FFF62CAFBDF99610BDF99A00814211D04E
:10821000BDF89A00401E00B2ADF89A00A07B21780C
:10822000089A3B46CDE90021029025A91F9A329871
:10823000F2F75CFB3846F3F75BFD1F98F3F758FD48
:1082400000BF00BF35B0BDE8F08F000002460B460E
:10825000002106E00B4850F8310000B903E0481C4B
:10826000C1B21029F6DB00BF102902DB4FF0FF304E
:108270007047044840F8312000EBC10043600846D5
:10828000F6E70000FC5900202DE9F84F0746884624
:1082900091469A464FF0000B104C15E025680126D8
:1082A0002068009053464A4641463846D5F800C0FB
:1082B000E047064616B90020BDE8F88F022E01D12E
:1082C0004FF0010B083400BF20680028E6D1BBF155
:1082D000000F01D00220EFE70120EDE7FC5900205C
:1082E0000020002107E0054A52F831200AB1421C63
:1082F000D0B24A1CD1B21029F5DB7047FC590020DE
:108300002DE9F84F82460D4690461E460A9CA08AEB
:10831000A8EB00000FFA80F8608A281A05B2206ADC
:1083200000286BD194F8280000F0010010B3207CE5
:1083300000F0030020B1207C00F00300012802D1EE
:108340000120BDE8F88F207C00F00300022805D151
:1083500008F10100002801DA0120F2E7207C00F09A
:108360000300032804D1B8F1000F01DD0120E8E784
:108370000020E6E7207C00F00300022804D0207CE7
:1083800000F00300032801D10120DAE7207C00F08F
:108390000300012802D1002D00DDD2E7207C00F08F
:1083A0000300A0B9A819002801DA0120C9E76F422B
:1083B000002F01DA0020C4E7002F06DBB74204DA01
:1083C000F11B0AEB0700F3F793FE0220B9E7A819A7
:1083D000002801DA0020B4E76F42002F00DA0027FE
:1083E000B74201DB0020ACE7002F05DBB74203DA20
:1083F00039465046F3F77CFE0220A2E794F82800A5
:1084000000F0010040B133464246294650460094F0
:10841000FDF725F9814607E0334642462946504696
:108420000094FDF70DFA814648468AE72DE9F05F92
:1084300004460E4615461F46DDE90A8B2C212046D0
:10844000F3F756FE454506DD3846374606464046B4
:10845000A846054600BF26816581A781A4F80E8045
:1084600084F810B06682A582B81B002801DDB81B15
:1084700000E0F01BA8EB0501002902DDA8EB0501D7
:1084800001E0A5EB0801884201DD012000E00020A9
:1084900094F8281060F3000184F828100020E061AF
:1084A000A0614748206000202071A7EB0609A8EBD7
:1084B000050A94F8280000F00100C0B1B9F1000FDE
:1084C00007D04FF4801191FBF9F000FB0AF18912FB
:1084D000E161BAF1000F07D04FF4801191FBFAF07F
:1084E00000FB09F18912A161E169216218E0BAF18A
:1084F000000F07D04FF4801191FBFAF000FB09F157
:108500008912A161B9F1000F07D04FF4801191FBDE
:10851000F9F000FB0AF18912E161A169216200BF53
:10852000207C00F0030030B994F8280020F002000D
:1085300084F8280039E0207C00F00300012807D1EE
:1085400094F8280020F00200801C84F828002CE019
:10855000207C00F00300022811D1206A002807DDEA
:1085600094F8280020F00200801C84F828001CE009
:1085700094F8280020F0020084F8280015E0207C00
:1085800000F00300032810D1206A002806DD94F8CB
:10859000280020F0020084F8280006E094F8280063
:1085A00020F00200801C84F82800206A801060629D
:1085B000206A002802DA606A40426062BDE8F09FEB
:1085C000018301082DE9FF4F91B0054692461C46F4
:1085D000DDF8788098F8120000F001001090B8F9EA
:1085E00010B008F108010EA8FEF783F8109858B9EA
:1085F000BDF93A00504503DCBDF93E0050450DDAA7
:10860000002015B0BDE8F08FBDF93A00504503DCFD
:10861000BDF93E00504501DA0120F2E7BDF938000E
:1086200000EB0B011298814207DC12982044BDF93F
:108630003C10A1EB0B0188420ADDBDF93A00584419
:10864000504548DCBDF93E00A0EB0B00504542DB35
:10865000109818BBBDF9381012980F1AA74201DD07
:108660000020CEE7002F03DB39462846F3F740FD14
:10867000BDF93C101298081A461C002E01DC00209F
:10868000BFE7A64203DAA11BA819F3F731FD1FB912
:10869000A64201D10120B4E70220B2E7BDF93810AB
:1086A00012980E1A002E00DA0026A64210DCBDF940
:1086B0003C101298081A801B471CF019A04200DDDC
:1086C000A71B002F03DBA8193946F3F711FD00BFE4
:1086D00000BF022095E7BDF938101298081A0D90D6
:1086E0000EA8FEF79BF80C900EA8FEF740F80B9032
:1086F000BDF838101298401A00B21290BDF83A0036
:10870000AAEB00000FFA80FAB8F9100040430A9073
:10871000DA4505DB0B98A0EB0B00401E50457DDAD7
:10872000BBF1200F02DC4FF400700990BBF5807F95
:1087300003DC4FF40060099002E04FF40040099020
:10874000DA452CDAABEB0A09D8F81400484508D111
:10875000B8F81A00ADF82200B8F81800ADF82000FB
:1087600006E00A9909FB191008A9099AF4F721F8FB
:10877000A9F101010A460A9B01FB123007A9099AD7
:10878000F4F717F8A9F10100C8F81400BDF81E109D
:10879000A8F81A10BDF81C00A8F8180030E00B98D3
:1087A000A0EB0A00ABEB000000F10109A9F1010008
:1087B000D8F81410884208D1B8F81A00ADF81E0095
:1087C000B8F81800ADF81C0009E0A9F101010A464B
:1087D0000A9B01FB123007A9099AF3F7EAFF0A99ED
:1087E00009FB191008A9099AF3F7E3FFC8F81490D8
:1087F000BDF82210A8F81A10BDF82000A8F818003B
:10880000BDF82010BDF81C00401E81420DD1BDF8FE
:108810001E0050B9BDF81C00401E00E088E180B287
:10882000ADF81C00FF20ADF81E00BDF82000BDF81B
:108830001C10884265D1BDF82200BDF81E10084406
:10884000C0F347000690109818B10698C0F1FF00D9
:108850000690BDF82000ABEB0000401E05900D997E
:1088600005980E18002E06DBA64204DAA85D0699CC
:1088700007F068FFA85505990C98401A401E0D99FD
:108880004718002F06DBA74204DAE85D069907F0D7
:1088900059FFE8551098A8B97F1CA64201DD0020B9
:1088A000AFE6002E03DB31462846F3F721FC002F0C
:1088B00001DA0020A5E6A74222DCE11BE819F3F764
:1088C00017FC1DE0761C0496049E002E01DA0020A1
:1088D00004900498381A0390DDE903010844A0428B
:1088E00002DD0498201A03900498A04207DA039846
:1088F000002804DB049968180399F3F7F9FB00BF1B
:1089000015E1BDF82000401CABEB00000690069975
:108910000D98461806990C98401A401E0D99471854
:108920001098E8B1701C01900198002801DA00202D
:1089300001900198381A0090DDE900010844A04236
:1089400002DD0198201A00900198A04207DA0098F1
:10895000002804DB019968180099F3F7C9FB00BFF0
:10896000BDF82000401C0590BDF820200A9902FBAC
:10897000121003A9099AF3F71CFFBDF80E0040B9C5
:10898000BDF80C00401E80B2ADF80C00FF20ADF821
:108990000E00BDF80C00484536DB0A9A059901FB2C
:1089A000112002A9099AF3F704FFBDF82200C0F1D3
:1089B000FF00BDF80A10C1F1FF014843FF21A1EB00
:1089C0006020C0B20490109818B10498C0F1FF0064
:1089D0000490002E06DBA64204DAA85D049907F095
:1089E000B1FEA855002F06DBA74204DAE85D049922
:1089F00007F0A8FEE855761E7F1CBDF80A00ADF80A
:108A00000E000598401C05904FE002A80A9A0599AF
:108A100001FB11231B02BDF80CC04FEA0C1CBDF872
:108A20000EE00CEB2E1101FB01FCCDF804C0DDF8CB
:108A300004C0A3EB0C024FEA410C92FBFCFC0CEBD4
:108A40000102C2F30F1CA0F800C04FEA027C4FEAFB
:108A50001C6CA0F802C000BFBDF80E00BDF80A10E3
:108A60000844C0F347000490109818B10498C0F16E
:108A7000FF000490002E06DBA64204DAA85D0499EC
:108A800007F060FEA855002F06DBA74204DAE85D78
:108A9000049907F057FEE855761E7F1CBDF80A00C2
:108AA000ADF80E000598401C0590BDF81C10059807
:108AB0008142AAD2BDF80E0008B3BDF80E00BDF881
:108AC0001E104843C0F347200490109818B1049832
:108AD000C0F1FF000490002E06DBA64204DAA85D78
:108AE000049907F02FFEA855002F06DBA74204DAF1
:108AF000E85D049907F026FEE855761E7F1C109865
:108B0000A0B9761CA64201DD00207AE5002E03DB29
:108B100031462846F3F7ECFA002F01DA002070E521
:108B2000A74203DAE11BE819F3F7E2FA00BF00BF3E
:108B3000022066E52DE9F04704460E4615461F461D
:108B40003046FDF76BFE81463046FDF710FE82464B
:108B5000D14501DA484600E050468046B5EB680F43
:108B600002DD4FEA680005B2314604F10800FDF766
:108B7000C0FD2582A774064820600220207180076E
:108B800060610021618300202083BDE8F087000040
:108B9000C585010810B502460020002111E00A4BEE
:108BA00003EBC1035B68934209D1074B53F83100D3
:108BB0000023054C44F8313004EBC10463604B1CC6
:108BC000D9B21029EBDB10BDFC5900200146002072
:108BD0004A1C4AB1054A52F831000022034B43F8BF
:108BE000312003EBC1035A6070470000FC5900209C
:108BF00070B504460D4616462046FDF7BFFD012818
:108C000004DB2046FDF711FE012800DA70BD324674
:108C100029462046FAF7E6F9324629462046F8F773
:108C2000FAF8324629462046FAF786F832462946AF
:108C30002046F8F789FB324629462046FBF767F9BC
:108C4000324629462046FAF705F800BFDEE7000065
:108C500010B586B0044654212046F3F749FA1A4865
:108C600000680590BDF81400608000200490BDF8F5
:108C70001000A08000200390BDF80C00E0810020CF
:108C80000290BDF80800A08600200190BDF8040005
:108C9000A4F8460000200090BDF800002084FF20CA
:108CA00060812073A077207584F836000748206320
:108CB000FF2084F8440005482064FF2084F82A003F
:108CC0000F20608206B010BD405E02084401002003
:108CD0000146064A106805E002688A4201D1012275
:108CE000027180680028F7D1704700000001002061
:108CF0002DE9F04104460D46164614B90120BDE8A1
:108D0000F08100BF2046FEF7D7F830B92246002395
:108D100007A0FEF7D7F800BFFEE700BF33462A469C
:108D20002146A06900F00CF807463846E7E7000046
:108D30004E554C4C20706F696E74657200000000D7
:108D40002DE9FE4F06460C4690461F4664B100BF13
:108D50002046FEF7B1F830B92246002324A0FEF7E2
:108D6000B1F800BFFEE700BF009400208DF80400BA
:108D700002902348006810B1214800680290204901
:108D8000C1F800D01F48D0F80090076001F072FBD6
:108D900005462DB1A86818B141462846AA689047F3
:108DA00016B141462046B0471648C0F80090144816
:108DB00000688068124908609DF8040010B1002026
:108DC000BDE8FE8F94B194F83400C0F3801068B110
:108DD000206858B13A4641462068FFF789FF82462D
:108DE000BAF1010F01D00020EAE700BF0120E7E758
:108DF0004E554C4C20706F696E7465720000000017
:108E000000010020040100202DE9FE4F82468B4620
:108E1000BBF1090F01D14FF0200BDAF81040594691
:108E20005046FBF79BFF8046B8F1000F02D10020AF
:108E3000BDE8FE8F606800EBC805608A800B28B92A
:108E400020682968C1F313010844F1E7287969799A
:108E500000FB01F60EB90020EAE7B146608AC0F3D4
:108E60004320012806D0022808D003280AD004286D
:108E700010D10BE0F01D4FEAD0090BE0F01C4FEAD7
:108E8000900907E0701C4FEA500903E0701C4FEA9C
:108E9000500900BF00BF1E480068F2F753FF484565
:108EA00018D249461A48006802F0FCFD074600BF88
:108EB0003846FEF701F830B93A46002315A0FEF710
:108EC00001F800BFFEE700BF0FB90020B0E710486F
:108ED000076000BF608A0121B1EB903F01D1012002
:108EE00000E000200290618AC1F343210298CDE99D
:108EF000001021682F68C7F31307C8196B792A7906
:108F000003490968F7F7D8FE0148006890E70000B8
:108F1000880100204F7574206F66206D656D6F723B
:108F20007900000070B504460D4629462046626867
:108F3000904770BD2DE9F04104460D4616461F4688
:108F40003B46324629462046D4F800C0E047BDE8FB
:108F5000F0812DE9FF4F83B00C4691464FF0000A97
:108F6000B9F1090F03D14FF020094FF0010A03981E
:108F7000066949460398FBF7F1FE07461FB9002032
:108F800007B0BDE8F08F4FF0000BF06868B10699AC
:108F90000398FBF7E3FE0190019828B13946019A46
:108FA0000398FBF7A7FF834600BF706800EBC70577
:108FB000308A00FB0BF00011029028684FEA10582D
:108FC000BAF1000F01D04FEA48080298804408F136
:108FD00008004FEA1018A4F800806879A08028796A
:108FE000608095F90600E08095F907002081708A7D
:108FF000C0F34320A072BAF1000F05D060884FF68D
:10900000FF7101EA400060800120B9E7FEB5064625
:109010000C4615462B46224669463046FFF78AFF26
:10902000074617B1BDF80000FEBD0020FCE7014671
:10903000B1F90800704770B50446606808B90B20A4
:1090400070BD6068006908B90920F9E7D4E900102B
:10905000026990470546206802F0E4FC0020206089
:1090600060602846ECE7000070B505460948F2F755
:109070002BFC044609E02078A84201D1204670BDAF
:1090800021460448F2F725FC0446002CF3D10020C9
:10909000F5E700003459002070B505462846EAF788
:1090A0001CF904460EE0285D2E2802D1601C2844DD
:1090B00070BD285D2F2802D0285D5C2801D103A057
:1090C000F6E7641E002CEED100A0F1E700000000DE
:1090D000401C0BE001783A2905D001785C2902D0C8
:1090E00001782F2901D1401C00E002E0017800291D
:1090F000F0D100BF704700002DE9F04704460D464F
:10910000174600206060206015B90B20BDE8F0878D
:1091100095F800804046FFF7A7FF6060606808B9D7
:109120000320F3E76068806838B160688168884729
:1091300018B9002060600120E8E76068C06818B9CD
:10914000002060600920E1E72846FFF7C1FF814663
:109150006068408838B960683B464A462146D0F886
:109160000CC0E047D2E76168488802F0EFFB20605E
:1091700000BF2068FDF7A0FE38B921680A46002329
:109180000EA0FDF79FFE00BFFEE700BF206818B9E4
:10919000002060600A20B9E7D4E900103B464A4647
:1091A000D0F80CC0E04706462EB1206802F03AFC29
:1091B0000020206060603046A8E700004F757420F2
:1091C0006F66206D656D6F72790000002DE9FC41BE
:1091D00004460E4617461D460DB100202860606803
:1091E00010B90B20BDE8FC816068806908B90920CE
:1091F000F8E70020019001A80090D4E900103B4658
:109200003246D0F818C0E04780460DB1019828607A
:109210004046E7E770B504460D46606808B90B2084
:1092200070BD6068006A08B90920F9E7D4E9001048
:109230002A46036A984706463046F1E72DE9F04191
:1092400007460C460FB9BDE8F0813846F2F73CFB03
:10925000064608E03068A04200D1F4E731463846BF
:10926000F2F737FB0646002EF4D1A06B30B1204652
:1092700004F066FA10B1A06B00F053F8A76338460B
:10928000F2F7A1FB054600BF2846FDF715FE30B9F1
:109290002A46002309A0FDF715FE00BFFEE700BF28
:1092A00005B9D0E72C603846F2F70EFBA84202D190
:1092B000384600F036F800BFC5E700004F7574204F
:1092C0006F66206D656D6F727900000010B5044601
:1092D000024A03492046FBF7CEF910BDD3B8000877
:1092E000C9B8000810B50446024A03492046FBF7F6
:1092F000C2F910BDE7B80008F9B80008014609B97D
:1093000000207047087DC0F34000FAE7014609B924
:1093100000207047C86808B90020FAE7C8680068EC
:10932000F7E770B50446207DC0F30015207D20F0DE
:10933000100010302075207DC0F3C00018B9204601
:10934000FFF7C4FF06E0207DC0F3C00010B1204647
:10935000FFF7C8FF207D65F30410207570BD70B560
:109360000546AC6B04B970BDE0680068A8421DD129
:10937000207D00F0010018B1207D20F00100207553
:109380002046F2F7A1FAE16888420CD12046F2F7B4
:10939000B3FAE168884206D1E16808680022172123
:1093A000C369984702E02046FFF7BBFFE06800680A
:1093B000A84201D10020E0602046F2F785FA064677
:1093C00011E03068A84209D131462046F2F75CFB33
:1093D000304602F027FB0020A86306E03146204615
:1093E000F2F777FA0646002EEBD100BF00BFBAE7CE
:1093F0002DE9FF4303469C68187800F01F000528FC
:109400000DD11868C0F38A20504300EB400001EBF7
:1094100041068519A81C205C04B0BDE8F0831878CB
:1094200000F01F000B281BD101F00705C9101868B8
:10943000C0F38A20C01DC01000FB0216A05DC5F15C
:1094400007084FF0010C0CFA08FC00EA0C00C5F10B
:10945000070C40FA0CF70FB10020DDE7FF20DBE737
:10946000187800F01F000C281CD12CA00068039075
:109470008807450F89101868C0F38A20C01C801027
:1094800000FB0216A05DC5F106084FF0030C0CFAB4
:1094900008FC00EA0C00C5F1060C40FA0CF703A822
:1094A000C05DB9E7187800F01F000D2826D10FF233
:1094B0007009D9E901C8D9F80000D9F80C90CDE9B4
:1094C00001C8CDF80C900090C807450F49101868E6
:1094D000C0F38A20401C401000FB0216A05DC5F1BD
:1094E00004084FF00F0C0CFA08FC00EA0C00C5F160
:1094F000040C40FA0CF71DF807008DE7187800F00F
:109500001F000E2806D11868C0F38A2000FB021540
:10951000605D81E700BFFF207EE700000055AAFFE5
:1095200000112233445566778899AABBCCDDEEFF43
:109530002DE9FF4383B004460D46174600200290F4
:1095400002980190A668207800F01F00042809D036
:10955000207800F01F00062804D0207800F01F00BB
:10956000052815D1217801F01F0000F023F94FEAFA
:10957000E0082068C0F38A20784300FB08F005FB70
:10958000080906EB0901022201A8F2F75FFD78E065
:10959000207800F01F00072816D1083605F00700D4
:1095A000ED102268C2F38A22D21DD21002FB0751AD
:1095B000725CC0F1070C012303FA0CF31A40C0F1EE
:1095C00007031A4101925CE0207800F01F00082890
:1095D00016D11036AA07500FAD102268C2F38A22A6
:1095E000D21C921002FB0751725CC0F1060C0323DF
:1095F00003FA0CF31A40C0F106031A41019240E04D
:10960000207800F01F00092816D14036EA07500FD5
:109610006D102268C2F38A22521C521002FB0751BD
:10962000725CC0F1040C0F2303FA0CF31A40C0F172
:1096300004031A41019224E0207800F01F000A2858
:1096400009D106F580662168C1F38A2101FB075024
:10965000315C019115E0207800F01F000B280ED03E
:10966000207800F01F000C2809D0207800F01F009F
:109670000D2804D0207800F01F000E2801D1069894
:109680000190BDF80410084607B0BDE8F083000063
:1096900070B506461348056800241EE046B104EB89
:1096A000C40005EB80004168304600F01FF890B11F
:1096B00004EBC40005EB8000406828B104EBC40152
:1096C00005EB810000F0CEFC04EBC40105EB81004A
:1096D0002421F2F70DFD601C84B203480088844207
:1096E000DCDB70BD700100201801002070B505465C
:1096F0000C46284600F0A8FE06462EB9A54201D128
:10970000012070BD0020FCE7012E01D00020F8E709
:10971000204600F099FE012801D00020F1E7214603
:109720002846E9F7E1FD08B90120EAE70020E8E76B
:1097300010B504461948006830B10020FFF7A8FFB3
:109740001648006802F06EF904EBC401880002F0CC
:10975000FDF81249086000BF08460068FDF7ACFB41
:1097600038B90E48002302680DA0FDF7ABFB00BF1F
:10977000FEE700BF0948006818B900200C490880BE
:1097800010BD0B480480008800EBC0008100034836
:109790000068F2F7ADFC00BFF2E7000070010020A6
:1097A0004F7574206F66206D656D6F7279000000D3
:1097B00018010020014600200F291DD2DFE801F02A
:1097C00008091C1C0B0E0C101316191114171A0083
:1097D00000BF002012E000BF10200FE018200DE0B5
:1097E00000BF01200AE000BF022007E000BF042004
:1097F00004E000BF082001E0002000BF00BF704768
:10980000014600208A1E0D2A13D2DFE802F008125A
:10981000120712090A0B0C0D0E0F100000BF00BF3B
:1098200000BF00BF00BF00BF00BF00BF00BF0120DE
:1098300001E0002000BF00BF704701460020CA1EA3
:10984000082A0CD2DFE802F0050B0B040607080912
:1098500000BF00BF00BF00BF00BF012001E000202B
:1098600000BF00BF704770B506460D46EC69A4B155
:10987000A87A012802D12046FFF7DDFBA06810B1CD
:10988000A06802F0CFF8E06810B1E06802F0CAF812
:10989000204602F0C7F80020E86170BD2DE9FE43C4
:1098A00081460D461446284600F0CEFD0746DFB936
:1098B000287800F01F01042901DB0E2902DD0020B9
:1098C000BDE8FE832868820A206862F39420206045
:1098D0002868420D206862F35F5020602878226873
:1098E00060F30402226044E0012F2DD12846FFF7E7
:1098F000D3FB804620A1E9F7F7FC08B10020DFE7A1
:109900000222294601A8FFF7F7FB06467EB96B46FF
:109910000422214601A8FFF759FC064601A8FFF7DB
:109920008AFB16B90098042801D00020C8E72078E7
:1099300000F01F00042804DB207800F01F000E2830
:1099400001DD0020BCE714E0022F10D101212068C6
:1099500061F3942020602068C0F3140000F500102B
:109960002060206820F01F000B30206001E0002004
:10997000A6E70120A4E7000062696E002DE9FF4F11
:109980008DB004460D4691466AA000680C906AA00E
:1099900000680B9069A30FCB07AE0FC62089069015
:1099A000002610E0BDF81800C1B206EB46021A9876
:1099B0008154BDF81800020A06EB4600401C1A99B3
:1099C0000A54701C06B210988642EBDB002005900A
:1099D000217B01F01F00FFF7EDFE8246012101FA15
:1099E0000AF0401E80B2049000274FF000080020CB
:1099F0000390207B00F01F000B2806D00C2816D007
:109A00000D2827D00E2841D137E0E068C0F38A2026
:109A1000C01DC71007FB09F000EBE500804405F00E
:109A20000700C0F1070003900CA805902EE0E06845
:109A3000C0F38A20C01C871007FB09F000EBA500CB
:109A4000804405F003000621A1EB400003900BA821
:109A500005901BE0E068C0F38A20401C471007FB1C
:109A600009F000EB6500804405F001000421A1EB42
:109A70008000039007A8059008E0E068C0F38A27FB
:109A800007FB095080440020039000BF00BFE0693D
:109A900002903846F2F77CF88346BBF1000F03D101
:109AA000002011B0BDE8F08F00200190A07A20B90D
:109AB00060688168414401910CE008F1040102985A
:109AC000FFF7A8FB00233A4659460298FFF77EFBB2
:109AD000CDF804B0002625E001990978039A1141D8
:109AE000049A01EA0200217B01F01F010E2901D135
:109AF000024601E005990A5C06EB4601891C1A9BA7
:109B00005A540399A1EB0A0149B203910399002920
:109B100006DACAF1080149B203910199491C019181
:109B2000701C06B210988642D6DB5846F2F7E0F871
:109B30000120B6E700FF00000055AAFF0011223304
:109B4000445566778899AABBCCDDEEFF2DE9FF4F1F
:109B500085B004460E469146217B01F01F00FFF7B9
:109B600029FE04900121049801FA00F0401E80B201
:109B700003900027002002900025207B00F01F00AA
:109B8000072806D0082815D0092825D00A2840D152
:109B900034E0E068C0F38A20C01DC71007FB09F05D
:109BA00000EBE6000544083506F00700C0F10700A9
:109BB00002902EE0E068C0F38A20C01C871007FBEB
:109BC00009F000EBA6000544103506F0030006215D
:109BD000A1EB400002901CE0E068C0F38A20401C2A
:109BE000471007FB09F000EB66000544403506F01E
:109BF00001000421A1EB800002900AE0E068C0F3BC
:109C00008A2707FB0960054405F58065002002905E
:109C100000BF00BFD4F81CB03846F1F7B9FF824648
:109C2000BAF1000F03D1002009B0BDE8F08F002089
:109C30000190A07A20B960688168294401910BE005
:109C4000291D5846FFF7E6FA00233A465146584682
:109C5000FFF7BCFACDF804A04FF0000837E00199F7
:109C60000978029A1141039A01EA0200DBF8081010
:109C700001EB400109880091BDF80010CAB208EB61
:109C800048031299CA54BDF800100B0A08EB4801AA
:109C9000491C129A5354DBF80C100B5C08EB48017A
:109CA000891C129A5354049A0299891A49B2029152
:109CB0000299002907DA0499C1F1080149B2029119
:109CC0000199491C019108F101000FFA80F80898E8
:109CD0008045C4DB5046F2F70BF80120A4E72DE9DC
:109CE000FC5F04460E4617469846E0690190217BCA
:109CF00001F01F00FFF75EFD8246E068C0F38A2096
:109D000007FB006000FB0AF04FEAE00B0BF1040BCD
:109D100059460198FFF77EFA8146B9F1000F02D04B
:109D20000020BDE8FC9F4FEAEA0000FB08F5002098
:109D300000906B462A460C990198FFF747FA814636
:109D4000B9F1000F02D10098854201D00020E8E768
:109D50000120E6E72DE9FC5F82460C46A07A012847
:109D600045D16068FFF798F9804687A1E9F7BCFA0A
:109D700010B10020BDE8FC9F022268466168FFF731
:109D8000BBF905460DB10020F4E7E069E0B9102009
:109D900001F0DCFDE06100BFE069FDF78DF838B946
:109DA000E1690A46002379A0FDF78CF800BFFEE7C1
:109DB00000BFE06920B96846FFF73DF90020D9E708
:109DC0001021E069F2F794F9E76938466A460821FC
:109DD0000346944607E09CF8008083F800805B1CF3
:109DE0000CF1010C491E0029F5D100BF06E0A07A54
:109DF00020B96068806808B90020BBE7207B00F0CC
:109E00001F06042E03D0052E01D0062E08D1A07AFD
:109E100020B96068806820610120ABE70120A9E7D4
:109E2000072E05D0082E03D0092E01D00A2E78D196
:109E30003046FFF7BFFC8346012000FA0BF8E069CB
:109E4000C8B9102001F082FDE06100BFE069FDF7B4
:109E500033F838B9E1690A4600234CA0FDF732F81F
:109E600000BFFEE700BFE06908B9002082E71021CB
:109E7000E069F2F73DF9E5694FEA480001F066FD57
:109E8000A86000BFA868FDF717F838B9A9680A46A6
:109E900000233EA0FDF716F800BFFEE700BF4046D6
:109EA00001F054FDE86000BFE868FDF705F838B937
:109EB000E9680A46002335A0FDF704F800BFFEE775
:109EC00000BFA86808B1E86828B921465046FFF7E6
:109ED000CAFC00204EE7A07A012823D1042128469D
:109EE000FFF798F9002719E00023042201A928466A
:109EF000FFF76CF99DF804209DF805109DF8060009
:109F0000FCF752FD0090A86800EB4700BDF8001078
:109F100001809DF80700E968C8557F1C4745E3D3D9
:109F20001FE020E06068D0F80890002716E019F8DC
:109F3000272009EB8703597809EB87039878FCF70A
:109F400033FD0190A86800EB4700BDF804100180C4
:109F500009EB8700C078E968C8557F1C4745E6D300
:109F600000BF012006E70B2E05D00C2E03D00D2ECE
:109F700001D00E2E01D10120FCE621465046FFF70C
:109F800072FC0020F6E6000062696E004F757420D6
:109F90006F66206D656D6F72790000002DE9F84FD6
:109FA00082460C4616461F46DDE90A854FF0000939
:109FB000207B00F01F00042809D0207B00F01F0048
:109FC000052804D0207B00F01F0006280BD1A07AC2
:109FD000012845D143463A46314620460095FFF7D1
:109FE0007EFE81463CE0207B00F01F000B280ED057
:109FF000207B00F01F000C2809D0207B00F01F0000
:10A000000D2804D0207B00F01F000E2808D1434605
:10A010003A46314620460095FFF7B0FC81461FE0E6
:10A02000207B00F01F0007280ED0207B00F01F00CF
:10A03000082809D0207B00F01F00092804D0207BCD
:10A0400000F01F000A2808D143463A463146204610
:10A050000095FFF77BFD814602E00020BDE8F88F08
:10A060004846FBE710B50446206870B12068C06818
:10A0700018B120682146C2689047A07A012804D10F
:10A08000606801F0CFFC0020606010BD10B50D4885
:10A09000F1F73FFC044600BF2046FCF70DFF30B946
:10A0A0002246002308A0FCF70DFF00BFFEE700BF1B
:10A0B0000CB9002010BD10212046F2F719F82046F7
:10A0C000F8E70000645900204F7574206F66206D1A
:10A0D000656D6F72790000002DE9F04106460D466E
:10A0E00004212846F2F704F800270D48F1F7ECFBAD
:10A0F00004460FE0206840B12A46314620462368D6
:10A1000098470746012F00D106E021460448F1F7A1
:10A11000E0FB0446002CEDD100BF3846BDE8F081DD
:10A12000645900202DE9F74304460F4620212046BC
:10A13000F1F7DEFFBDF808002081384600F084F911
:10A14000A072A07A012820D13846E9F7C6F88046E7
:10A1500008F1010001F0FAFB606000BF6068FCF7E5
:10A16000ABFE38B961680A46002325A0FCF7AAFEB9
:10A1700000BFFEE700BF606810B90020BDE8FE83A5
:10A1800039466068E9F7CBF800E0676000262048B0
:10A19000F1F79AFB054628E0286808B1686800B91D
:10A1A0001EE004F10C02394628462B689847064603
:10A1B000012E00D014E02560214628466A689047A9
:10A1C0000646012E01D13046D8E7042104F10C00E7
:10A1D000F1F78EFF0020A0612061E061606100BFA7
:10A1E00029460B48F1F775FB0546002DD4D1A07A1E
:10A1F000012802D1606801F015FC3046BEE700007E
:10A200004F7574206F66206D656D6F727900000068
:10A21000645900202DE9FC4704460D4616461F46AA
:10A22000DDF828804FF000092068806848B1CDE94A
:10A230000078206833462A462146D0F808C0E04717
:10A2400081464846BDE8FC87C160704701607047A1
:10A2500041607047816070472DE9FF4F8DB0044623
:10A260001E463078022803DC012011B0BDE8F08FD3
:10A27000B08901460C900F98F1F798F905460DB991
:10A280000020F2E7297B01F01F00FFF7D6FA814694
:10A29000297B01F01F00FFF7B3FA0746A86928B130
:10A2A000AA6920460E9908F04BFAC8E028690028F0
:10A2B00050D021460BA8FCF713FA708818B93089E2
:10A2C000B0F5807F2FD02046FCF793FA82462046D7
:10A2D000FCF746FA8346301D3189CDE900107088BD
:10A2E00003B25A4651460BA8F0F790FCBDF82C007B
:10A2F0002188084400B2ADF82C00BDF82E0061881A
:10A30000084400B2ADF82E00BDF8300021880844A2
:10A3100000B2ADF83000BDF832006188084400B2E8
:10A32000ADF8320000BF0BAA09A80E99F0F7A2F809
:10A330008046B8F1000F04D12846F7F7A3F90120B1
:10A3400093E7CDE90097334609A920462A69FDF72E
:10A35000AFFC74E022460BA80E99F0F78BF80A9038
:10A360000A9820B92846F7F78DF901207DE70BA858
:10A37000FCF73FFA09900BA8FCF73BFA00EB400012
:10A380000490F1F705FC80460BA907A8FCF7A8F993
:10A39000012107A8FCF765FABDF92C00B4F90010FB
:10A3A000401A0690BDF92E00B4F90210A0EB010A84
:10A3B000BDF92EB03BE007AA03A80E99F0F75AF8B2
:10A3C0000A900A9800B930E0CDF80080099803B2ED
:10A3D0000FFA8AF2069801B22846FFF71BFF059094
:10A3E000059801280AD02846FFF73CFE4046F1F7C1
:10A3F0007FFC2846F7F746F9002036E73346424609
:10A4000003A907A8CDE90097FDF752FCBDF81E008F
:10A41000401C00B2ADF81E00BDF82200401C00B286
:10A42000ADF822000AF1010A00BF0BF1010BBDF9E2
:10A4300032005845BFDA4046F1F75AFC00BF2846C3
:10A44000F7F720F9012010E70146032001B9704712
:10A450000A461378202B04DB13787F2B01DC0120C4
:10A4600005E01378802B01DB022000E0002000BF14
:10A47000EDE700000148006870470000F40000208C
:10A4800010B504461CB90448F1F71EFA10BD214668
:10A490000148F1F71EFAF9E7285900200148006841
:10A4A00070470000F800002070B505460C4605B363
:10A4B00095F8500020F00200801C85F850002348D9
:10A4C0000068A84202D100202149086014B1E86B5D
:10A4D000A04201D10021E96314B1686BA04201D10F
:10A4E0000021696314B1A86BA0422ED10021A96399
:10A4F0002BE00020FFF7C4FF064623E096F850004B
:10A5000020F00200801C86F8500010480068B0421D
:10A5100002D100200E49086014B1F06BA04201D1B5
:10A520000021F16314B1706BA04201D1002171636D
:10A5300014B1B06BA04201D10021B1633046FFF7E6
:10A540009FFF0646002ED9D100BF70BDF400002049
:10A55000F800002070B586B02148007808B106B038
:10A5600070BDF1F7FFFBF2F7B5FDF0F73FFBEFF73A
:10A57000B3FDF0F743FB10211A48F1F7C2F94FF48D
:10A58000C0711948F1F7BDF960211848F1F7B9F920
:10A590001748FCF7AAF905901648FCF7A6F90490AD
:10A5A0001548014602460346CDE9002102900222E9
:10A5B000DDE9040105F06CFA0446204605F0E6FAF0
:10A5C000F2F7F6F8F1F7C4F8F1F786F80120FFF793
:10A5D000AFF80AA52E4601200149087000BFBEE76A
:10A5E000FC000020705900201C5900202859002030
:10A5F000B6D14400B1A2010044010020C381000093
:10A600002DE9F04780460F463946404601F00CFCE4
:10A61000064600BF3046FCF74FFC30B932460023F7
:10A6200070A0FCF74FFC00BFFEE700BF16B900208A
:10A63000BDE8F0876F48006820B9304602F03CFA68
:10A640006C4908601421304601F01EFB304602F0D0
:10A650004FF9044600BF2046FCF72EFC30B92246D5
:10A66000002360A0FCF72EFC00BFFEE700BF24B96A
:10A67000304601F0D9FD0020DAE700202060A07C00
:10A6800020F00800A074A07C20F04000A074A07C02
:10A6900020F030003030A0744FF6FF70A060A07C36
:10A6A00020F00700A0741920A0810020E081002183
:10A6B00021826060E0745049304603F029FA4F4926
:10A6C000304603F0C9FA87B91221304605F0CAF9BD
:10A6D0000021304603F0FAF90021304600F064FF13
:10A6E00047A1304601F002F87AE0384602F000F95E
:10A6F0000546384600F04CFB81464946304600F09E
:10A7000053FF384600F064FB81464946304600F06E
:10A71000C1FF384600F0C8F981464946304600F08E
:10A72000EBFEA87CC0F3C00040B9384600F07AFBCD
:10A7300081464946304600F0D9FF07E0384600F030
:10A7400071FB81464946304601F05CF8A87C00F078
:10A750000700022823D12868F1F7F4FA8146494618
:10A76000206801F09FF9206000BF2068FCF7A4FB7F
:10A7700038B921680A4600231AA0FCF7A3FB00BFE2
:10A78000FEE700BF206808B9002051E72868F1F70C
:10A79000D9FA814629684A462068F1F7F7FAE87C39
:10A7A00000F0010058B1686848B16868E8F795FDA5
:10A7B00081464A463046616800F0CAFE04E0042241
:10A7C000291D201DF1F7E2FAE87C00F00100E07499
:10A7D000A868A060FF221146304603F07BF800BF56
:10A7E000304625E74F7574206F66206D656D6F727A
:10A7F00079000000E401002009A8010869B80108F7
:10A8000054657874000000002DE9F74FAAB00646A1
:10A810009146B9F1020F03D102202DB0BDE8F08FAF
:10A82000B9F1000F7ED1304602F062F804464FF0D5
:10A83000000B042259463046F1F742FD299000BF33
:10A84000052259463046F1F73BFD289026AB06F12C
:10A850001001039118460822039900BF84468B46D5
:10A8600008E09BF800E08CF800E00CF1010C0BF123
:10A87000010B521E002AF4D100BF00BFBDF8981092
:10A880002998081A00B2ADF89800BDF89C102998D4
:10A89000084400B2ADF89C00BDF89A102898081A38
:10A8A00000B2ADF89A00BDF89E102898084400B296
:10A8B000ADF89E0011A8FEF7CBF911AA0021304691
:10A8C00002F02AFD11AA26A82B99FEF791F90FA9EB
:10A8D0003046FAF71BFC0FAA0DA82B99EFF7CAFD1B
:10A8E0008246BAF1000F01D1002096E7304600F011
:10A8F000DBF807460025A07CC0F3801008B145F0C6
:10A900000105A07CC00908B145F00205A07C00F05B
:10A91000070008B945F01005012F01D145F00405E5
:10A92000022F00E0ABE001D145F0080504A8FDF7D7
:10A930000FF8304600F0AEFA0990304600F090FA79
:10A940000A90E089ADF82C00208AADF82E008DF831
:10A95000315004AA0021304602F005FCA07C00F032
:10A960000700032804D0A07C00F0070004282AD1A7
:10A97000A07CC0F30110012804D0A07CC0F301101A
:10A98000022820D147F61841BDF91E008DE82300AA
:10A99000BDF92030069A03A82168F2F759FC0FA8E8
:10A9A000FBF751FFBDF90C1088420BDA9DF831001E
:10A9B00020F008008DF831009DF8310020F00400EF
:10A9C0008DF8310000BF4FF00008CDF8008004AAD8
:10A9D0000DA90FA82368FCF79FFCA07C00F00700DE
:10A9E00004284BD147F61841BDF91E008DE823001D
:10A9F000BDF92030069A03A82168F2F729FC0FA8B8
:10AA0000FBF721FFBDF90C10884219DA202211460C
:10AA10000698FEF7FBFA00EB4000E189BDF80C2038
:10AA20001144084400B2ADF82C00208AADF82E0085
:10AA3000CDF8008004AA0DA90FA82368FCF76CFCD0
:10AA40000FA8FBF7A9FEBDF90E10884215DAE089C0
:10AA5000ADF82C000698FEF7EAFA218ABDF80E2020
:10AA60001144084400B2ADF82E00CDF8008004AACD
:10AA70000DA90FA82368FCF74FFC00BF00BF002002
:10AA8000CBE670B50546284601F032FF0446E07C6F
:10AA900000F0010020B1606810B1606800F0C2FFF2
:10AAA0000020E074606070BD70B5044600BF2046B1
:10AAB000FCF702FA30B92246002309A0FCF702FA9B
:10AAC00000BFFEE700BF204601F012FF0646B07C43
:10AAD000C0F30115032D00D10025284670BD0000EC
:10AAE0004E554C4C20706F696E746572000000000A
:10AAF00070B50546284601F0FBFE0446E07C00F0F8
:10AB0000010008B1606870BD201DFCE72DE9F34F1E
:10AB100091B0884600BF1198FCF7CEF930B90023F8
:10AB200094A0119AFCF7CEF900BFFEE700BF00BF6A
:10AB30004046FCF7C1F930B9424600238DA0FCF72E
:10AB4000C1F900BFFEE700BF0021119802F0EFF845
:10AB5000B8F80010081A00B2ADF8400000211198B2
:10AB600002F009F9B8F80210081A00B2ADF8420074
:10AB70000EA91198FAF7CAFA119800F053F907468E
:10AB8000119801F0B5FE0D90002500240EA8FBF7EA
:10AB90005AFE0C900021119802F076F90B900021DA
:10ABA000119802F099F90A900021119802F080F9A9
:10ABB00083460B98FEF73BFA099000200890002688
:10ABC0000D98807CC0F3801008B146F001060D9806
:10ABD000807CC00908B146F002060D98807C00F028
:10ABE000070008B946F010061198FFF75DFF81468F
:10ABF000B9F1010F01D146F00406B9F1020F01D1FC
:10AC000046F0080624E0781900965A46DDE90B1351
:10AC1000F2F7A4FA0444BDF94220DDE90801084432
:10AC200082420DDC029402A93846564A12689047C7
:10AC3000019001980A2802D0385D00B9641C0AE02E
:10AC4000DDE9090101440898084400B2089025464E
:10AC5000785D0028D7D100BF781906904FF0000A20
:10AC6000B9F1010F18D1611B5B4600960B9A06984B
:10AC7000F2F75EFB02900EA8FBF7E5FD009000EBFB
:10AC8000D07041100298019000EBD070A1EB6000F1
:10AC900050440FFA80FA13E0B9F1020F10D1611B92
:10ACA0005B4600960B9A0698F2F742FB02900EA8BC
:10ACB000FBF7C9FD0299401A50440FFA80FA00BF11
:10ACC000002005900490049803908CB33CE004A904
:10ACD0002D4A0698126890470290049A069988189F
:10ACE0000021294A12689047019006F0010038B10E
:10ACF000049A0698815C05A8F2F766FB00B123E090
:10AD0000DDE901210B98FEF781F900B20090BDF951
:10AD1000401000985044814207DB04982844A04228
:10AD200003D003982844385C18B9039804900FE0C6
:10AD30000FE0009850440FFA80FA0AEB0B000FFA6C
:10AD400080FA0498039000BF04982844A042BED320
:10AD500000BF0E4A0499069812689047079029464A
:10AD600038460A4A1268904701460798084413B0CB
:10AD7000BDE8F08F4E554C4C20706F696E74657253
:10AD800000000000CC010020C8010020D4010020F8
:10AD900070B5044600BF2046FCF78EF830B9224655
:10ADA000002307A0FCF78EF800BFFEE700BF204697
:10ADB00001F09EFD0546A87C00F0070070BD000074
:10ADC0004E554C4C20706F696E7465720000000027
:10ADD00070B5044600BF2046FCF76EF830B9224635
:10ADE000002307A0FCF76EF800BFFEE700BF204677
:10ADF00001F07EFD0546A87CC0F3801070BD000008
:10AE00004E554C4C20706F696E74657200000000E6
:10AE1000024611B902F1280001E0002000BF00BF86
:10AE20007047000070B5044600BF2046FCF744F8A8
:10AE300030B92246002306A0FCF744F800BFFEE725
:10AE400000BF204601F054FD0546286870BD000093
:10AE50004E554C4C20706F696E7465720000000096
:10AE600010B5044600BF2046FCF726F830B922464C
:10AE7000002304A0FCF726F800BFFEE700BF4FF652
:10AE8000FF7010BD4E554C4C20706F696E7465722A
:10AE90000000000010B5044600BF2046FCF70CF887
:10AEA00030B92246002304A0FCF70CF800BFFEE7EF
:10AEB00000BF4FF6FF7010BD4E554C4C20706F69AF
:10AEC0006E746572000000002DE9F14F98B018987B
:10AED00001F00EFD0446206810B919B0BDE8F08FEE
:10AEE00016A91898FAF712F916A8FBF7ACFC1590FA
:10AEF0000021189801F0C8FF14900021189801F063
:10AF0000EBFF80460021189801F0D2FF064600278B
:10AF1000A07CC0F3801008B147F00107A07CC009F5
:10AF200008B147F00207A07C00F0070008B947F01D
:10AF300010071598CDE9008002973346216813A8C1
:10AF4000149AF2F785F9A07C00F0070038BB0021C5
:10AF5000189801F0ECFE05460021189801F0F9FE62
:10AF60002844BDF84C10084400B2ADF84C00002154
:10AF7000189801F000FF05460021189801F0BCFE6A
:10AF80002844BDF84E10084400B2ADF84E00BDF99B
:10AF90004E20BDF94C10189802F078FE6BE2A07CB0
:10AFA00000F00700032877D103A8FBF7B3FA03A842
:10AFB0001899FBF716FB4FF6FF7103A8FBF7F9FA98
:10AFC000202211461498FEF721F830444FF47A718C
:10AFD0004843A18990FBF1F000EB40050E9500BFBE
:10AFE0000E98109000BF0020029016A8FBF72BFCD3
:10AFF000BDF94C10884250DA16A8FBF724FCBDF8C6
:10B000004C10401A0FFA80FB5A46002103A8FBF7A8
:10B01000E0FAFB4903A8FBF7C6FA0B9B1AB2099B9F
:10B0200019B2A089FBF7DFFA8346594603A8FBF75C
:10B03000C6FA03A80C99FBF7B8FAF1491898FBF780
:10B040004DFA05464FF00009CA462DB1D5F82890B3
:10B0500095F83A00C0F3400A0C98484516DDCDF843
:10B0600034909DF8460020F001008DF84600BAF1BA
:10B07000000F0BD09DF8461021F00201891C8DF8BD
:10B08000461009980B9909910B9000BF03A8FBF794
:10B09000BBFA0120029006E06BE0D9491898FBF753
:10B0A000F3F90020E08116A8FBF776FBBDF94E10FE
:10B0B000884257DA0298002854D116A8FBF76CFB97
:10B0C000BDF84E10A0EB010B1498FDF7B0FFABEBF1
:10B0D00000000FFA80FA5246002103A8FBF779FA24
:10B0E000C84903A8FBF75FFA0B9B1AB2099B19B278
:10B0F000A089FBF778FA8246514603A8FBF75FFA6E
:10B1000003A80C99FBF751FABE491898FBF7E6F92A
:10B1100005464FF000090020019035B1D5F8289080
:10B1200095F83A00C0F3400001900C98484515DDB1
:10B13000CDF834909DF8460020F001008DF84600CF
:10B14000019858B19DF8461021F00201891C8DF834
:10B15000461009980B9909910B9000BF03A8FBF7C3
:10B1600053FA05E0A7491898FBF78EF900212182D0
:10B1700081E1A07C00F0070004287DD103A8FBF743
:10B18000C9F903A81899FBF72CFA4FF6FF7103A829
:10B19000FBF70FFA4FF0000A16A8FBF754FBBDF9B6
:10B1A0004C1088423CDA202211461498FDF72EFFFD
:10B1B00000EB4000BDF84C104942081A0FFA80FB22
:10B1C0005A46002103A8FBF704FA8D4903A8FBF7B0
:10B1D000EAF90B9B1AB2099B19B2A089FBF703FA93
:10B1E0008346594603A8FBF7EAF985491898FBF707
:10B1F00075F905460DB1A86A00E0002081460C985B
:10B20000484507DDCDF834909DF8460020F0010058
:10B210008DF8460003A8FBF7F7F94FF0010A05E0A7
:10B2200077491898FBF730F90020E08116A8FBF762
:10B23000B3FABDF94E1088423BDABAF1000F38D1AB
:10B240001498FDF7F4FEBDF84E104942081A0FFAA3
:10B2500080FB5A46002103A8FBF7BBF9694903A804
:10B26000FBF7A1F90B9B1AB2099B19B2A089FBF756
:10B27000BAF98346594600E022E003A8FBF79FF99C
:10B2800060491898FBF72AF905460DB1A86A00E055
:10B29000002081460C98484507DDCDF834909DF894
:10B2A000460020F001008DF8460003A8FBF7ACF93A
:10B2B00005E054491898FBF7E7F800212182DAE00D
:10B2C000A07C00F0070002287CD116A8FBF764FAE6
:10B2D000BDF94E10884203DB4FF6FF70A060CAE054
:10B2E0004949206809688847032803D84FF6FF704A
:10B2F000A060C0E016A8FBF7A6FA83462E221146EE
:10B300001498FDF783FE304400EB4000ABEB0000E7
:10B3100000B2ADF8480016A8FBF73EFAADF84A00B7
:10B320001498FDF784FE4044BDF94A1091FBF0F2F9
:10B3300000FB121011901498FDF779FE11998842C4
:10B3400010DCBDF84A101198081A00B2ADF84A0096
:10B350001498FDF76CFEBDF84A10084400B2ADF831
:10B360004A000DE0BDF84A101198081A00B2ADF875
:10B370004A00BDF84A00A0EB080000B2ADF84A0050
:10B3800012A91898FFF7C2FB81462068E7F7A5FFCE
:10B39000109049461D4A2068126890470F9006E0B9
:10B3A0000FA91B4A206812689047A9F101090F985C
:10B3B000C01C10998842F3D8DDF83CA000200E9004
:10B3C000002510E03BE021680F9A881811490968B0
:10B3D00088470E990844C0B20E900FA90E4A206803
:10B3E000126890476D1C032DEDD9206800EB0A010F
:10B3F0000E9A189800F0ACF800B3002514E0000095
:10B4000065B601087DB60108D8010020D0010020F2
:10B41000CC010020BC010020C80100202E200AEB36
:10B420000502216888546D1C032DF7D300210AF111
:10B4300003002268115409F10300A0601BE0A07C06
:10B4400000F00700012815D10021189801F093FCA5
:10B4500005460021189801F04FFC2844BDF84E1015
:10B46000084400B2ADF84E00BDF94E10189802F035
:10B4700069FB00E000BF189802F0FAF800BF2CE565
:10B480002DE9F0478146484601F032FA0446A07C97
:10B4900000F00700022801D0BDE8F0874FF6FF71E9
:10B4A000A068884200D1F7E7A068A0F103084146F0
:10B4B000104A206812689047064600254846FFF764
:10B4C00017FB074605E0785D721921688854681CEF
:10B4D000C5B271192068405C0028F4D1785D7219FA
:10B4E000216888544846FFF7CCFA4FF6FF70A060F9
:10B4F00000BFD1E7D001002070B505460E4600BF61
:10B500002846FBF7D9FC30B92A4600230CA0FBF7EC
:10B51000D9FC00BFFEE700BF284601F0E9F9044668
:10B52000A07CC0F30110B04200D170BDA07C66F3D6
:10B530000510A074284602F09BF800BFF5E7000054
:10B540004E554C4C20706F696E746572000000009F
:10B550002DE9F04106460F461546304601F0C8F980
:10B5600004463046FFF78DFA042D13D9681C00F00D
:10B57000EDF96060606810B90020BDE8F0812A46EE
:10B5800039466068F0F702FC0020616848550120E8
:10B59000E07406E00020E0742A463946201DF0F7EA
:10B5A000F5FB0120E9E7000070B506460D4600BF37
:10B5B0003046FBF781FC30B93246002321A0FBF76F
:10B5C00081FC00BFFEE700BF304601F091F9044660
:10B5D00020493046FAF758FF1F493046FAF754FF22
:10B5E0001E493046FAF750FF1D493046FAF74CFF26
:10B5F0000020E08100212182032D03D0042D01D001
:10B60000052D05D1A07C20F080008030A07403E0DF
:10B61000A07C20F08000A074A07C00F0070002282D
:10B6200007D14FF6FF71A068884202D03046FFF77D
:10B6300027FFA07C65F30200A0743046FFF744FCAE
:10B6400070BD00004E554C4C20706F696E74657271
:10B650000000000009E001084DE0010865B601089E
:10B660007DB6010870B505460C46284601F040F944
:10B670000646F481284601F0FBFF70BD70B5054613
:10B680000C46284601F034F906463482284601F07B
:10B69000EFFF70BD70B506460D4600BF3046FBF7A4
:10B6A0000BFC30B9324600230CA0FBF70BFC00BFAB
:10B6B000FEE700BF304601F01BF90446A07CC0F352
:10B6C0008010A84200D170BDA07C65F38610A074E4
:10B6D0003046FFF7F9FB00BFF5E700004E554C4C34
:10B6E00020706F696E746572000000002DE9F041F2
:10B6F00006460D4600BF3046FBF7DEFB30B932464A
:10B70000002338A0FBF7DEFB00BFFEE700BF30469A
:10B7100001F0AEFF304601F0EBF8044605B92568AC
:10B7200000BF2846FBF7C8FB30B92A4600232DA0EE
:10B73000FBF7C8FB00BFFEE700BF2068A8421FD18F
:10B74000A07CC0F3C000D8B92068E7F7C6FD471C4D
:10B750003946206800F0A6F9206000BF2068FBF79A
:10B76000ABFB38B921680A46002322A0FBF7AAFBED
:10B7700000BFFEE700BF206800282ED1BDE8F081A1
:10B78000206840B1A07CC0F3C00020B9206800F060
:10B7900049F9002020602846E7F79FFD471C3846FE
:10B7A00000F0D4F8206000BF2068FBF785FB38B9B3
:10B7B00021680A4600230FA0FBF784FB00BFFEE7C9
:10B7C00000BF206800B9D9E729462068E7F7A7FD40
:10B7D000A07C20F00800A07400BF3046FFF774FB87
:10B7E00000BFCBE74E554C4C20706F696E7465728C
:10B7F000000000004F7574206F66206D656D6F72DC
:10B800007900000070B505460E4600BF2846FBF7DC
:10B8100053FB30B92A4600230FA0FBF753FB00BFB0
:10B82000FEE700BF284601F063F80446A07CC0F3A1
:10B83000C00030B9206820B1206800F0F3F8002083
:10B8400020602EB1A07C20F008000830A074266093
:10B850002846FFF739FB70BD4E554C4C20706F6980
:10B860006E746572000000002DE9F04707460C4633
:10B870001546082C14D1A94699F800103846FFF750
:10B88000C7FAC9F80400D9F8040010B10120BDE8D6
:10B89000F0872A4621463846284B1B689847F6E72A
:10B8A0002A4621463846254B1B6898478046B8F102
:10B8B000010F01D04046EAE7072C04D120A1284619
:10B8C00001F0EAFBE3E7384601F012F8064664B9F6
:10B8D000B07CC0F3C00020B9306800F0A3F80020AD
:10B8E00030603846FFF7CDF826E0042C06D1384604
:10B8F000FFF7C6FD3846FFF7E7FA1DE0022C1AD124
:10B9000007F11000FAF79FFF81462846FAF79BFFE0
:10B91000814509D107F11000FAF73EFF814628461C
:10B92000FAF73AFF814507D03846FFF7A9FD3846B8
:10B93000FFF7CAFA00E000BF4046A8E7E401002094
:10B940006C765F6C6162656C0000000070B5054646
:10B950000DB9154870BDE81C20F003050024002631
:10B9600000BF3046F8F766FB064626B1294630464A
:10B97000F8F747FB04460EB1002CF2D08CB10B480F
:10B98000006884420DD909480068201A28440849F3
:10B990000968884205D905480068201A28440449E6
:10B9A00008602046D6E70000900100208C010020AE
:10B9B0009401002070B50020F8F73CFB04462FE00E
:10B9C00009E0207800F0010020B12046F8F732FBB2
:10B9D000044600E001E0002CF3D100BF04B970BDC3
:10B9E0002046F8F727FB054614E0287800F0010010
:10B9F00058B90421286801EB5000216800EB51017F
:10BA0000206861F35F00206000E005E02846F8F759
:10BA100011FB0546002DE8D100BF05B9DFE72C4634
:10BA2000CEE7000070B505461C48854200D170BDC8
:10BA300005B9FCE72C1F206820F0010020601848A1
:10BA40000088401C164908800846008810281DDA26
:10BA50002046F8F7EFFA064614E0307800F00100CF
:10BA600058B90421306801EB5000216800EB510106
:10BA7000206861F35F00206000E005E03046F8F7E1
:10BA8000D9FA0646002EE8D100BF04E000200449A0
:10BA90000880FFF78FFF00BFC9E70000900100207A
:10BAA000A80100202DE9F04105460C46E01C20F0DD
:10BAB000030435B1281F017801F0010101B9002507
:10BAC00000BF2846F0F73EF90646A64202D12846B6
:10BAD000BDE8F081B44208D2A5F1040821464046F1
:10BAE000F8F7C0FA08F10400F2E72046FFF72EFF4E
:10BAF00007460FB90020EBE775B156B14CB1B4421F
:10BB000001D2204600E03046024629463846F0F78A
:10BB10003DF92846FFF786FF3846D9E770B5044659
:10BB20000E4600BF2046FBF7C7F930B92246002376
:10BB300009A0FBF7C7F900BFFEE700BF94F83D007E
:10BB400040EA060594F83D00A84203D02946204665
:10BB500002F00CF970BD00004E554C4C20706F691E
:10BB60006E746572000000002DE9FE4304460D4628
:10BB700017461E46DDF8288000BF2046FBF79CF9DB
:10BB800030B92246002318A0FBF79CF900BFFEE75E
:10BB900000BF1DB9204600F053FF054600BF2846F0
:10BBA000FBF78AF930B92A4600230FA0FBF78AF980
:10BBB00000BFFEE700BF012003463A4629468DE854
:10BBC0004101204604F037FE482007554420065323
:10BBD000A4F8468025644920005D20F00201492038
:10BBE0000155BDE8FE8300004E554C4C20706F6936
:10BBF0006E746572000000002DE9FE4304460D4698
:10BC000017461E46DDF8288000BF2046FBF754F992
:10BC100030B92246002318A0FBF754F900BFFEE715
:10BC200000BF1DB9204600F00BFF054600BF2846A7
:10BC3000FBF742F930B92A4600230FA0FBF742F97F
:10BC400000BFFEE700BF012003463A4629468DE8C3
:10BC50004101204604F03DFE48200755442006538C
:10BC6000A4F8468025644920005D20F00200801C75
:10BC700049210855BDE8FE834E554C4C20706F6934
:10BC80006E7465720000000070B504460E4600BF79
:10BC90002046FBF711F930B92246002308A0FBF734
:10BCA00011F900BFFEE700BF3146606AFFF7FAFEF8
:10BCB00005460DB9002070BD6562606AFBE70000B3
:10BCC0004E554C4C20706F696E7465720000000018
:10BCD0002DE9FC4707468846384600F073FE10B150
:10BCE0000020BDE8FC87384600F0C4FE044620462C
:10BCF00000F074FC82465046FBF756FAA0420ED084
:10BD00005046FBF75CFAA04209D05046FBF733FAE5
:10BD1000A04204D05046FBF723FAA04247D1B7F91E
:10BD2000325007F110016846FAF7C0FCBDF8000078
:10BD3000401B00B2ADF80000BDF80200401B00B28D
:10BD4000ADF80200BDF80400284400B2ADF80400CC
:10BD5000BDF80600284400B2ADF806006A46414628
:10BD60004046EEF787FB8146B9F1000F01D1002074
:10BD7000B7E7384600F064FE064615E006F110020B
:10BD800041464046EEF776FB8146B9F1000F01D1FE
:10BD90000020A6E7304600F015FE08B10020A0E71D
:10BDA000304600F04DFE0646002EE7D100BF0120D0
:10BDB00097E770B505460E463146284600F029FF44
:10BDC000044604B970BD2046F0F7E8FF0023FF22C7
:10BDD0003146284608F016FD00BFF3E770B504466B
:10BDE0000E4600BF2046FBF767F830B92246002315
:10BDF00009A0FBF767F800BFFEE700BF94F83D001D
:10BE000020EA060594F83D00A84203D029462046C2
:10BE100001F0ACFF70BD00004E554C4C20706F69B6
:10BE20006E746572000000002DE9F04106460D4673
:10BE30000024002E3AD1FBF767F9074617B9002016
:10BE4000BDE8F08107F13000EFF763FD044600BF65
:10BE50002046FBF731F830B922460023E8A0FBF773
:10BE600031F800BFFEE700BF0CB90020E8E74C2125
:10BE70002046F0F73DF994F8350020F0600084F892
:10BE80003500E348E061E34820620020A0612082A1
:10BE900000216182FBF74BF9401E01B2A182002014
:10BEA000FBF7BDF9401E01B2E182A2E000BF3046BF
:10BEB000FBF702F830B932460023D7A0FBF702F8AF
:10BEC00000BFFEE700BF301DEFF723FD044600BFB3
:10BED0002046FAF7F1FF30B922460023C8A0FAF74E
:10BEE000F1FF00BFFEE700BF0CB90020A8E74C211E
:10BEF0002046F0F7FDF8266094F8350020F0600049
:10BF000084F83500C248E061C24820620020A06188
:10BF1000718A6182FBF7FEF800EBC00101EB0010B3
:10BF2000502101EB4000A02190FBF1F001280DDD34
:10BF30000020FBF7EFF800EBC00101EB00105021EF
:10BF400001EB4000A02190FBF1F000E00120718A9C
:10BF5000084401B2E182204600F0E2FA012824D12F
:10BF6000B18AA1820020FBF7D5F800EBC00101EBFC
:10BF70000010502101EB8000A02190FBF1F001287E
:10BF80000DDD0020FBF7C6F800EBC00101EB00104F
:10BF9000502101EB8000A02190FBF1F000E0012096
:10BFA000B18A081A00B2208223E0308A2082002061
:10BFB000FBF7B0F800EBC00101EB0010502101EBE2
:10BFC0008000A02190FBF1F001280DDD0020FBF79F
:10BFD000A1F800EBC00101EB0010502101EB800043
:10BFE000A02190FBF1F000E00120318A084401B269
:10BFF000A1824C21201DEFF784FC0020608684F88C
:10C00000300084F8310000214820015544200153BC
:10C0100046200153002020644920005D20F00101EA
:10C0200049200155002034346060207820F08000E1
:10C030002070207820F00100401C2070207820F033
:10C0400002002070207820F004002070207820F07A
:10C0500008002070607820F01C000C3060702078A0
:10C0600020F010002070207820F0200020700020A8
:10C070002072207820F0400004F834090EB101202D
:10C0800000E000202434617C60F300016174607C76
:10C0900020F0020060740020607644F8240904F166
:10C0A000280003F0C8F855B926B10221204603F054
:10C0B000D9FC0AE00121204603F0D4FC05E005F19B
:10C0C000280104F1280002F0FAFF002D7ED005F1CE
:10C0D000100104F11000FAF7E9FA303568883034BD
:10C0E000608028782070687860706879303D4109F8
:10C0F000607961F346106071303C4820415D015524
:10C100004420415B01534620415B0153286C20646D
:10C110004920405D4921095D60F300014920015536
:10C1200055F8180F44F8180F287FC109207F61F3D4
:10C13000C7102077287F217F60F300012177287FB7
:10C140004108207F61F341002077687F8108607F8C
:10C1500061F384006077287F8108207F61F382008B
:10C160002077287FC108207F61F3C3002077287FD4
:10C170000109207F61F304102077287F4109207F87
:10C1800061F345102077287F8109207F61F38610B5
:10C19000207795F8240084F82400687F617F60F39D
:10C1A00000016177687F4108607F61F3410060773B
:10C1B000183C286A183D18B12146A86BFDF73EF8D7
:10C1C000284600F03DFC08B106B100E00CE028462E
:10C1D00000F03CFF0746284600F012FF80463A4632
:10C1E0004146204601F0D0FC3EB1224601213046B6
:10C1F000F3699847204601F03BFA204620E600000C
:10C200004F7574206F66206D656D6F727900000048
:10C2100091E00108A1C201084E554C4C20706F6995
:10C220006E746572000000002DE9F041054600BF04
:10C230002846FAF741FE30B92A46002314A0FAF73F
:10C2400041FE00BFFEE700BF284601F011FA0026BC
:10C250000027284600F0F4FB04465CB9284600F0AD
:10C26000BDF9064616B90020BDE8F081F06BA84282
:10C2700000D10127284604F08DFC24B100220121C1
:10C280002046E36998470FB10020F0630020EBE7F8
:10C290004E554C4C20706F696E7465720000000042
:10C2A0002DE9F0479AB0044688461546022D5CD128
:10C2B0000021204600F081FC18B103201AB0BDE82F
:10C2C000F0870021204600F07FFD814600212046B6
:10C2D00000F01EFE06460021204600F010FE074634
:10C2E00004F1100118A8FAF7E1F9BDF86000801B0D
:10C2F00000B2ADF86000BDF86400304400B2ADF8A3
:10C300006400BDF86200C01B00B2ADF86200BDF869
:10C310006600384400B2ADF866004A4618A94046A7
:10C32000EEF7E9F808B90220C8E70021204600F03E
:10C3300011FCFD2801DA0220C0E70021204600F0B0
:10C34000FFFB08B10220B9E70021204600F00BFCFA
:10C3500008B10220B2E70021204600F095FCFD283C
:10C3600001DA0220AAE70120A8E7002D71D105A873
:10C37000FCF76EFC0021204600F0FFFB10B101200D
:10C380008DF82A0005AA0021204600F0C5FF0021F3
:10C39000204600F0BDFD06460021204600F0AFFD1E
:10C3A000074604F1100103A8FAF780F9BDF80C0064
:10C3B000801B00B2ADF80C00BDF81000304400B294
:10C3C000ADF81000BDF80E00C01B00B2ADF80E00B5
:10C3D000BDF81200384400B2ADF8120005AA41467B
:10C3E00003A8FCF705FC0021204600F0E6FB88B31B
:10C3F0001C20EFF7CDFB82460021204600F0E4FC34
:10C4000081469DF82A0000F0010020B39DF8280025
:10C41000022820DBBDF9240000281CDD208A401CF6
:10C4200000B2ADF80400608A401C00B2ADF806000E
:10C43000A08A401E00B2ADF80800E08A401E00B29B
:10C44000ADF80A0000234A4601A95046FCF772FBEA
:10C4500008E00EE00CE000234A4604F110015046CB
:10C46000FCF768FB04F518715046FBF7EFFE00BFC0
:10C4700054E0012D52D10021204600F09EFB40B136
:10C4800004F51870FCF786FB06463046EFF730FCE3
:10C4900000BF0021204600F070FBE8B305A8FCF7C0
:10C4A000D7FB00208DF820008DF84A008DF83E0063
:10C4B0008DF8580005AA0021204600F02DFF00212C
:10C4C000204600F025FD06460021204600F017FD1D
:10C4D000074604F1100103A8FAF7E8F8BDF80C00CC
:10C4E000801B00B2ADF80C00BDF81000304400B263
:10C4F000ADF81000BDF80E00C01B00B2ADF80E0084
:10C50000BDF81200384400B2ADF8120005AA414649
:10C5100003A8FCF76DFB00E000E000BF0020CDE6C3
:10C5200010B5044600BF2046FAF7C6FC30B92246D3
:10C53000002304A0FAF7C6FC00BFFEE700BF0020FE
:10C5400010BD00004E554C4C20706F696E746572C2
:10C550000000000070B504460D4600BF2046FAF703
:10C56000ABFC30B92246002309A0FAF7ABFC00BFB0
:10C57000FEE700BF002625B9201DEFF7A5F9064606
:10C5800004E02946201DEFF7A4F90646304670BDA9
:10C590004E554C4C20706F696E746572000000003F
:10C5A00070B504460D4600BF2046FAF785FC30B949
:10C5B0002246002305A0FAF785FC00BFFEE700BF76
:10C5C00004F110012846FAF771F870BD4E554C4C35
:10C5D00020706F696E746572000000002DE9F041F3
:10C5E000054600BF2846FAF767FC30B92A46002303
:10C5F00017A0FAF767FC00BFFEE700BF286808B97C
:10C600002E4603E0284600F035FA06461448EFF7B8
:10C610005BF9044617E004F13000EFF755F90746DF
:10C620000AE0B74202D12046BDE8F081394604F164
:10C630003000EFF74EF90746002FF2D121460848A7
:10C64000EFF747F90446002CE5D10020ECE70000A5
:10C650004E554C4C20706F696E746572000000007E
:10C660001C5900202DE9F34F8FB0044600252046C9
:10C67000109900F0E0FB0646002E47D020461099A6
:10C6800000F0C7FB0C900C9802283EDD304606EB0C
:10C69000D07149100EB2701C06B22046109900F0FD
:10C6A000C1FB304406B22046109900F0A0FB814641
:10C6B0002046109900F0A4FB8246B9F1000F01DD7D
:10C6C000484601E0C9F10000BAF1000F01DD514612
:10C6D00001E0CAF10001884207DDB9F1000F01DD78
:10C6E000484609E0C9F1000006E0BAF1000F01DD9B
:10C6F000504601E0CAF10000304406B2B54201DD07
:10C70000284600E03046054600BF00BF204610998D
:10C7100000F051FC8046B8F1000F79D02046109906
:10C7200000F040FC0C900C98022872DD2046109915
:10C7300000F01DFC0B902046109900F018FC0A90A8
:10C740002046109900F00AFC0990002147F6184293
:10C750000A98CDE901210090414608A80B9B099A4F
:10C76000F0F776FD0020ADF81800ADF81A00BDF81E
:10C770002000401E00B2ADF81C00BDF82200401E93
:10C7800000B2ADF81E002046109900F0D3FB8146A0
:10C790002046109900F0F4FB82462046109900F0E4
:10C7A000F8FB05904A4604AB06A904F11000EDF72A
:10C7B000AFFCBDF81800BDF810105144084400B299
:10C7C000ADF81800BDF81A10BDF8122005981044F5
:10C7D000084400B2ADF81A00BDF81C00BDF81010F6
:10C7E0005144084400B2ADF81C00BDF81E10BDF85D
:10C7F000122005981044084400B2ADF81E00B4F9A8
:10C800001000BDF91810401AA84203DA284606E0C5
:10C8100035E033E0B4F91000BDF91810401A05B244
:10C82000B4F91200BDF91A10401AA84201DA2846DC
:10C8300004E0B4F91200BDF91A10401A05B2BDF9AE
:10C840001C10B4F91400081AA84201DA284604E0C2
:10C85000BDF91C10B4F91400081A05B2BDF91E1078
:10C86000B4F91600081AA84201DA284604E0BDF916
:10C870001E10B4F91600081A05B200BF00BF20460A
:10C88000109900F027FA0746BFB12046109900F032
:10C890000FFA8246BAF1020F0EDD2046109900F021
:10C8A00010FA814609EB0700A84201DA284601E0A8
:10C8B00009EB070005B200BF00BF2046109900F049
:10C8C00027FB0E902046109900F019FB83460E9925
:10C8D000594501DD0E9800E058460D900D9800284E
:10C8E00002DD0D98284405B2284611B0BDE8F08F4E
:10C8F00010B5044600BF2046FAF7DEFA30B92246EA
:10C90000002304A0FAF7DEFA00BFFEE700BF606A6A
:10C9100010BD00004E554C4C20706F696E746572EE
:10C9200000000000014691F83500C0F34000704758
:10C9300070B504460CB9002070BD254603E02846BA
:10C9400000F07EF805462846FFF7ECFF08B1002D01
:10C95000F5D12846F0E7000010B5044600BF204698
:10C96000FAF7AAFA30B92246002304A0FAF7AAFA85
:10C9700000BFFEE700BFA06B10BD00004E554C4C41
:10C9800020706F696E7465720000000010B5044677
:10C9900000BF2046FAF790FA30B92246002305A0DE
:10C9A000FAF790FA00BFFEE700BF04F11000F9F7B4
:10C9B000C2FE10BD4E554C4C20706F696E7465728E
:10C9C0000000000010B5044600BF2046FAF774FAD4
:10C9D00030B92246002305A0FAF774FA00BFFEE73B
:10C9E00000BF94F83400C0F3001010BD4E554C4CFD
:10C9F00020706F696E7465720000000070B50446A7
:10CA00000D4600BF2046FAF757FA30B922460023F8
:10CA100007A0FAF757FA00BFFEE700BF29462046F5
:10CA200000F0F7F80646304602F0DAFB70BD000071
:10CA30004E554C4C20706F696E746572000000009A
:10CA400010B5044600BF2046FAF736FA30B9224640
:10CA5000002304A0FAF736FA00BFFEE700BF206803
:10CA600010BD00004E554C4C20706F696E7465729D
:10CA70000000000070B5044600BF2046FAF71CFA1B
:10CA800030B92246002308A0FAF71CFA00BFFEE7DF
:10CA900000BF254600BF2E463046FFF7D1FF0546B2
:10CAA000002DF8D1304670BD4E554C4C20706F694A
:10CAB0006E7465720000000010B5044600BF204689
:10CAC000FAF7FAF930B92246002304A0FAF7FAF986
:10CAD00000BFFEE700BFE06910BD00004E554C4CA2
:10CAE00020706F696E7465720000000038B50446EE
:10CAF0000D4600BF2046FAF7DFF930B92246002381
:10CB00000BA0FAF7DFF900BFFEE700BF402D02DA05
:10CB100094F83D0038BD8DF8005000208DF80100DC
:10CB20006A460921204602F099FA9DF80100F1E7D2
:10CB30004E554C4C20706F696E7465720000000099
:10CB400070B504460D46202229462046EFF7B8FB73
:10CB5000C0B270BD70B504460D462C222946204651
:10CB6000EFF7F0FC70BD70B504460D463222294641
:10CB70002046EFF7A5FBC0B270BD70B504460D4668
:10CB8000332229462046EFF79BFB08B1012070BDF8
:10CB90000020FCE770B504460D46312229462046A8
:10CBA000EFF78EFBC0B270BD70B504460D46302263
:10CBB00029462046EFF784FB70BD70B504460D464C
:10CBC000022229462046EFF77BFB08B1012070BD09
:10CBD0000020FCE770B504460D4648F2A002294645
:10CBE0002046EFF76DFBC0B270BD70B504460D4630
:10CBF00048F2AD0229462046EFF7A4FC70BD70B59F
:10CC000004460D46912229462046EFF759FBC0B253
:10CC100070BD7CB506460C4614B906F128007CBDF3
:10CC20008DF80040002001906A460821304602F04D
:10CC300015FA0546012D01D00020F0E70198EEE736
:10CC400070B504460D46162229462046EFF738FBFC
:10CC500070BD70B504460D46172229462046EFF7F1
:10CC60002FFB70BD70B504460D461822294620469C
:10CC7000EFF726FB70BD70B504460D461522294618
:10CC80002046EFF71DFB70BD70B504460D4648F217
:10CC90000C0229462046EFF755FC70BD70B50446DE
:10CCA0000D46422229462046EFF70AFBC0B270BD6E
:10CCB00070B504460D464C2229462046EFF742FC4B
:10CCC00070BD70B504460D46412229462046EFF757
:10CCD000F7FA70BD70B504460D464022294620463D
:10CCE000EFF7EEFA70BD70B504460D4611222946E5
:10CCF0002046EFF7E5FA70BD70B504460D461122E7
:10CD000029462046EFF7DCFA70BD70B504460D46A3
:10CD1000142229462046EFF7D3FA70BD70B50446B9
:10CD20000D46122229462046EFF7CAFA70BD70B5AB
:10CD300004460D46122229462046EFF7C1FA70BD7F
:10CD400070B504460D46132229462046EFF7B8FA7F
:10CD500070BD70B504460D46132229462046EFF7F4
:10CD6000AFFA70BD70B504460D4610222946204624
:10CD7000EFF7A6FA70BD70B504460D46102229469D
:10CD80002046EFF79DFA70BD70B504460D4660224F
:10CD900029462046EFF794FAC0B270BD70B504463C
:10CDA0000D466E2229462046EFF758FC70BD38B577
:10CDB00004460D46692229462046EFF733FA0090D3
:10CDC000BDF80010084638BD70B504460D46012276
:10CDD00029462046EFF774FA70BD70B504460D463B
:10CDE000542229462046EFF76BFAC0B270BD70B5E9
:10CDF00004460D46512229462046EFF761FA70BDE0
:10CE000070B504460D46522229462046EFF758FADF
:10CE100070BD70B504460D465C2229462046EFF7EA
:10CE200091FB70BD70B504460D465322294620463D
:10CE3000EFF746FA70BD70B504460D4650222946FC
:10CE40002046EFF73DFA70BD70B504460D4648F236
:10CE5000830229462046EFF733FAC0B270BD70B5A1
:10CE600004460D4648F2820229462046EFF728FA8A
:10CE7000C0B270BD70B504460D4648F28E02294618
:10CE80002046EFF7EBFB70BD70B504460D4648F247
:10CE90008E0229462046EFF7E1FB70BD70B50446CF
:10CEA0000D4648F2800229462046EFF709FA70BD88
:10CEB00070B504460D4648F2800229462046EFF739
:10CEC000FFF970BD70B504460D4648F2810229464F
:10CED0002046EFF7F5F970BD70B504460D4648F2EF
:10CEE000810229462046EFF7EBF970BD70B5044684
:10CEF0000D46062229462046EFF7E2F970BD70B5CF
:10CF000004460D46052229462046EFF7D9F970BDA3
:10CF100070B504460D46042229462046EFF7D0F9A5
:10CF200070BD70B504460D46072229462046EFF72E
:10CF3000C7F970BD70B504460D46752229462046D6
:10CF4000EFF7BEF9C0B270BD70B504460D4672224F
:10CF500029462046EFF7B4F9C0B270BD70B504465B
:10CF60000D467E2229462046EFF778FB70BD70B54E
:10CF700004460D46702229462046EFF7A1F970BD00
:10CF800070B504460D46732229462046EFF798F9FE
:10CF900070BD70B504460D46742229462046EFF751
:10CFA0008FF970BD70B504460D467C222946204697
:10CFB000EFF7C8FA70BD70B504460D467F222946CA
:10CFC0002046EFF74BFB70BD10B5044600BF20466E
:10CFD000F9F772FF30B92246002305A0F9F772FF76
:10CFE00000BFFEE700BF04F11000F9F7EDFB10BD34
:10CFF0004E554C4C20706F696E74657200000000D5
:10D0000070B5044600BF2046F9F756FF30B92246F6
:10D0100000230AA0F9F756FF00BFFEE700BF204635
:10D02000FFF70EFD054625B1208A298A401A06B26F
:10D0300001E0B4F91060304670BD00004E554C4C14
:10D0400020706F696E7465720000000070B5044650
:10D0500000BF2046F9F730FF30B9224600230AA06E
:10D06000F9F730FF00BFFEE700BF2046FFF7E8FCFE
:10D07000054625B1618A688A081A06B201E0B4F94A
:10D080001260304670BD00004E554C4C20706F69E8
:10D090006E7465720000000002460B46002105E038
:10D0A00052F8210000B903E0481CC1B20729F7DBA0
:10D0B00000BF42F82130012070472DE9FC410546B0
:10D0C0000E46144600BF48F2AC0231462846EFF740
:10D0D00039FA20702078022801DCBDE8FC81314655
:10D0E0002846FFF7D1FD0746FD2F03DA2078784365
:10D0F000001220702078022800DCEEE7002060801B
:10D100004FF48070208105F11000F9F75DFB804637
:10D1100000EBD8704010A08005F11000F9F70BFB70
:10D12000804600EBD8704010E08031462846FFF77B
:10D130005CFDA072A07A00280EDD00BF48F2A902B3
:10D1400031462846EFF76EF80090BDF8001008460B
:10D150000190BDF80400A08131462846FFF73AFD52
:10D16000A07300BFB9E72DE9FC4105460E46144601
:10D1700000BF48F28C0231462846EFF7E3F92073EE
:10D18000207B022801DCBDE8FC8131462846FFF700
:10D190007BFD0746FD2F03DA207B784300122073C6
:10D1A000207B022800DCEEE700BF48F2890231460E
:10D1B0002846EFF737F80090BDF8001008460190B8
:10D1C000BDF80400208031462846FFF767FE208224
:10D1D00031462846FFF776FEE08131462846FFF7C4
:10D1E0003EFE84F8220031462846FFF72DFE84F8E3
:10D1F000230031462846FFF73DFEA0604FF6FF7141
:10D200006069884220D0A06988421DD000BF48F2E2
:10D210008A0231462846EFF705F80090BDF8001065
:10D2200008460190BDF80400608000BF48F28B0200
:10D2300031462846EEF7F6FF0090BDF8001008468C
:10D240000190BDF80400A08000BF9CE72DE9FC47D9
:10D2500005460E46144600BF902231462846EFF799
:10D260002FF86080608808B9BDE8FC8700BF9C2269
:10D2700031462846EFF766F92072207A022800DC52
:10D28000F2E731462846FFF7FFFC0746FD2F03DA99
:10D29000207A784300122072207A022800DCE3E72B
:10D2A00000BF992231462846EEF7BCFF0090BDF83A
:10D2B000001008460190BDF80400208000BF9222B3
:10D2C00031462846EEF7FCFFA080A08830B100BFB1
:10D2D000932231462846EEF7F3FFE080A846B14698
:10D2E000942249464046EEF7EBFF08B1012000E0EA
:10D2F0000020617A60F382016172607A810861F3D3
:10D30000C300607231462846FFF779FC617A60F30A
:10D310000101617200BFA7E72DE9FC4705460E46F3
:10D32000144631462846FFF74FFD208031462846F7
:10D33000FFF7AAFC0746022F0ADC002020732075A5
:10D3400084F82A0084F8360084F84400BDE8FC879D
:10D35000207B002840D031462846FFF7FBFB207396
:10D36000207B022838DD00BF292231462846EEF70F
:10D3700059FF0090BDF8001008460190BDF8040068
:10D38000608000BF232231462846EEF799FFC0B2E5
:10D39000A071A079D8B100BF2A2231462846EEF705
:10D3A00041FF0090BDF8001008460190BDF8040050
:10D3B000A08000BF212231462846EEF781FF208160
:10D3C00000BF222231462846EEF77AFF60813146BF
:10D3D0002846FFF7B5FB607331462846FFF7E4FBAC
:10D3E0002082208A18B3207D08B300BF3C2231463A
:10D3F0002846EFF7A7F82075207D022812DD314678
:10D400002846FFF7C7FB608200BF39223146284615
:10D41000EEF708FF0090BDF8001008460190BDF837
:10D420000400E08131462846FFF79DFB60753146D8
:10D430002846FFF74FFC6083608B08B3A07FF8B1EC
:10D4400031462846FFF734FCA077A07F022812DD82
:10D4500031462846FFF735FCA08300BF49223146FC
:10D460002846EEF7DFFE0090BDF800100846019058
:10D47000BDF80400208331462846FFF70FFCE07713
:10D4800031462846FFF78AFCE062E06A002849D06E
:10D4900094F83600002845D000BF6C22314628465B
:10D4A000EFF750F884F8360094F83600022839DD9A
:10D4B00000BF6D2231462846EFF744F884F8370064
:10D4C000A846B146612249464046EEF7F9FE08B14A
:10D4D000012000E0002084F83800E06AFCF7B4FF87
:10D4E00002280DD131462846FFF761FC0190BDF8B6
:10D4F0000400A08631462846FFF7BCFC20630BE001
:10D5000094F83700022807DD31462846FFF74FFC24
:10D510000190BDF80400A08631462846FFF734FC90
:10D5200084F8390031462846FFF785FC6084608C1A
:10D5300080B394F82A0002282CDD31462846FFF7F4
:10D5400068FC84F82A0094F82A00022822DD31467B
:10D550002846FFF74CFCA08431462846FFF750FCD4
:10D56000E08431462846FFF75DFC208500BF592244
:10D5700031462846EEF756FE0090BDF800100846EA
:10D580000190BDF80400208431462846FFF725FCB1
:10D5900084F82B0031462846FFF70DFDE063E06B71
:10D5A000F0B394F84400022840DD31462846FFF7E6
:10D5B000F9FC84F8440094F84400022836DD314632
:10D5C0002846FFF7DDFC4034208131462846FFF72E
:10D5D000E0FC608100BF792231462846EEF722FE4A
:10D5E0000090BDF8001008460190BDF80400E080EE
:10D5F00031462846FFF7B2FC206031462846FFF747
:10D60000B6FCA08100BF712231462846EEF758FED5
:10D61000E08131462846FFF78DFC2074314600E05A
:10D6200004E02846FFF790FC6074403CFD2F1DDAB3
:10D63000207B784300122073207D784300122075F0
:10D64000A07F78430012A07794F82A007843001254
:10D6500084F82A0094F836007843001284F83600E3
:10D6600094F844007843001284F8440000BF6DE64B
:10D670007CB5044600BF2046F9F71EFC30B92246AF
:10D68000002315A0F9F71EFC00BFFEE700BFB4F9A8
:10D69000325004F110016846F9F708F8BDF80000AF
:10D6A000401B00B2ADF80000BDF80200401B00B204
:10D6B000ADF80200BDF80400284400B2ADF8040043
:10D6C000BDF80600284400B2ADF8060069462046C1
:10D6D00000F00AF87CBD00004E554C4C20706F697C
:10D6E0006E746572000000002DE9FC4104460E4690
:10D6F00000BF2046F9F7E0FB30B9224600230CA01A
:10D70000F9F7E0FB00BFFEE700BF31466846F8F7D7
:10D71000CDFF69462046FEF7DBFA054635B12046C7
:10D72000FEF75CFF07466946EEF718F8BDE8FC8196
:10D730004E554C4C20706F696E746572000000008D
:10D7400010B5044600BF2046F9F7B6FB30B92246B3
:10D75000002308A0F9F7B6FB00BFFEE700BFA06BEF
:10D7600030B1A06BFBF7D2FDA04201D1012010BD6A
:10D770000020FCE74E554C4C20706F696E7465724A
:10D780000000000070B504460D4600BF2046F9F7C2
:10D7900093FB30B92246002306A0F9F793FB00BFA4
:10D7A000FEE700BF94F83C00284008B1012070BD9E
:10D7B0000020FCE74E554C4C20706F696E7465720A
:10D7C0000000000070B5054600BF2846F9F774FB5D
:10D7D00030B92A46002311A0F9F774FB00BFFEE719
:10D7E00000BF2846FFF72CF90446201DEEF76CF821
:10D7F000A84200D170BD2046FFF73AFF01232A4618
:10D80000211D201DEEF728F82A4601212046E36954
:10D8100098472046FFF72CFF00BFEBE74E554C4CD6
:10D8200020706F696E7465720000000038B50446A0
:10D8300000BF2046F9F740FB30B92246002311A073
:10D84000F9F740FB00BFFEE700BF4920005DC0F3D1
:10D85000400058B1B4F946000090B4F94430482073
:10D86000025D2046216CFEF7C7F90AE0B4F94600D4
:10D870000090B4F944304820025D2046216CFEF748
:10D8800073F938BD4E554C4C20706F696E746572DB
:10D890000000000010B5044600BF2046F9F70CFB5D
:10D8A00030B92246002307A0F9F70CFB00BFFEE7C2
:10D8B00000BF00206086002206212046E3699847C9
:10D8C00010BD00004E554C4C20706F696E7465722F
:10D8D000000000002DE9F04104460F46154600BF48
:10D8E0002046F9F7E9FA30B9224600235CA0F9F79F
:10D8F000E9FA00BFFEE700BF2A4639462046F7F79F
:10D90000C5FC0026502D63D024DC132D57D00EDC2F
:10D91000A5F1020011286DD2DFE800F048494A4B1A
:10D920004C4D6C6C6C6C6C6C6C6C4E4F5000182DCC
:10D930004AD008DC142D43D0152D42D0162D41D0ED
:10D94000172D57D13FE0402D3FD0412D3ED04C2DDB
:10D9500050D13CE0752D44D012DC702D3DD008DC58
:10D96000512D37D0522D36D0532D35D05C2D41D18D
:10D970002FE0712D32D0732D31D0742D3AD12FE09C
:10D98000FF2D12D008DC7C2D2ED07E2D2BD07F2DAC
:10D9900028D0902D2ED12BE0A5F50040803820B363
:10D9A000012823D00E2825D121E000BF00BF00BFF1
:10D9B00000BF00BF00BF00BF00BF00BF00BF00BF6F
:10D9C00000BF00BF00BF00BF00BF00BF00BF00BF5F
:10D9D00000BF00BF00BF00BF00BF00BF00BF00BF4F
:10D9E00000BF00BF00BF00BF00BF00BF00BF00BF3F
:10D9F000012601E0002600BF00BF66B32046FFF706
:10DA000037FE002204212046E3699847172D0CD0E9
:10DA100004DC152D07D0162D10D105E0182D05D0EA
:10DA2000FF2D0BD100BF00BF00BF00BF206820B199
:10DA3000206800220121C369984700BF00BF20462B
:10DA4000FFF716FEFF2D02D005F4004030B120464E
:10DA500004F0E6FA02E02046FFF70AFEBDE8F08196
:10DA60004E554C4C20706F696E746572000000005A
:10DA700070B506460020F9F789FB044616E004F16C
:10DA80003000EDF721FF054609E02946304604F055
:10DA9000E5FA294604F13000EDF71BFF0546002D9D
:10DAA000F3D12046F9F772FB044600BF002CE6D103
:10DAB00070BD70B504460D4629462046FEF779F93B
:10DAC000FF2229462046FFF705FF70BD70B50446CA
:10DAD0000D4600BF2046F9F7EFF930B92246002382
:10DAE00007A0F9F7EFF900BFFEE700BFE843C04326
:10DAF00094F8341060F3000184F8341070BD000015
:10DB00004E554C4C20706F696E74657200000000B9
:10DB100070B504460D4600BF2046F9F7CDF930B97F
:10DB20002246002303A0F9F7CDF900BFFEE700BFAE
:10DB3000256270BD4E554C4C20706F696E746572D5
:10DB40000000000070B504460D4600BF2046F9F7FE
:10DB5000B3F930B92246002307A0F9F7B3F900BFA3
:10DB6000FEE700BF2046FFF72FFA06462A46314659
:10DB7000204600F08BF870BD4E554C4C20706F69FC
:10DB80006E74657200000000FEB504460E4617462E
:10DB900000BF2046F9F790F930B9224600232AA0A9
:10DBA000F9F790F900BFFEE700BF25682DB1288A7C
:10DBB000304406B2688A384407B2208A301A00B26C
:10DBC000ADF80800608A381A00B2ADF80A00BDF856
:10DBD000080018B9BDF80A0000B9FEBD2046FFF7DD
:10DBE00047FD69462046FEF7DBFC208ABDF8081099
:10DBF000084400B22082608ABDF80A10084401B2CD
:10DC00006182A08ABDF80810084401B2A182E08AAE
:10DC1000BDF80A10084401B2E182BDF90A20BDF93D
:10DC20000810204604F0D4F96A4602212046E36930
:10DC3000984725B1224601212846EB69984720469E
:10DC4000FFF716FD00BFC8E74E554C4C20706F69BA
:10DC50006E7465720000000070B504460D4600BF8A
:10DC60002046F9F729F930B92246002303A0F9F735
:10DC700029F900BFFEE700BFE56170BD4E554C4C71
:10DC800020706F696E746572000000002DE9FC4120
:10DC900004460E46904600BF2046F9F70DF930B90C
:10DCA000224600232DA0F9F70DF900BFFEE700BFC3
:10DCB0002046FFF789F9B04206D12046FEF766FEFE
:10DCC000404501D1BDE8FC812046FFF7D1FC694603
:10DCD0002046FEF765FC608A4044401E01B2E182A6
:10DCE0002046FEF71DFC012805D1A08A801B401CA0
:10DCF00000B2208204E0208A3044401E01B2A1829A
:10DD00006A4602212046E36998472046FEF798FEBE
:10DD1000074627B1224601213846FB699847201D56
:10DD2000EDF7D2FD054609E06A4603212846EB6976
:10DD300098472946201DEDF7CCFD0546002DF3D16F
:10DD40002046FFF795FC4920005D00F0010010B16E
:10DD50002046FFF76BFD00BFB4E700004E554C4C6A
:10DD600020706F696E746572000000002DE9F04F3D
:10DD7000DFB004460F4694F83D00B84202D15FB0D0
:10DD8000BDE8F08F00BF2046F9F796F830B922467B
:10DD9000002385A0F9F796F800BFFEE700BF94F8CE
:10DDA0003DB04FF00008002524E029462046FEF74C
:10DDB00030FF8146B9F1000F00D11DE084F83DB07D
:10DDC00030AA2946204604F073FF84F83D7001AA6A
:10DDD0002946204604F06CFF01A930A805F052F84E
:10DDE0000646022E01D1804606E0012E00D1B04643
:10DDF000681CC5B2402DD8DB00BF84F83D70B8F177
:10DE0000000F00D1BBE70025C2E029462046FEF7FF
:10DE100000FF5E905E9800B9BDE05E988088C0F318
:10DE2000402000B1B2E000BFB02229462046EEF704
:10DE300047FA5D9000BFB12229462046EEF740FA2E
:10DE4000599000BFBE2229462046EEF707FC8246C5
:10DE500000BFB22229462046EEF732FA80B2ADF872
:10DE6000680100BFB32229462046EEF729FA80B2A6
:10DE7000ADF86A0100BFB42229462046EEF720FA29
:10DE800080B2ADF86C0100BFB52229462046EEF7FE
:10DE900017FA80B2ADF86E0100BFB62229462046BF
:10DEA000EEF70EFA80B2ADF8700100BFB722294636
:10DEB0002046EEF705FA80B2ADF87201002652E076
:10DEC0005AA830F8160000284BD05E98EEF774FD83
:10DED0005AA8009730F816105B462A46204606F0EE
:10DEE000D7FA8146B9F1000F3AD0C9F800405AA8D4
:10DEF00030F81600A9F8040089F8065049A8F8F788
:10DF000009FB494649A8F8F76AFB2B4949A8F8F7E5
:10DF100048FB2A484B9000BF294949A8F8F747FB1E
:10DF2000FF22002149A8F8F750FB49A85D99F8F7AE
:10DF300044FB49A85999F8F72FFB49A848900822B3
:10DF4000514648981030EEF75DF800BF9DF85E012D
:10DF500020F001008DF85E0149A8F8F755FB00BFDD
:10DF600000BF701CC6B2062EAADBB8F1020F04D1A6
:10DF7000FF2229462046FFF7ADFCB8F1010F04D17E
:10DF8000FF2229462046F7F781F900BF681CC5B279
:10DF9000402DFFF63AAF00BFB8F1010F02D1204685
:10DFA000FFF766FB00BFEAE64E554C4C20706F69E8
:10DFB0006E74657200000000C74202082144020826
:10DFC000AD43020870B504460D4600BF2046F8F781
:10DFD00073FF30B92246002307A0F8F773FF00BF94
:10DFE000FEE700BF2046FEF7D1FC06463246294632
:10DFF0002046FFF74BFE70BD4E554C4C20706F69AC
:10E000006E7465720000000070B504460D4600BFD6
:10E010002046F8F751FF30B92246002307A0F8F751
:10E0200051FF00BFFEE700BF2046FFF70FF806468E
:10E03000324629462046FFF7A7FD70BD4E554C4C91
:10E0400020706F696E7465720000000070B5044640
:10E050000D4600BF2046F8F72FFF30B922460023B7
:10E0600007A0F8F72FFF00BFFEE700BF2046FEF72E
:10E07000C7FF06462A4631462046FFF785FD70BD9C
:10E080004E554C4C20706F696E7465720000000034
:10E090002DE9F04705460C461646082C0BD13146B3
:10E0A000087818B905F12800486001E000204860B0
:10E0B0000120BDE8F087072C04D13EA13046FEF7D1
:10E0C000EBFFF6E70127012C07D101212846FFF7D6
:10E0D00059FB00286CD000276AE0062C0ED10021E5
:10E0E0002846FEF7BFFA8046B5F93200404502DD0A
:10E0F000B5F9320000E04046688659E0032C09D1AA
:10E100004920405D00F00100002851D02846FFF76B
:10E110008DFB4DE0042C03D12846FFF7BBFB47E005
:10E120000B2C04D110212846FDF7F8FC40E00E2C02
:10E1300001D00D2C04D110212846FDF74FFE37E009
:10E14000162C25D14FF000092846FEF705FC804625
:10E15000FBF7D4F88146B9F1000F0CD04FF002085C
:10E1600048F004082846FEF7E3FB054641462846EA
:10E17000FDF7D4FC0BE02846FEF7DAFB054602214A
:10E180002846FDF7CBFC04212846FDF727FE0FE0CB
:10E19000172C08D12846FEF7CBFB0546062128465A
:10E1A000FDF71CFE04E01CB900212846FDF701FE26
:10E1B00038467EE76C765F6F626A00002DE9F047B3
:10E1C0000246B2F90490B2F900A0A9EB0A0000EBF4
:10E1D000D0794FEA69090FFA89F31088184405B21B
:10E1E0005088184406B20888401B07B24888801B34
:10E1F00004B203FB03FC07FB07F004FB0408E04543
:10E2000002D80120BDE8F0870020FBE700B58BB005
:10E21000F2F7F6FD4FF4C86300220B490B48F8F7FC
:10E220008FFE6846F8F79EFE4FF4A070ADF8000030
:10E23000F020ADF8020006480390044801906846BB
:10E24000F8F7BCFE0BB000BD904B00206C4B0020DB
:10E25000DB0D01082DE9FE4F054665480068F9F71A
:10E2600001F828B362480068F8F74AFF0446002026
:10E2700020825F480068F8F75AFF401E01B2A18271
:10E28000002161825A480068F8F7C9FF401E01B2B8
:10E29000E182574800684068006A20F00200801C54
:10E2A0005349096849680862284600F0A3F89DE0D0
:10E2B0004F480068F8F724FF04462846F8F78BFA21
:10E2C00002902846F8F73EFA834649480068F8F776
:10E2D000A6FFB5F90610884205DC45480068F8F746
:10E2E0009EFF401E01E0B5F9060006B2E168029803
:10E2F000B1FBF0F75F4500DD5F463D48006800690F
:10E3000060B30020ADF80000ADF80400ADF80200E5
:10E310000FFA87F900BFA9F1010000B2ADF80600BD
:10E32000334800686946026931480068904768468A
:10E33000F8F708FAB84200DC06E0A9F101000FFA8C
:10E3400080F9B9F1000FE6DC00BFB9F1000F01DC84
:10E35000BDE8FE8FBDF90600471C00BF4FF0000A64
:10E36000B5F9028025E028882082A988A182A4F836
:10E37000128008EB0700401E01B2E182B4F91600DA
:10E38000B04200DDE682B4F916A056450AD118481D
:10E3900000684068006A20F00200801C1449096887
:10E3A00049680862284600F025F808EB07000FFAD4
:10E3B00080F808EB0700401EB042D4DD564514D06B
:10E3C00028882082A988A182A4F81280E6820848C1
:10E3D00000684068006A20F00200801C0449096857
:10E3E00049680862284600F005F800BF00BFAFE7A3
:10E3F0000C0100202DE9F04198B006465548006810
:10E40000F8F77EFE074653480068F8F720FF68B922
:10E4100009E050480068C06928B14E480068C169E9
:10E420004C4800688847B8690028F2D100250024CC
:10E4300007F11002314616A8ECF71CF845480068B1
:10E44000F8F7B2FE8046414616A800F0FBF80546F4
:10E4500040480068006C30B13E480068016C16A866
:10E4600000F0F0F80446002D45D1002C43D1394886
:10E470000068406D50B312A8F8F73CFF35480068BB
:10E4800090F858008DF8480032490968486D11A984
:10E49000FBF722FE8046B8F1010F16D10121119839
:10E4A000C1EB505000901198C0F38A20431E002207
:10E4B00011460FA8F8F7CEF92648006812AB16A946
:10E4C000426D0FA8F8F7F0FE00BF14E001A8FAF7BC
:10E4D000BFFB20480068B0F85200ADF806001D48A8
:10E4E000006890F858008DF8100001AA16A916A827
:10E4F000FAF77EFB00BF17480068006C38B114B90A
:10E5000014480068046C16A9204600F0D3F915B928
:10E5100010480068C56B16A9284600F0CBF90D48D5
:10E520000068F8F728FE804616A900F0C3F90948EC
:10E530000068F8F715FE804616A900F0BBF90548FB
:10E540000068F8F78FFE08B900F0F0F918B0BDE8E0
:10E55000F08100000C01002070B5002037490860F0
:10E5600037480068D0F87801C0F3094000B970BDA1
:10E57000002533480068D0F87801C0F30940441EF4
:10E5800008E02F48006800F5AD70005D08B9254629
:10E5900002E0641E002CF4DA00BF294800684068DD
:10E5A000006A20F001002649096849680862244889
:10E5B00000684068006A20F0020021490968496843
:10E5C0000862002430E01E48006800F5AD70005D70
:10E5D00048BBAC420AD11A4800684068006A20F083
:10E5E0000100401C1649096849680862144800681F
:10E5F0004068006A20F00200114909684968086211
:10E600000F4909685A3101EBC400FFF723FE0C499A
:10E6100009685A3101EBC400F8F7C5F807490968E1
:10E62000084406490860641C05480068D0F8780171
:10E63000C0F30940A042C6DC00BF98E708010020F3
:10E640000C0100202DE9F04780460C4600260022F0
:10E6500004F110014046EBF74EFF002836D094F845
:10E660003400C0F30010002830D102224146204679
:10E67000236A98470746032F02D10020BDE8F087A0
:10E68000012F0AD14FF0000948F20C0249462046FA
:10E69000EDF758FFFF2800D00227201DEDF714F9F1
:10E6A00005460BE029464046FFF7CCFF064606B17B
:10E6B00006E02946201DEDF70CF90546002DF1D1A5
:10E6C00000BF16B9012F00D1264600BF3046D5E75E
:10E6D0002DE9FC4100255CE03348006800F5AD7091
:10E6E000405D00B154E0002449E02F48006800F587
:10E6F000AD70005D08B9A54200D13FE02A4A12681A
:10E700005A3202EBC401284A12685A3202EBC500A1
:10E71000EBF74FFF00B931E0234800685A3000EBB7
:10E72000C402214800685A3000EBC5016846ECF786
:10E7300026F86846F8F737F806461B4909685A3143
:10E7400001EBC500F8F72FF80746174909685A3159
:10E7500001EBC400F8F727F8384486420DD212497D
:10E7600009685A3101EBC5006946F7F7A8FF012196
:10E770000D48006800F5AD70015500BF641C0A48E3
:10E780000068D0F87801C0F30940A042ADD800BFBE
:10E790006D1C05480068D0F87801C0F30940A84214
:10E7A0009AD8BDE8FC8100000C0100202DE9F04161
:10E7B0008AB00446884694F83400C0F3001010B1C3
:10E7C0000AB0BDE8F081B4F9325004A92046FDF743
:10E7D000E7FEBDF81000401B00B2ADF81000BDF818
:10E7E0001200401B00B2ADF81200BDF8140028441E
:10E7F00000B2ADF81400BDF81600284400B2ADF820
:10E80000160004AA414606A8EBF734FE0646002E81
:10E810004ED0206A20B1002206A92046236A9847DC
:10E8200004A92046FDF7BCFE04AA414608A8EBF760
:10E8300021FE0646AEB3201DEDF75EF807462DE03B
:10E8400069463846FDF7ACFEB7F93250BDF8000016
:10E85000401B00B2ADF80000BDF80200401B00B242
:10E86000ADF80200BDF80400284400B2ADF8040081
:10E87000BDF80600284400B2ADF806006A4608A9B3
:10E8800002A8EBF7F7FD06461EB102A93846FFF7CE
:10E890008DFF3946201DEDF726F80746002FCFD112
:10E8A00000BF206A20B1012206A92046236A9847AA
:10E8B00000BF85E72DE9F0410546884625B91A488D
:10E8C0000068F8F771FC05460DB9BDE8F0814146D6
:10E8D0002846FFF76BFF2F462846FEF7B1F804469F
:10E8E0001DE03946201DECF7FEFF064608E04146D4
:10E8F0003046FFF75BFF3146201DECF7F4FF06467C
:10E90000002EF4D1206A20B1012241462046236A1C
:10E91000984727462046FEF793F8044600BF002C90
:10E92000DFD100BFD1E700000C01002070B52D48F9
:10E930000068F8F7E5FB0446A6682A480068F8F77F
:10E9400086FC68B109E027480068C06928B12548FD
:10E950000068C169234800688847A0690028F2D18F
:10E960000120A0611F4800684068006A00F00100B3
:10E9700048B11C4800684068006AC0F3400010B10C
:10E980000120E06101E00020E061EDF70BFF0546AA
:10E99000686A10B12846696A8847E86898B1287A99
:10E9A000C0F3410048B1287AC0F3C00028B104F197
:10E9B0001000A16800F018F805E0324604F11001DB
:10E9C0002846EB689847206850B1606840B12168DC
:10E9D000A068884202D16068A06001E02068A06061
:10E9E00070BD00000C0100202DE9F34F83B00446F8
:10E9F0007D4805680068F8F735FC30B1287AC0F327
:10EA0000C00010B105B0BDE8F08F287AC0F3410016
:10EA100002280AD121462846049A00F0E7F8EB685C
:10EA200021462846049A9847DCE0287AC0F3410042
:10EA3000012804D0287AC0F341000328F4D14FF014
:10EA4000000A69480068F8F75BFB02902046F7F778
:10EA5000C2FE06462046F7F775FE83464FF4A050E7
:10EA6000B0FBF6F000B2584505DA4FF4A050B0FB09
:10EA7000F6F000B200E058460190B4F90280287A1E
:10EA8000C0F3410001280BD168882188401A401E3C
:10EA900000B2E080E088801B401C00B2608006E08D
:10EAA0002088608060883044401E00B2E0800021F1
:10EAB0000298816100278BE0ABEB0701019881424E
:10EAC00001DD019801E0ABEB07000FFA80F90121AD
:10EAD0000298816147BBB34526DBB146297AC1F371
:10EAE0004101032901D1012100E0002108463146FE
:10EAF000049A00F0EFF8287AC0F34100012807D10A
:10EB0000A4F8008008EB0600401E00B2A08040E0A0
:10EB10002888401EA0EB080000B2A080A088801BBF
:10EB2000401C00B2208034E0BAF1000F04D14FF451
:10EB30002050EDF72DF88246CDF800A0297AC1F3D8
:10EB40004101032901D1012100E0002108464A4684
:10EB50003146049B00F091F8287AC0F34100012867
:10EB60000AD108EB070000B2208008EB07004844F8
:10EB7000401E00B2A0800CE02888401EA0EB0800D8
:10EB8000C01B00B2A080A088A0EB0900401C00B20E
:10EB90002080BAF1000F01D1049800E050460246EF
:10EBA00021462846EB68984704E0E86910B12846FA
:10EBB000E9698847029880690028F6D106FB09F1C7
:10EBC000049800EB4100049007EB090007B200BF76
:10EBD0005F45FFF671AFBAF1000F02D05046EDF776
:10EBE00087F800BF00BF0DE70C0100202DE9FC5F96
:10EBF00005460C4616462046F7F7EDFD82462046B0
:10EC0000F7F7A0FD83460AFB0BF001900198471E21
:10EC10004FF0000811E006EB47000088009006EB7B
:10EC2000470006EB48010988018006EB4800BDF863
:10EC3000001001807F1E08F101084745EBD8B4F9A8
:10EC4000069068886188401A401E00B2E08068889B
:10EC5000A0EB0900401E00B26080B4F9049028883F
:10EC60002188401A401E00B2A0802888A0EB09002D
:10EC7000401E00B22080BDE8FC9F2DE9F04704460D
:10EC80001D46089F01FB02F0A0F1010C481E00FB8D
:10EC900002F800231AE008EB03000CB1ACEB000013
:10ECA00000260FE0A946AD1C07EB400AB9F800901A
:10ECB000AAF800900CB1104400E0801A06F1010996
:10ECC0000FFA89F68E42EDDB581C03B29342E2DB69
:10ECD000BDE8F0872DE9F04782460C461546002630
:10ECE0003BE0002731E0601E801B0FFA80F8601EB9
:10ECF000C01B0FFA80F9BAF1000F12D007FB048C89
:10ED000005EB4C0308FB049C05EB4C0209FB046C6F
:10ED100005EB4C0106FB047C05EB4C0001F0C2F94D
:10ED200011E009FB046C05EB4C0308FB049C05EBAC
:10ED30004C0207FB048C05EB4C0106FB047C05EB45
:10ED40004C0001F0AFF9781C07B2601C00EBD071E9
:10ED5000B7EB610FC7DB701C06B204EBD471B6EBE6
:10ED6000610FBEDBBDE8F08710B5F8F7CDF90446BA
:10ED7000F8F71AFA10BD00002DE9F04FA1B00546D2
:10ED80000E4617469846DDF8A8A02846FDF726FC53
:10ED90000446FFF7E9FF814694F8500000F00100B7
:10EDA000F0B1606C48451BD0606CC8B14846FDF7B7
:10EDB0003BFA606CF8F76AFA0021606CF7F764FBC5
:10EDC00000221146606CFEF7DFFE0021606CFDF74B
:10EDD00015FE834648F20C0100F034FAD4F8449052
:10EDE0006564206C48B194F8500000F0010020B137
:10EDF000206CFDF719FA0020206484F850A000214F
:10EE00002846F7F741FBFFF7AFFF83460021F7F7EE
:10EE10003BFB002211462846FEF7B6FEFFF7A4FF93
:10EE2000834600221146FEF7AFFE00212846FDF77B
:10EE3000E5FD834648F20C0100F004FAFFF794FF69
:10EE400000210090FDF7DAFD834648F20C0100F046
:10EE5000F9F911A8F7F75EFB294611A8F7F7BDFBF2
:10EE60007948139000BF7948149000BF394611A823
:10EE7000F7F7A1FB414611A8F7F78BFB01A8F7F7BD
:10EE800049FB01A8E16BF7F7A8FB394601A8F7F7A2
:10EE900092FB414601A8F7F77CFB0A2E0FD2DFE870
:10EEA00006F0050F1D2D3B4B6885A2BF684911A8D0
:10EEB000F7F775FB0022114611A8F7F782FBB9E0BE
:10EEC000634911A8F7F76BFB2046F8F730F9834642
:10EED0000022594611A8F7F774FBABE05C4911A872
:10EEE000F7F75DFB2046F8F722F940420FFA80FB66
:10EEF0000022594611A8F7F764FB9BE0554911A879
:10EF0000F7F74DFB2046F8F78AF983460022594669
:10EF100011A8F7F756FB8DE04E4911A8F7F73FFB14
:10EF20002046F8F77CF940420FFA80FB0022594650
:10EF300011A8F7F746FB7DE0454911A8F7F72FFB2D
:10EF40002046F8F7F4F883460022594611A8F7F74F
:10EF500038FB3F4901A8F7F722FB2046F8F7E7F80E
:10EF600040420FFA80FB5A46002101A8F7F729FB1F
:10EF700060E0374911A8F7F712FB2046F8F7D7F8F9
:10EF800040420FFA80FB0022594611A8F7F719FBFF
:10EF90002F4901A8F7F703FB2046F8F7C8F8834686
:10EFA0005A46002101A8F7F70CFB43E0294911A8B4
:10EFB000F7F7F5FA2046F8F732F98346002259466A
:10EFC00011A8F7F7FEFA234901A8F7F7E8FA204657
:10EFD000F8F725F940420FFA80FB5A46002101A8B4
:10EFE000F7F7EFFA26E01B4911A8F7F7D8FA204601
:10EFF000F8F715F940420FFA80FB0022594611A894
:10F00000F7F7DFFA134901A8F7F7C9FA2046F8F72E
:10F0100006F983465A46002101A8F7F7D2FA09E01B
:10F020000D4911A8F7F7BBFAFF22002111A8F7F745
:10F03000C8FA00BF00BF11A8F7F7E6FA01A8F7F772
:10F04000E3FA21B0BDE8F08FEF230208B5230208F0
:10F0500009E001084DE00108A90C02082DE9F04182
:10F0600004460E46174614B90120BDE8F08101257B
:10F07000E06928B13A4631462046E369984705469B
:10F080002846F2E770B504460D462846EDF7E3FB47
:10F09000064606B970BD3046FCF758FC2060206873
:10F0A00020B1296832462068ECF770FE00BFF1E716
:10F0B00010B5044604212046EDF71AF810BD2DE9DD
:10F0C000F04105460C462846EDF768FE0CB1206875
:10F0D00008B9BDE8F0812079C0F38010A8BB207981
:10F0E000C0F3C010D8B1217901F03F01491E88005A
:10F0F000FCF72CFC2860286800286FD0237903F0E7
:10F100003F035B1E9A002368191D2868ECF73EFE3A
:10F110002079401E696860F3050169605EE021792D
:10F120008906080EFCF712FC28602868002855D0D4
:10F1300023799B061A0E21682868ECF727FE2079B0
:10F14000696860F30501696048E0FFE72079C0F372
:10F15000C010D8B1217901F03F01891E8800FCF769
:10F16000F5FB2860286858B3237903F03F039B1E02
:10F170009A00236803F108012868ECF707FE20795C
:10F18000801E696860F30501696019E0217901F06A
:10F190003F01491E8800FCF7D9FB2860286878B138
:10F1A000237903F03F035B1E9A002368191D28682A
:10F1B000ECF7ECFD2079401E696860F30501696099
:10F1C0002846F5F74BFD06463EB12046F5F746FDCD
:10F1D000074639463046FFF755FF00BF00BF78E7C6
:10F1E00001460879C0F3801008B9002070470879FB
:10F1F000C0F3C01010B108684068F7E708680068FD
:10F20000F4E702461079C0F3C01028B19088C0F32B
:10F21000002008B1481CC1B2107900F03F0020B1B5
:10F22000107900F03F00884201DC00207047106830
:10F2300050F82100FAE710B5044608212046ECF703
:10F2400057FF10BD2DE9F05F05460E4631462846B2
:10F25000F5F7FDFE0746002F2ADB39462846F5F76D
:10F2600043FF82464FEA162B4FEA4A60B0EB4B6FE2
:10F270001DD12846EDF7EFFA8146F0B2F5F7D5FE3D
:10F2800000F0FF083C4606E004EB08012868405CFB
:10F2900029680855641CA9EB0800A042F4D8A9EB22
:10F2A0000801284603F0F5FC0120BDE8F09F00BFEF
:10F2B0000020FAE710B504462068FCF7B3FB2046AF
:10F2C000FFF7F6FE10BD37B505460C46292040EA8B
:10F2D00004212846029AEDF7B1FD3EBD70B5054602
:10F2E0000C4616462C2040EA042132462846EDF70B
:10F2F0004BFE70BD37B505460C46392040EA042167
:10F300002846029AEDF79AFD3EBD70B505460C46BB
:10F3100016463C2040EA042132462846EDF734FEEA
:10F3200070BD70B505460C461646312040EA0421F2
:10F3300032462846EDF7D5FD70BD70B505460C4642
:10F340001646302040EA042132462846EDF7C9FD32
:10F3500070BD70B505460C461646022040EA0421F1
:10F3600032462846EDF7BDFD70BD37B505460C4663
:10F3700048F2A90040EA04212846029AEDF75EFD12
:10F380003EBD37B505460C46992040EA0421284683
:10F39000029AEDF753FD3EBD70B505460C46164684
:10F3A000942040EA042132462846EDF79AFD70BDCC
:10F3B00070B505460C461646902040EA04213246B8
:10F3C0002846EDF78EFD70BD70B505460C46164615
:10F3D000162040EA042132462846EDF782FD70BD32
:10F3E00070B505460C461646152040EA0421324603
:10F3F0002846EDF776FD70BD37B505460C46492029
:10F4000040EA04212846029AEDF718FD3EBD70B58A
:10F4100005460C4616464C2040EA04213246284652
:10F42000EDF7B2FD70BD70B505460C46164641209D
:10F4300040EA042132462846EDF753FD70BD70B511
:10F4400005460C461646402040EA0421324628462E
:10F45000EDF747FD70BD70B505460C461646112008
:10F4600040EA042132462846EDF73BFD70BD70B5F9
:10F4700005460C461646142040EA0421324628462A
:10F48000EDF72FFD70BD70B505460C4616461220EF
:10F4900040EA042132462846EDF723FD70BD70B5E1
:10F4A00005460C461646132040EA042132462846FB
:10F4B000EDF717FD70BD70B505460C4616461020D9
:10F4C00040EA042132462846EDF70BFD70BD70B5C9
:10F4D00005460C4616466C2040EA04213246284672
:10F4E000EDF752FD70BD70B505460C46164601207D
:10F4F00040EA042132462846EDF7F3FC70BD37B5EB
:10F5000005460C46CA2040EA04212846029AEDF737
:10F5100095FC3EBD70B505460C461646C32040EA34
:10F52000042132462846EDF7DCFC70BD37B50546B0
:10F530000C46C92040EA04212846029AEDF77EFCD9
:10F540003EBD70B505460C461646C02040EA042173
:10F5500032462846EDF7C5FC70BD37B505460C466A
:10F56000592040EA04212846029AEDF767FC3EBD87
:10F5700070B505460C461646502040EA0421324636
:10F580002846EDF7AEFC70BD70B505460C46164634
:10F59000032040EA042132462846EDF7A2FC70BD64
:10F5A00037B505460C4648F2890040EA0421284652
:10F5B000029AEDF743FC3EBD70B505460C46164673
:10F5C00048F2810040EA042132462846EDF789FCE2
:10F5D00070BD70B505460C461646042040EA04216D
:10F5E00032462846EDF77DFC70BD70B505460C46E9
:10F5F0001646B12040EA042132462846EDF771FC58
:10F6000070BD70B505460C461646B62040EA04218A
:10F6100032462846EDF765FC70BD70B505460C46D0
:10F620001646B72040EA042132462846EDF759FC39
:10F6300070BD70B505460C461646B02040EA042160
:10F6400032462846EDF74DFC70BD37B505460C46F1
:10F65000792040EA04212846029AEDF7EFFB3EBDEF
:10F6600070B505460C4616467E2040EA0421324617
:10F670002846EDF7DCFC70BD2DE9F04707468846CB
:10F680001646994600243348ECF71EF90546ADB9F5
:10F690003048ECF73EF9044600BF2046F7F70CFC73
:10F6A00030B9224600232CA0F7F70CFC00BFFEE780
:10F6B00000BF002C3BD10020BDE8F08700BF287DB3
:10F6C00000F00700B04215DC29462248ECF741F96A
:10F6D000044600BF2046F7F7EFFB30B9224600236F
:10F6E0001DA0F7F7EFFB00BFFEE700BF0CB900203D
:10F6F000E2E706E029461748ECF7EBF80546002D4F
:10F70000DDD100BF9DB91348ECF75DF9044600BF99
:10F710002046F7F7D1FB30B9224600230EA0F7F7B9
:10F72000D1FB00BFFEE700BF0CB90020C4E70120F9
:10F730000D490870C4F80080A7602675801E2061FE
:10F7400000F038FA6060C4F80C9001200749087096
:10F750002046B1E7105900204F7574206F66206D68
:10F76000656D6F7279000000AF010020B0010020CC
:10F7700010B5044621460848ECF786F901200749F0
:10F7800008702046FCF74EF905480068A04202D1F7
:10F7900001200449087010BD10590020AF0100205D
:10F7A00074010020AE01002001490870704700007C
:10F7B000AC01002070B504460025204600F044F955
:10F7C000B0B900F0F7F96060A06810B12046A168F8
:10F7D00088470848007850B92069002802DD206970
:10F7E000401E2061206910B92046FFF7C1FF0125A6
:10F7F000284670BDAE0100202DE9F0476948007829
:10F8000010B10120BDE8F087012066490870664804
:10F81000007818B9002008700120F3E700F0CAF959
:10F820008246002500BF4FF0010900205F490870A3
:10F830005F4908705F4908705F48ECF745F85F4919
:10F8400008605CE05D4801685B48ECF742F80446FC
:10F850005A480068007D00F0070000B953E057489F
:10F860000068A84203D100255448046047E053488B
:10F870000068007D00F00700052804D14F480068AB
:10F88000FFF798FF2AE0CDB14C480068007D00F0FA
:10F890000700297D01F0070188421FDD4748006805
:10F8A000FFF788FFD0B142480078B8B93F480078E8
:10F8B000A0B9424805684FF0000924E03F480068BD
:10F8C000FFF778FF50B13A48007838B937480078E8
:10F8D00020B93A4805684FF0000914E03448007830
:10F8E00010B93248007808B100250CE031480078A2
:10F8F00010B10025A94606E03048046000BF2F483B
:10F90000006800289ED100BFB9F1000F8BD04FF0E6
:10F91000FF372948EBF7D8FF04460CE0204600F0FB
:10F9200093F88046B84500D2474621462248EBF777
:10F93000D0FF044600BF24B1207D00F0070000285E
:10F94000ECD1504600F028F91D49096808441C49CB
:10F9500008601C48006800F01FF90646B6F5FA7FFB
:10F960001AD31748006864214843B0FBF6F01649E3
:10F97000087008460078642801DD002003E0124882
:10F980000078C0F164001049087000200C4908603C
:10F9900000F010F90B490860002002490870384651
:10F9A00030E70000B1010020AC010020AE010020D2
:10F9B000B0010020AF010020105900207401002088
:10F9C000B8010020B4010020AD01002010B50446AC
:10F9D00000F0F0F82168401A401E606010BD000081
:10F9E00070B505460E46287D00F00700B04200D1F4
:10F9F00070BD1348EBF768FF044611E0207D00F06E
:10FA00000700B04207DCAC4204D0224629460C482D
:10FA1000ECF705F806E021460948EBF75AFF0446E3
:10FA2000002CEBD100BF24B9002229460448EBF793
:10FA3000F6FF0120034908702E7500BFD8E70000CB
:10FA400010590020AF01002070B50446606800F036
:10FA5000A3F805462068A84201D8002070BD2068A0
:10FA6000401BFBE770B504460D4629462046F0F7DB
:10FA7000FBFC2A46214602480068EEF77FF970BD7C
:10FA8000DC0100200148006840697047DC0100206B
:10FA90002DE9FF4114461D46DDE90B780A9E3748E3
:10FAA0000068A0B9C020FBF751FF34490860084640
:10FAB000006818B9002004B0BDE8F081C0212F48CB
:10FAC0000068ECF715FB2D4800682D4908602D48AB
:10FAD000BDF800108181BDF80410C1810561466147
:10FAE0008761C0F81C800462EEF7FAFAF0F70AFFAB
:10FAF000EFF76AFCF5F728FDEEF70CFAF5F79DFB3A
:10FB0000F5F7ACFDF5F722FD02F05CFE03F084FA98
:10FB1000F5F7E8FFF4F738FEEEF74EF903F022F8B8
:10FB2000F0F7C8F9EFF70CFEF0F7EEFEF0F7F4FA95
:10FB3000EFF74BFCF5F70CFC00F016FE01F0C8F8EF
:10FB400003F0EAFE02F09CFFF6F7E6F8F1F720F882
:10FB500002F090FB03F02CFC04F0B4FB03F0FCFA81
:10FB600005F04EFC03F026FC0020064948600648DC
:10FB700008600020FDF77CFF02489CE7E0010020C0
:10FB8000780100209C960020353A0208014908605F
:10FB900070470000DC01002010B5034600F00AF8B1
:10FBA00004469C4201D3E31A01E05B422344184619
:10FBB00010BD000000BF0121044A1170044908680B
:10FBC000114609780029F6D0704700006001002036
:10FBD0005C0100200021044A1170044909680144B5
:10FBE000024A116070470000600100205C010020A3
:10FBF0002DE9FF4F85B08346139CBBF1000F02D067
:10FC00009BF8000018B9002009B0BDE8F08F0698F5
:10FC100008B90020F8E7129800F0020010B147F68A
:10FC200018400890002700200490039080468146E9
:10FC300000258246461E019004A958463E4A126895
:10FC4000904780460498039059E003A958463A4AE1
:10FC50001268904781460AF1010A129800F00100EB
:10FC600048B141461498EDF7AFFB20B1049F0398CB
:10FC70000490C84643E04A4641460698F9F7C6F95B
:10FC800000B202900298284405B20298002802DDD2
:10FC90000798284405B2701C40B90798291A08989B
:10FCA000814203DD3E46AAF101000190B8F10A0F3E
:10FCB00014D0B8F10D0F11D041460022002007E00A
:10FCC0001EA31B5C8B4201D1012205E0431CD8B26C
:10FCD0001AA31B5C002BF3D100BF3AB11FB9701CF3
:10FCE00008B904B12560AAF1010A0CE014B1701C36
:10FCF00000B92560049F03980490C84600BF1BF814
:10FD000007000028A1D100BF701C58B9BAF1000F3C
:10FD100005D0B8F10D0F03D1B9F10A0F00D1049F3E
:10FD2000384671E7159808B130466DE70CB10020F0
:10FD30002060002068E70000C8010020202C2E3B36
:10FD40003A2D5F0008B50146802901D2084608BD5A
:10FD5000B1F5006F11D2C1F3841040F0C0008DF8EE
:10FD6000000001F03F0040F080008DF8010000200D
:10FD70008DF802008DF8030033E0B1F5803F15D215
:10FD8000C1F3033040F0E0008DF80000C1F38510AE
:10FD900040F080008DF8010001F03F0040F080004D
:10FDA0008DF8020000208DF803001AE0B1F5881FDD
:10FDB00017D2C1F3824040F0F0008DF80000C1F38B
:10FDC000053040F080008DF80100C1F3851040F04F
:10FDD00080008DF8020001F03F0040F080008DF8B7
:10FDE00003006A461068B2E731B582B0029800F0AD
:10FDF0008000E8B1042202A901A8ECF733F99DF8CC
:10FE0000040000069DF8051000EB01409DF8061067
:10FE100000EB01209DF807104418002504E0E0B233
:10FE200000B9240A681CC5B2042DF8DB029400BF97
:10FE300002983EBD2DE9F04105460E4600240027FC
:10FE40000CE028190949096888478046B8F1000F75
:10FE500001DD404600E0012004447F1CB74202D28D
:10FE6000285D0028EDD12046BDE8F081BC010020CE
:10FE7000F8B506460C4600200090002505E06946CE
:10FE80003046044A126890476D1C0098A042F6D391
:10FE90002846F8BDC801002038B5044600250020DA
:10FEA000009005E069462046044A126890476D1CA0
:10FEB0000098205C0028F5D1284638BDC8010020F4
:10FEC00008B5024600230020009001B96946086881
:10FED000105C00F0800028B90868135C0868401CBA
:10FEE00008608FE00868105C00F0E000C02817D1BF
:10FEF0000868105CC006430D0868401C086008686C
:10FF0000105C00F0C000802801D0002008BD086807
:10FF1000105C00F03F0003440868401C086071E07A
:10FF20000868105C00F0F000E02828D10868105C38
:10FF30000007030C0868401C08600868105C00F0AB
:10FF4000C000802801D00020E0E70868105C00F0C5
:10FF50003F0003EB80130868401C08600868105CD1
:10FF600000F0C000802801D00020CFE70868105CB6
:10FF700000F03F0003440868401C086042E0086845
:10FF8000105C00F0F800F02839D10868105C4007D8
:10FF9000C30A0868401C08600868105C00F0C000D4
:10FFA000802801D00020B1E70868105C00F03F0015
:10FFB00003EB00330868401C08600868105C00F020
:10FFC000C000802801D00020A0E70868105C00F085
:10FFD0003F0003EB80130868401C08600868105C51
:10FFE00000F0C000802801D000208FE70868105C76
:10FFF00000F03F0003440868401C086002E0086805
:020000040802F0
:10000000401C0860184681E72DE9F84306460C4677
:1000100000272068401E206000BF042F02DB002064
:10002000BDE8F883216888190D49096888470546A5
:100030003DB9206818B12068401E206001E0002012
:10004000EEE7781CC7B2002DE7D020680090694623
:100050003046044A1268904780464046E0E7000078
:10006000BC010020C80100200146087800F0800093
:1000700008B901207047087800F0E000C02801D1DD
:100080000220F7E7087800F0F000E02801D1032013
:10009000F0E7087800F0F800F02801D10420E9E743
:1000A0000020E7E718B5048800940C8804801488C1
:1000B0000C801C881480BDF800401C8018BD000016
:1000C0001CB50A480A4908600A4800210B464FF44B
:1000D0008072CDE9001008A10A4805F0B1FB044682
:1000E000012C01D105F0F4F800BFFEE70030000854
:1000F00008ED00E0380000207374617274207461B0
:10010000736B0000055202082DE9FF4F87B01446BB
:1001100099460798F6F766FB06902046F6F762FBCD
:1001200005904846F6F75EFB0490B4F90200069984
:100130004843089901EB4007B9F902100798B0F954
:100140000200081AB4F90210081A049948431499D5
:1001500001EB40061898012802D0022806D102E0DF
:10016000DFF814A105E0DFF814A102E00BB0BDE850
:10017000F08F00BF1798012837D1B9F90010079800
:10018000B0F90000081AB4F90010081A06EB40068E
:10019000B4F90000A6EB4006B4F9028020E0B4F9FF
:1001A000005011E007EB45000088029006EB450087
:1001B00000880190159A0299D047039007EB4500FB
:1001C000BDF80C1001806D1CB4F90400A842E9DAF6
:1001D000069807EB4007049806EB400608F1010873
:1001E000B4F906004045DADA44E0B4F90010169894
:1001F000A0EB010BB4F90000A6EB4006B4F90280B5
:1002000033E0B4F9005022E01BF8050000B91DE00E
:100210001BF80500FD2801DB159804E01BF805001C
:10022000159948430012039007EB450000880190A0
:1002300006EB450000880090039A0199D047029090
:1002400007EB4500BDF80810018000BF6D1CB4F934
:100250000400A842D8DA069807EB400705988344C3
:10026000049806EB400608F10108B4F90600404581
:10027000C7DA00BF00BF79E7C107010863080108BA
:100280002DE9FF4F87B093460798F6F7ABFA069033
:100290005846F6F7A7FA81465846F6F75AFA0590F7
:1002A0000A98F6F79FFA0490BBF9020006994843B2
:1002B000089901EB4000BBF9001000EB41050A98DA
:1002C000B0F902100798B0F90200081ABBF9021041
:1002D000081A04994843149901EB40070A98B0F9A9
:1002E00000100798B0F90000081ABBF90010081AAE
:1002F00007EB4007179801283DD11598FD2814DD1C
:100300004FF000080DE04FEA490239462846EBF766
:100310003DFD069805EB4005049807EB400708F102
:10032000010805988045EEDB7BE14FF000081EE0F8
:10033000002412E005EB44000088029007EB440023
:1003400000880190159A0299F6F7ADFB039005EB32
:100350004400BDF80C100180641C4C45EADB069893
:1003600005EB4005049807EB400708F101080598E4
:100370008045DDDB55E11598FD287DDDA9F1040000
:1003800003904FF000080FE1169E00241FE0307824
:10039000D8B13078FF2806D105EB440007EB4401C3
:1003A0000988018011E0327805EB44000088019053
:1003B00007EB4400008800900199F6F774FB029067
:1003C00005EB4400BDF808100180761C641C4C4508
:1003D00003DA06F003000028D9D1B246B1E0DAF81A
:1003E000000000281ED0DAF80000401CD8B905EB48
:1003F000440007EB440109880180601C05EB4001C3
:1004000007EB400000880880A01C05EB400107EBCB
:10041000400000880880E01C05EB400107EB40002D
:10042000008808808AE056463078D8B13078FF28B6
:1004300006D105EB440007EB44010988018011E077
:10044000327805EB44000088019007EB44000088F7
:1004500000900199F6F727FB029005EB4400BDF8E8
:1004600008100180761C307808B33078FF2809D155
:10047000601C05EB400100E09BE007EB40000088BA
:10048000088014E03278601C05EB40000088019081
:10049000601C07EB4000008800900199F6F703FB11
:1004A0000290601C05EB4000BDF808100180761C2E
:1004B0003078F8B13078FF2807D1A01C05EB400157
:1004C00007EB40000088088014E03278A01C05EBA0
:1004D000400000880190A01C07EB400000880090BD
:1004E0000199F6F7E0FA0290A01C05EB4000BDF878
:1004F00008100180761C3078F8B13078FF2807D1D9
:10050000E01C05EB400107EB40000088088014E088
:100510003278E01C05EB400000880190E01C07EBFE
:100520004000008800900199F6F7BDFA0290E01CA7
:1005300005EB4000BDF808100180761C0AF1040AA2
:10054000241D03988442FFF64AAF56461FE03078D8
:10055000D8B13078FF2806D105EB440007EB440101
:100560000988018011E0327805EB44000088019091
:1005700007EB4400008800900199F6F794FA029086
:1005800005EB4400BDF808100180761C641C4C4546
:10059000DDDB069805EB4005169848441690049854
:1005A00007EB400708F1010805988045FFF6ECAE1F
:1005B00037E04FF0000831E0002422E01698005D9B
:1005C000F0B11698005DFD2801DB159804E016983F
:1005D000005D159948430012064605EB440000886B
:1005E000029007EB44000088324601900299F6F72A
:1005F0005AFA039005EB4400BDF80C10018000BFCF
:10060000641C4C45DADB069805EB40051698484417
:100610001690049807EB400708F1010805988045FB
:10062000CADB0BB0BDE8F08F2DE9FF4F87B08146E4
:1006300014469846ECF7B6F882464846F6F7D2F8E4
:1006400006902046F6F7CEF805904046F6F7CAF831
:100650000490B8F90200B9F90210401AB4F9021076
:10066000081A04994843149901EB4007B8F90000AF
:10067000B9F90010401AB4F90010081A07EB400746
:10068000B4F90000A7EB40071798012824D1B4F96A
:1006900002601CE0B4F9005011E01598029007EBDD
:1006A00045000088ADF8040030B200902BB2DAF8B3
:1006B00014C0069802B250460899E0476D1CB4F980
:1006C0000400A842E9DA049807EB4007761CB4F965
:1006D0000600B042DEDA32E0B4F900101698A0EB62
:1006E000010BB4F9026025E0B4F9005018E01BF8E2
:1006F0000500A0B11BF8050015994843000A0290B7
:1007000007EB45000088ADF8040030B200902BB232
:10071000DAF814C0069802B250460899E0476D1CFA
:10072000B4F90400A842E2DA05988344049807EB80
:100730004007761CB4F90600B042D5DA00BF0BB012
:10074000BDE8F08F0246FD2901DB10467047022903
:1007500001DC0020FAE702FB01F000EBC01303EB21
:10076000C030C0F3C750F1E71CB5224800688030A4
:10077000FEF7A0FD0020F6F7CDFC00EBC00101EB79
:100780000010502101EB4000A02190FBF1F0012866
:100790000DDD0020F6F7BEFC00EBC00101EB001000
:1007A000502101EB4000A02190FBF1F000E001207E
:1007B00004B2224600210F4800688030FEF7D8FEC0
:1007C0000D48006801900D4890F8200000F00200EC
:1007D00010B10198009004E040F69910F6F7B4F8D3
:1007E000009000210348009A00688030FEF7B5FEB3
:1007F0001CBD0000E0010020649302089C960020CC
:1008000037B5034601B93EBD08461D682D1D284475
:10081000024602AC2568156000BFF4E737B5034611
:1008200001B93EBD08461D682844024602AC256851
:10083000156000BFF5E72DE9FF4F83B005460E4672
:100840001C46DDE9119A109F02AB05F1100106F17B
:100850001000059AE9F75CFC2846FCF7F1F88046A1
:10086000B8F910B0B8F912000190BDF8080048447A
:1008700000B2ADF80800BDF80A00504400B2ADF86F
:100880000A00BDF80800A0EB0B0000B2ADF80800AC
:10089000BDF80A100198081A00B2ADF80A0044B178
:1008A0003FB1BDF90A20BDF908102846FDF76CF9E3
:1008B0000CE02CB1BDF908102846FDF7A5FB05E0BA
:1008C00027B1BDF90A102846FDF7C0FB07B0BDE807
:1008D000F08F2DE9FF4F85B00E4691469A46059858
:1008E000FCF78EFB83460598FCF7B0FB074605989E
:1008F000FCF76AFB009000EBD07044100598FCF701
:1009000045F8009000EBD0704510B9F1150F1FD2DB
:10091000DFE809F00B1F25323B4454606D7D839066
:1009200099A2B2BEC4D1DAE3F4003046FCF74CFB26
:10093000009000EBD070C4EB60000FFA80FB3046F3
:10094000FCF724F8009000EBD070C5EB600007B214
:10095000E0E060420FFA80FB684207B2DAE030461E
:10096000FCF732FB009000EBD070C4EB60000FFA94
:1009700080FB684207B2CDE03046FCF725FB001B48
:100980000FFA80FB684207B2C4E060420FFA80FBB6
:100990003046FBF7FBFF401B07B2BBE03046FCF7DD
:1009A00013FB009000EBD070C4EB60000FFA80FBEB
:1009B0003046FBF7EBFF401B07B2ABE03046FCF7DD
:1009C00003FB001B0FFA80FB3046FBF7DFFF401BE9
:1009D00007B29FE060420FFA80FB3046FBF7D6FF7C
:1009E000009000EBD070C5EB600007B292E030469B
:1009F000FCF7EAFA001B0FFA80FB3046FBF7C6FF54
:100A0000009000EBD070C5EB600007B282E060425E
:100A10000FFA80FB684207B27CE03046FCF7D4FA5C
:100A2000009000EBD070C4EB60000FFA80FB6842CE
:100A300007B26FE03046FCF7C7FA001B0FFA80FBE5
:100A4000684207B266E060420FFA80FB3046FBF76F
:100A50009DFF401B07B25DE03046FCF7B5FA009001
:100A600000EBD070C4EB60000FFA80FB3046FBF760
:100A70008DFF401B07B24DE03046FCF7A5FA001B86
:100A80000FFA80FB3046FBF781FF401B07B241E0C5
:100A900060420FFA80FB684207B23BE060420FFA07
:100AA00080FB3046FBF772FF009000EBD070C5EB87
:100AB000600007B22EE060420FFA80FB3046FBF781
:100AC00065FF401B07B225E03046FCF77DFA001BAE
:100AD0000FFA80FB684207B21CE03046FCF774FA5C
:100AE000001B0FFA80FB3046FBF750FF009000EB35
:100AF000D070C5EB600007B20CE0FFE73046FCF7B2
:100B000063FA001B0FFA80FB3046FBF73FFF401BE8
:100B100007B200BF00BF0598FBF792FF8046B6F909
:100B200010000490B6F912000390B8F9100002907A
:100B3000B8F91200019013990498084458440FFA28
:100B400080FB149903980844384407B20298ABEB31
:100B500000000FFA80FB0198381A07B2BAF1000FB3
:100B600007D0129828B13A4659460598FDF70CF877
:100B70000DE0BAF1000F04D059460598FDF744FA8C
:100B800005E0129818B139460598FDF75FFA09B0EB
:100B9000BDE8F08F2DE9F0470446002215212046DC
:100BA000F8F7A6F82046FBF7D7FE8046B8F1000F0D
:100BB00002D02046F8F7D3FB201DEAF785FE074652
:100BC00006E03846FFF7E6FF201DEAF77DFE074600
:100BD000002FF6D100212046F5F756FC0023FF2216
:100BE0001146204603F00EFE2046F8F771F800206B
:100BF000F9F746FC05461DE0686BA04202D0A86BE1
:100C0000A04203D121462846F9F74EFCE86BA042EA
:100C100001D10021E963A86D404507D1F9F73EFCF9
:100C2000A04203D121462846F9F73EFC2846F9F7B1
:100C300027FC0546002DDFD1002211462046E3693E
:100C400098472046FBF7FCFE06464EB92046FBF7C8
:100C5000C5FC8146214609F13000EAF715FF03E0A3
:100C60002146301DEAF710FF606A10B1606AFAF79A
:100C7000D9FE2046FAF7D6FEBDE8F08770B50546E6
:100C80002C46002609E094F83400C0F3401000B16F
:100C900026462046FBF7D4FE0446002CF3D116B1BD
:100CA0003046FCF78FFD70BD2DE9F04104460D463E
:100CB0000026374605F0FF0848F20C0040EA0722FC
:100CC000434631462046EBF74FFD00BFBDE8F081BB
:100CD00038B54E4800688430FEF7ECFAFF22002158
:100CE0004A4800688430FEF7F9FA494890F8200035
:100CF00000F0020020B14748F5F718FE009003E02D
:100D00004548F5F713FE009000214048009A00681E
:100D10008430FEF7D8FA47F6FF7200213B4800689E
:100D20008430FEF7E0FB0020F6F7F4F9C0EBC000DA
:100D30005030A02190FBF1F0012809DD0020F6F7EA
:100D4000E9F9C0EBC0005030A02190FBF1F000E0C9
:100D5000012004B2224600212C4800688430FEF7AE
:100D600013FC0020F6F7D6F9C0EBC0005030A021EC
:100D700090FBF1F0012809DD0020F6F7CBF9C0EB7C
:100D8000C0005030A02190FBF1F000E0012004B23F
:100D9000224600211D4800688430FEF780FB0020B9
:100DA000F6F7B8F9C0EBC0005030A02190FBF1F08D
:100DB000012809DD0020F6F7ADF9C0EBC000503086
:100DC000A02190FBF1F000E0012004B222460021B6
:100DD0000E4800688430FEF73EFB0C4800688830FF
:100DE000FEF768FAFF220021084800688830FEF705
:100DF00075FA40F68800F5F7A7FD0246002100903D
:100E0000024800688830FEF75EFA38BDE001002035
:100E10009C960020D1CFCC00857F77002DE9F04152
:100E200080460C4600250027E068B0F57A7F02D3A3
:100E30000020BDE8F081E068401CE060A168206807
:100E4000405C5B2800D05FE0A068401CA0602046AA
:100E5000EEF7BCFA4CB1D4E90110884205D2A16882
:100E60002068405C5D2800D13FE01CB1D4E901104E
:100E7000884203D3A068401EA06045E0A068401EE1
:100E8000A06000BF04F11000EEF713FB064606B9A0
:100E90003AE015B93546374602E03E60776037469E
:100EA000A068401CA0602046EEF790FA2146384624
:100EB00000F060FA00B927E02046EEF787FA44B167
:100EC000D4E90110884204D2A1682068405C2C2833
:100ED000D8D044B1D4E90110884204D2A168206876
:100EE000405C5D2800D00FE000BFE068401EE0607D
:100EF00005B16F602020C8F80C00C8F80850A06841
:100F0000401CA060012094E715B12846EEF782FA54
:100F100000208EE702460023002100BF23E0505C42
:100F2000302806DB505C392803DC505C3038034441
:100F300015E0505C412806DB505C462803DC505C21
:100F4000373803440BE0505C612806DB505C6628B0
:100F500003DC505C5738034401E00020704703294C
:100F600000D21B01491C0429D9D31846F6E700001A
:100F70002DE9F04391B080460C4600BF0020109050
:100F8000F3F7E9FE814600250CB1206818B900206E
:100F900011B0BDE8F08300253CE0A168206808445A
:100FA000405D342820D00ADCA0F12B0009282ED285
:100FB000DFE800F0202D212A2D16171819003828F7
:100FC00016D006DC352810D036280FD037281ED191
:100FD0000DE039280DD045280FD0652817D10BE03A
:100FE00000BF00BF00BF00BF00BF00BF00BF00BF09
:100FF00000BF00BF00BF00BF00BFA1682068084459
:10100000405D0DF8050003E00DF8059000E00AE0F2
:1010100000BF6D1C3F2D05D224B1A0682844616833
:101020008842BAD300BF00200DF8050010A9684619
:1010300001F099FD06460F4668461099884201D195
:101040000020A5E7C8E90667144A154B3046394623
:10105000E2F74CFD04D86FF00040C8F8140011E02E
:101060000022104B30463946E2F728FD04D84FF0F5
:101070000040C8F8140005E030463946E2F7D2FCDB
:10108000C8F814000820C8F80C00A0686A46109937
:10109000891A0844A06001207AE700000000C0FF20
:1010A000FFFFDF410000E0C12DE9F04180460C4622
:1010B00000260025E068B0F57A7F02D30020BDE865
:1010C000F081E068401CE06044B1D4E9011088423E
:1010D00004D2A1682068405C7B2800D07DE0A06835
:1010E000401CA0602046EEF771F94CB1D4E9011024
:1010F000884205D2A1682068405C7D2800D15DE06F
:101100001CB1D4E90110884203D3A068401EA0603E
:1011100063E0A068401EA06000BF04F11000EEF77D
:10112000C8F9074607B958E016B93E463D4602E001
:101130002F607D603D46A068401CA0602046EEF711
:1011400045F92146284600F04EF800B945E0204612
:10115000EEF73CF9286928620020286144B1D4E9FF
:101160000110884204D2A1682068405C3A2800D06F
:1011700033E0A068401CA0602046EEF727F9214626
:10118000284600F0F7F800B927E02046EEF71EF9F0
:1011900044B1D4E90110884204D2A1682068405CBF
:1011A0002C28BAD044B1D4E90110884204D2A168F5
:1011B0002068405C7D2800D00FE000BFE068401E42
:1011C000E06006B175604020C8F80C00C8F80860FF
:1011D000A068401CA060012071E716B13046EEF710
:1011E00019F900206BE72DE9F84F80460C46A168FD
:1011F00020680844461CA16820680844451C00205B
:1012000000900027A1682068405C222800D0A6E05A
:101210004FF0000AD1460DE028785C2809D1681CFF
:101220002168401A6168884200D398E009F10109F9
:101230006D1C6D1C2068281A6168884202D22878CB
:101240002228E9D12068281A6168884202D22878C9
:10125000222800D083E0A16820680844281AA0EB67
:10126000090A0AF1010021698847074607B976E0B3
:10127000009761E030785C2807D016F8010B0099E0
:1012800008700098401C009056E04FF00209A81B1F
:10129000012800DA63E07078662819D008DC22287B
:1012A00032D02F2832D05C282FD0622840D108E0DD
:1012B0006E2814D0722819D074281ED0752837D102
:1012C0002BE00820009908700098401C009030E046
:1012D0000C20009908700098401C009029E00A201A
:1012E000009908700098401C009022E00D200099A1
:1012F00008700098401C00901BE0092000990870BD
:101300000098401C009014E000BF00BF7078009966
:1013100008700098401C00900BE06A462946304651
:1013200003F0AFFC8146B9F1000F00D117E000E0F7
:1013300015E000BF4E4400BFAE429BD30020009991
:1013400008701020C8F80C00C8F810702068281A1F
:10135000A060A068401CA0600120BDE8F88F17B114
:1013600038466169884716B12068301AA0600020AD
:10137000F3E7000070B505460C460CB1206808B9CB
:10138000002070BD9CB1A068001D616888420ED825
:10139000A2682168881804223FA1E1F7C9FF30B98B
:1013A0000420E860A068001DA0600120E9E79CB16E
:1013B000A068401D616888420ED8A268216888181C
:1013C000052237A1E1F7B4FF30B90120E860A06839
:1013D000401DA0600120D4E7ACB1A068001D616889
:1013E000884210D8A2682168881804222EA1E1F74B
:1013F0009FFF40B90220E86001206861A068001DDD
:10140000A0600120BDE76CB1D4E90110884209D287
:10141000A1682068405C222804D121462846FFF7B5
:10142000E2FEAEE7BCB1D4E90110884213D2A16854
:101430002068405C2D2809D0A1682068405C3028D5
:1014400009DBA1682068405C392804DC2146284675
:10145000FFF78EFD95E76CB1D4E90110884209D2FF
:10146000A1682068405C5B2804D121462846FFF72C
:10147000D5FC86E76CB1D4E90110884209D2A16895
:101480002068405C7B2804D121462846FFF70CFEEB
:1014900077E7002075E700006E756C6C00000000B7
:1014A00066616C7365000000747275650000000071
:1014B0002DE9F04105460E461C4807681C480068A7
:1014C000001D03F074FC50B91948006890F82C1006
:1014D0000120884017490968814316480160681C4B
:1014E00038B936B112480168091D134803F0E9FC08
:1014F0001AE07C190E4800684460BC4207D20C48D0
:101500000168091D0D48006803F0C1FC0CE00848A3
:101510000168091D0A48006803F0B9FC0948006821
:10152000844201D207480460BDE8F08190000020A9
:101530007C00002094000020300B0020840000205C
:1015400080000020AC00002010B5044603F0D2FC5F
:1015500023480068401C224908602248006840B9BE
:10156000204804600846006801280DD100F0C2F947
:101570000AE01D48006838B91A480068C06AE16A84
:10158000884201D81748046018480068401C174971
:10159000086094F82C100120884015490968084318
:1015A00013490860E16A01EB8101124A02EB8100F4
:1015B000211D03F086FC03F0AFFC0B48006868B106
:1015C00008480068C06AE16A884207D24FF080503C
:1015D00009490860BFF34F8FBFF36F8F10BD000044
:1015E0008C0000207C00002098000020A800002033
:1015F000940000207C0A002004ED00E010B503F008
:1016000079FC10480068D0B90F4803F030FC0F484F
:1016100003F02DFC0C480E4908600C480D49086089
:10162000002210210A2003F007FF0649086008463F
:10163000006820B108A10348006803F0BDFC03F076
:101640006BFC10BDC4000020440B0020580B002090
:10165000BC000020C0000020546D7251000000004A
:1016600010B516E003F046FC0C48C068C468201DA5
:1016700003F09DFB0A480068401E094908600948BC
:101680000068401E0749086003F046FC204600F051
:101690005FF8044800680028E4D110BD1C0B00204E
:1016A0008C0000208800002070B504460D46206C98
:1016B00070B1216CE0680144E160D4E90210884215
:1016C00001D32168E1602846226CE168E1F7CFFD93
:1016D00070BD2DE9F04104460F4615464FF0000855
:1016E000A66B206C48B9206800282CD1A06804F0B3
:1016F000BBF980460020A06025E07DB93946226C08
:101700006068E1F7B4FD216C606808446060D4E96A
:101710000101884217D32068606014E03946226CCA
:10172000E068E1F7A4FD216CE068411AE1602168FE
:10173000E068884203D2216CA068411AE160022D62
:1017400001D106B1761E701CA0634046BDE8F08151
:1017500010B50446206B03F0EFFB204603F0ECFBD2
:1017600010BD00000146084A126812680AB9012239
:1017700000E000220A600A6822B9034A1268D268AF
:10178000106800E000207047BC00002030B54FF426
:101790008043174800F007042CB1C01D20F007005B
:1017A000134C041B1B1B0246124C22600024114DDB
:1017B0006C60D018083820F007000F4C206000241F
:1017C0000D4D2D686C600C4D2D682C601146441A2F
:1017D0004C60094C24680C60084D4C682C60084D26
:1017E0004C682C604FF00044064D2C6030BD00006A
:1017F0006C0B0020D4000020DC000020E40000205E
:10180000E0000020F000002000BFFFF729FF06489D
:1018100000680128F9D94FF0805004490860BFF3EF
:101820004F8FBFF36F8FF0E77C0A002004ED00E0DC
:101830002DE9F04106460D4617469846069C0DB91F
:10184000246000E02760E66325640121204603F060
:101850000DFE0020A064BDE8F0812DE9F05F814617
:101860000E4690469A460A9F0C9C4FEA8801A52294
:10187000206BE1F70EFDA8F10100216B01EB800B5D
:101880002BF0070B86B1002507E0715D04F13400F1
:101890004155705D00B902E06D1C102DF5D300BFFD
:1018A00000214320015502E0002084F83400052F78
:1018B00000D30427E76267640020A064201D03F0C2
:1018C000E3FA04F1180003F0DFFA2461C7F1050020
:1018D000A06164620020E06484F8500052464946EA
:1018E000584600F02DFB20600B9808B10B9804605F
:1018F000BDE8F09F10B5002407E004EB84010F4A17
:1019000002EB810003F0B3FA641C052CF5D30C48FC
:1019100003F0ADFA0B4803F0AAFA0B4803F0A7FA5C
:101920000A4803F0A4FA0A4803F0A1FA0448094956
:10193000086004480849086010BD00007C0A0020C7
:10194000E00A0020F40A0020080B00201C0B0020F5
:10195000300B0020800000208400002010B50146DC
:10196000164800E0006803688B42FBD302464368D8
:1019700013448B4204D143684C68234443600146BE
:101980000A464B6813440468A34211D10C4C036807
:101990002468A34208D04B680468646823444B6001
:1019A00003681B680B6005E0054B1B680B6001E0DA
:1019B00003680B60884200D0016010BDD400002095
:1019C000DC0000202DE9F04104460D4616461F4676
:1019D0004FF0000865602461B5420CD8F01BA16986
:1019E000884202D34FF0010811E0211D0948006828
:1019F00003F04DFA0BE0BE4204D2BD4202D34FF0D9
:101A0000010804E0211D0448006803F040FA404644
:101A1000BDE8F081C0000020BC00002070B5054684
:101A200003F068FAA86B08B9012400E0002403F071
:101A300073FA204670BD70B5054603F05BFAA86BDB
:101A4000E96B884201D1012400E0002403F064FA2C
:101A5000204670BDF1B50098846C0026A06BE16B48
:101A600088421BD294F94550002269462046FFF770
:101A700030FE0646681C60B9606A08B9012000E0C3
:101A8000002050B904F1240004F028F828B1012600
:101A900003E0681C40B284F8450000BF3046F8BD42
:101AA000F8B505460E4614480068C068C468201D95
:101AB00003F07DF994F8240000F0040088B1A069D7
:101AC00041192B4632462046FFF77CFF78B10020B3
:101AD00003462A4601460090204604F0D1F8074606
:101AE00005E094F8240020F0010084F8240020464A
:101AF000216A8847F8BD0000BC000020F0B587B01F
:101B000076E00398002805DA04AED6E90020B16833
:101B1000904700BF039800286ADB059C606908B9FC
:101B2000012000E0002010B9201D03F040F902A8B8
:101B300000F0BCF8054603980A2857D2DFE800F009
:101B40000905072D354606082E3600BF00BF00BF29
:101B500000BF94F8240040F0010084F824000498A9
:101B6000A269811803462A462046FFF72BFF98B149
:101B70002046216A884794F8240000F0040058B1F8
:101B8000002000900498A1694218002319462046BD
:101B900004F076F8074600BF29E000BF94F824005F
:101BA00020F0010084F8240021E000BF94F8240014
:101BB00040F0010084F824000498A061A069411954
:101BC0002B462A462046FFF7FDFE10E094F824003D
:101BD00000F0020018B9204603F0AEF905E094F8D1
:101BE000240020F0010084F8240000E000BF00BFC2
:101BF000002203A90348006803F070FD002880D18B
:101C000007B0F0BDC4000020F8B505460C4603F04F
:101C10009BFB684600F04AF80646009820BB44B992
:101C2000B54206D803F09AFF31462846FFF738FF41
:101C30001CE03CB10E480068006808B9012000E0D3
:101C400000200446A91B22460A48006803F0CAF98E
:101C500003F084FF50B94FF0805007490860BFF38C
:101C60004F8FBFF36F8F01E003F078FFF8BD0000E6
:101C7000C0000020C400002004ED00E00948006816
:101C8000006808B9012000E0002020B14FF0FF30CB
:101C90000549086005E003480068C068006802491B
:101CA0000860704780000020AC00002070B504463A
:101CB00003F040FE054607480068854204D200F064
:101CC0000BF80120206001E0002020600148056041
:101CD000284670BDCC0000202DE9F84328E01E48BE
:101CE0000068C06805681C480068C068C468201D9A
:101CF00003F05DF82046216A884794F8240000F03C
:101D00000400A8B1A0694619AE4207D966602461F3
:101D1000211D1148006803F0BAF809E000200346CD
:101D20002A4601460090204603F0AAFF804600BFE5
:101D300009480068006808B9012000E00020002878
:101D4000CDD0054807680548006803490860034886
:101D50000760BDE8F8830000BC000020C000002040
:101D60000246002101E0521C491C1078A528FAD037
:101D7000890888B2704700BFBF2080F31188BFF385
:101D80004F8FBFF36F8F00BF00BFFEE708B500BFE6
:101D90006846FFF7E7FC044620460099FFF734FF4A
:101DA000FFF7ACFEF4E770B5044603F0A3F894F92E
:101DB000455019E0A06C30B12046FFF74BFE88B1CA
:101DC00003F0B8F90EE0606A08B9012000E00020D5
:101DD00038B904F1240003F081FE18B103F0AAF928
:101DE00000E003E0681E45B2002DE3DC00BFFF20E9
:101DF00084F8450003F090F803F07CF894F944501F
:101E000010E0206908B9012000E0002048B904F181
:101E1000100003F063FE08B103F08CF9681E45B2B0
:101E200000E001E0002DECDC00BFFF2084F844005E
:101E300003F072F870BD00002DE9F04104464FF048
:101E4000000803F081FA3848006808B9FFF79EFCE3
:101E500036480068204000285BD1B4B104F1080086
:101E6000A04212D9083404F0070078B104F007004A
:101E7000C0F108002044A04205D904F00700C0F1D9
:101E80000800044402E0002400E00024002C40D0BC
:101E90002748006884423CD8264E3046056801E059
:101EA0002E462D686868A04202D228680028F7D123
:101EB0001D48006885422CD0306800F10808286869
:101EC00030606868001B102807D92F196868001B4C
:101ED00078606C603846FFF741FD1549686809680D
:101EE000081A1349086008460068134909688842BF
:101EF00003D20F480068104908600C4968680968F7
:101F000008436860002028600C480068401C0B49AA
:101F1000086003F023FEB8F1000F01D102F070FF5A
:101F20004046BDE8F0810000DC000020F000002009
:101F3000E0000020D4000020E4000020E8000020A1
:101F4000001F4FF080730360001F21F00103036046
:101F5000001F034B036014380260203870470000F4
:101F6000771D02082DE9F04704008A4616D054F880
:101F7000047CD4F800903E1F564500D956462046B2
:101F8000E7F77AFF05468846324621465046F3F782
:101F900055F940B1C0F80090BDE8F087BDE8F047C2
:101FA0000846E7F797BF44E9017955B129686A18EF
:101FB000211F8A4202D9611B091F2960C5F80480CC
:101FC000EAE7024AC2F80080E6E70000EC010020E0
:101FD0002DE9F04107460D461646381DE9F774FC19
:101FE000044619E0208A284400B22082608A3044E6
:101FF00001B26182A08A284401B2A182E08A304401
:1020000001B2E182324629462046FFF7E1FF214630
:10201000381DE9F75EFC0446002CE3D1BDE8F081F1
:1020200070B5054600212846FAF794FA044612E0F6
:102030002046FBF71DFB002204212046E369984758
:102040002046FBF715FB2046FFF7EAFF214628460E
:10205000FAF780FA0446002CEAD170BD2DE9F0476A
:10206000074689464FF0000837E041464846FAF7F0
:10207000D0FD044604B933E0002624E0304621793F
:10208000C1F3C01129B1A188C1F3002109B1411CDC
:10209000C8B2217901F03F0121B1217901F03F015E
:1020A000814201DC002102E0216851F820108A46BB
:1020B000BA4500D02FB9FF2241464846FBF70AFC3B
:1020C00006E0701CC6B2207900F03F00B042D5DCBB
:1020D00000BF08F1010000F0FF08B8F1400FC4D1C3
:1020E00000BF00214846FAF735FA054608E02946C0
:1020F0003846FFF7B3FF29464846FAF72BFA05465C
:10210000002DF4D1BDE8F08770B5002500245348B8
:102110000078F8B95248027852480168524800687D
:10212000F2F7E3FD04464F48006848B14F48007895
:10213000A04205D100204E4908700120474908708F
:102140004A480470474800684549097808444549A9
:10215000086081E04148007801285AD101224148B5
:10216000016841480068F2F7C0FD05464048007824
:10217000401C3F4908703B480068401C39490860D2
:10218000012D30D139480478394800780B2863D1C3
:1021900006220846016834480068F2F7A6FD344973
:1021A000087030480068801D2E490860304800786B
:1021B00018B10220294908704EE0294802782948C0
:1021C000016829480068F2F790FD0446274804702A
:1021D0002448006822490978084422490860002000
:1021E0001E49087038E01E4802781E4801681E48E3
:1021F0000068F2F77AFD04461C480470194800682C
:1022000017490978084417490860002013490870E5
:1022100022E01248007802281ED11448047814489D
:102220000078401E1249087008460078A0B90C4892
:1022300002780C4801680C480068F2F756FD044625
:102240000A480470074800680549097808440549A8
:102250000860002001490870204670BD2701002059
:10226000240100201C010020200100202501002065
:102270002601002038B5234800688C30FDF71AF895
:102280000020F4F747FF00EBC00101EB00105030D5
:10229000A02190FBF1F001280BDD0020F4F73AFFBC
:1022A00000EBC00101EB00105030A02190FBF1F0D9
:1022B00000E0012004B222460021124800688C3060
:1022C000FDF77AF90F4800689030FCF7F3FFFF2222
:1022D00000210C4800689030FDF700F80A48002102
:1022E000C268084800689030FCF7EDFF07480068B6
:1022F000009000210348009A00689030FDF750F9E3
:1023000038BD0000E00100209C9600206C9302087C
:1023100010B5E7F797F94FF480510248E2F74DFD09
:1023200010BD0000000C01402DE9F0410024002503
:10233000002600274FF480510F48E2F73CFD9F2014
:1023400000F01CF8A52000F019F80546A52000F0C3
:1023500015F80646A52000F011F807464FF4805105
:102360000548E2F72AFD280440EA062040EA07046F
:102370002046BDE8F0810000000C014010B5044685
:1023800000BF02210A48E7F789F80028F9D0214662
:102390000748E7F78FF800BF01210548E7F77EF807
:1023A0000028F9D00248E7F782F8C0B210BD00005B
:1023B0000038004070B505462868FAF70FF9044662
:1023C000206C38B194F8500000F0010010B1206C7E
:1023D000F9F72AFF00202064606400212868FAF7DA
:1023E0000DFB064648F20C01FCF72CFF70BD70B5E2
:1023F00004462068FAF7F2F80546FCF7B5FC2864B5
:102400002068F4F743FF70BD2DE9FE4F04468A466D
:1024100015464FEA6A0002904FEA6A0001900AF0FE
:10242000010010B90298401E02906000E9F7B0FB6D
:102430008346A846002731E0601E38F8100000FBF4
:102440000AF00090661E1FE0009A2BF8162000216B
:10245000019A3244A24203DA019A324438F8121047
:10246000009A521A0092029AB21A521E002A02D5FB
:10247000B8F8000004E0029AB21A521E38F81200AE
:10248000009A02440092761E002EDDDA6200594660
:102490004046E9F77BFC08EB44087F1CA742CBDBF6
:1024A000288890FBFAF028804FF0010916E035F8F3
:1024B0001910A9F1010035F81000814206D1A9F1E7
:1024C000010035F8100025F8190005E035F819006D
:1024D00090FBFAF025F8190009F1010904FB04F05A
:1024E0004845E4D8002642E005EB4608B8F800105D
:1024F00001FB0AF000272AE0002801DA002300E0AF
:1025000083112BF81730019BFB1A002B02DCB8F863
:10251000001005E0019BFB1A03FB046335F8131060
:10252000401A029B3B445B1CA34207DA029B3B44DC
:102530005B1C03FB046335F8132004E0631E03FBFC
:10254000046335F8132010447F1C08EB4408A742AD
:10255000D2DB05EB4608002706E03BF81710A8F889
:1025600000107F1C08EB4408A742F6DB761CA6424D
:10257000BADB5846E9F7BCFBBDE8FE8F2DE9FF4FFB
:102580008DB00D461446274610983E180BA80D999D
:10259000F4F7C0F8204604EBD0714A1010991144AA
:1025A000491E04F0010282F00102891A09B2ADF855
:1025B000301004EBD0714910491C09B2ADF82E104F
:1025C0000D98F4F732F9BDF83010081A00B2ADF8E2
:1025D0002C000D98F4F7D2F8BDF82E10084400B284
:1025E000ADF8320000230BA904A8109AF6F7A2FA5E
:1025F000012F01D1012401E0781004B23046E9F73F
:10260000C7FA8246A946002003903BE03146504677
:10261000E9F7A5FD04A8009033B2DDE9030C02B28E
:1026200000215046E0478046B8F1000F04D1710008
:102630004846E9F75DFD20E09AF80010890191FB1A
:10264000F4F1A9F80010012014E01AF80020411E4E
:102650001AF801108A4205D1411E39F8111029F8E3
:10266000101006E01AF80010890191FBF4F129F826
:102670001010401CB042E8DB00BF09EB460903988C
:10268000401C03900398B042C0DB5046E9F730FB92
:10269000012C0FD12946002005E035F81020C2F3A7
:1026A00087120A54401C06FB06F28242F5DC11B088
:1026B000BDE8F08F2A46214630B2FFF7A5FE07F0AD
:1026C0000100204404B2012C29DD2888800190FB00
:1026D000F4F028804FF0010817E035F81810A8F141
:1026E000010035F81000814206D1A8F1010035F84B
:1026F000100025F8180006E035F81800800190FB5E
:10270000F4F025F8180008F1010806FB06F0404532
:10271000E3D82A46214630B2FFF776FE00BF029585
:102720004FF0000B06E015F81B10029800F80B1094
:102730000BF1010B06FB06F05845F4DC00BFB6E7D1
:1027400070B5A0B005460E4614460AA8F6F780FA02
:102750000C4800681F90BDF87C00ADF82A000AAA5A
:1027600031462846F6F744FA01A8F5F7F1F80020BB
:10277000234601AA314600902846F4F7CDFD20B04B
:1027800070BD0000F85C020810B504461CB120685A
:1027900008B1A06808B1002010BD7CB1A068001D80
:1027A000616888420AD2A26821688818032204A1BD
:1027B000E0F7BEFD10B9A068C01CA0602046EBE7A2
:1027C000EFBBBF00FEB5AA4800689430FCF772FD6D
:1027D000FF220021A64800689430FCF77FFDA54841
:1027E00000680290A44890F8200000F0020018B1A0
:1027F000A148C068009001E00298009000219C4828
:10280000009A00689430FCF75EFD9A48001D00684D
:102810000190994890F8200000F0020020B19748FC
:10282000F4F784F8009001E00198009000219048AE
:10283000009A00689430FCF708FF47F6FF72002109
:102840008B4800689430FCF74EFE0020F4F762FCE1
:10285000C0EBC0005030A02190FBF1F0012809DD51
:102860000020F4F757FCC0EBC0005030A02190FBD3
:10287000F1F000E0012004B2224600217C4800680B
:102880009430FCF700FE0020F4F744FCC0EBC000DD
:102890005030A02190FBF1F0012809DD0020F4F771
:1028A00039FCC0EBC0005030A02190FBF1F000E0FB
:1028B000012004B2224600216D4800689430FCF7E4
:1028C000EEFD0020F4F726FCC0EBC0005030A02144
:1028D00090FBF1F0012809DD0020F4F71BFCC0EBB0
:1028E000C0005030A02190FBF1F000E0012004B2C4
:1028F000224600215E4800689430FCF7DCFD002091
:10290000F4F708FCC0EBC0005030A02190FBF1F0C0
:10291000012809DD0020F4F7FDFBC0EBC0005030BA
:10292000A02190FBF1F000E0012004B2224600213A
:102930004F4800689430FCF78EFD4D480068983091
:10294000FCF7B8FC4A48006800F1980400252846C6
:10295000F4F7E0FB00EB8000502101EB4000A021E8
:1029600090FBF1F001280BDD0020F4F7D3FB00EB26
:102970008000502101EB4000A02190FBF1F000E02D
:10298000012006B2172040EA052132462046EAF728
:10299000A8FA00BF3648006800F1980400252846D0
:1029A000F4F7B8FB00EB8000502101EB4000A021C0
:1029B00090FBF1F001280BDD0020F4F7ABFB00EBFE
:1029C0008000502101EB4000A02190FBF1F000E0DD
:1029D000012006B2182040EA052132462046EAF7D7
:1029E00080FA00BF0020F4F795FB00EB8000502137
:1029F00001EB4000A02190FBF1F001280BDD00204D
:102A0000F4F788FB00EB8000502101EB4000A0218F
:102A100090FBF1F000E0012004B2224600211448AE
:102A200000689830FCF7DCFC0020F4F773FB00EB47
:102A30008000502101EB4000A02190FBF1F0012823
:102A40000BDD0020F4F766FB00EB8000502101EB6A
:102A50004000A02190FBF1F000E0012004B22246EA
:102A60000021034800689830FCF7AEFCFEBD000072
:102A7000E0010020309302089C9600204F40310076
:102A800038B5354800689C30FCF714FCFF22002163
:102A9000314800689C30FCF721FC30480021C268B6
:102AA0002D4800689C30FCF70EFC2D480068009013
:102AB00000212948009A00689C30FCF771FD002035
:102AC000F4F728FB00EBC00101EB0010502101EBF3
:102AD0008000A02190FBF1F001280DDD0020F4F72B
:102AE00019FB00EBC00101EB0010502101EB80004D
:102AF000A02190FBF1F000E0012004B22246002169
:102B0000154800689C30FCF7D6FC0020F4F702FB67
:102B100000EBC00101EB0010502101EB8000A0216F
:102B200090FBF1F001280DDD0020F4F7F3FA00EB43
:102B3000C00101EB0010502101EB8000A02190FBAF
:102B4000F1F000E0012004B22246002102480068B2
:102B50009C30FCF780FC38BDE00100209C960020F2
:102B600068930208704700B583B00A460021CDE99A
:102B7000001101466846E1F770F8DDE9000103B095
:102B800000BD0146322978D02ADC13296FD014DC2D
:102B900006295AD008DC01295DD0022951D0042928
:102BA00054D0052973D152E0072951D010295BD0A8
:102BB00011295AD012296AD158E020295CD008DCAA
:102BC000152955D0162954D0172953D018295ED16C
:102BD00051E02C2942D030293BD0312957D13EE059
:102BE00091294CD014DC54294CD008DC332937D03F
:102BF00040292FD0422943D0502948D12CE06029C8
:102C00003FD06E292FD072293ED07F293FD129E0B5
:102C100048F28302881A914235D00ADCFF290FD08E
:102C2000A1F500400C38C0B174280BD075282ED106
:102C300009E00B2808D01D2820D02A2827D110E031
:102C400000BF00BF00BF00BF00BF00BF00BF00BF8C
:102C500000BF00BF00BF00BF00BF00BF00BF00BF7C
:102C600000BF00BF00BF00BF00BF00BF00BF00BF6C
:102C700000BF00BF00BF00BF00BF00BF00BF00BF5C
:102C800000BF00BF00BF00BF01207047FFE700206A
:102C9000FBE770B504460D4629462068F8F702FFA9
:102CA000064615B10EB9002070BD26600120FBE775
:102CB0002DE9FC4105460E46144601212846E9F758
:102CC00087FABC212046E9F713FA2046F5F7C0FF42
:102CD00004F15400F4F73CFE04F18200F4F70AFB1F
:102CE00004F17800F4F7D3FF31462846F9F791FF55
:102CF0000746B888C0F30028786820F4807000F593
:102D000080707860224631462846FAF705FB04F1C8
:102D1000540231462846FAF726FA04F18202314677
:102D20002846FAF7CAF904F1780231462846FAF73C
:102D30008DFA31462846FAF715F824F8920F3146F5
:102D40002846F9F7D0FF608031462846F9F7F8FFAA
:102D5000A08031462846F9F7E1FFE0803146284659
:102D6000F9F7D3FF208131462846F9F784FF6081C7
:102D700031462846F9F764FFA08131462846F9F725
:102D800068FFE08131462846F9F76CFF208200BFDA
:102D9000032231462846E9F793FA608231462846F5
:102DA000FAF7B6F8A08231462846FAF7A8F8E0828A
:102DB00031462846FAF79AF8208331462846FAF732
:102DC000B0F8608300BFC02231462846E9F778FAA0
:102DD000A08300BFC12231462846E9F771FAE0839B
:102DE00000BFC22231462846E9F76AFA208400BFB4
:102DF000C32231462846E9F763FA6084923C00BF5B
:102E0000C92231462846E9F70DFA0090BDF80010B6
:102E10000846019004F18000BDF80410A4F8B61033
:102E200000BFCA2231462846E9F7FCF90090BDF8F8
:102E300000100846019004F18000BDF80410A4F8C9
:102E4000B81031462846F9F71FFFB834A070314654
:102E50002846F9F7B2FE216860F318612160314617
:102E60002846F9F78AFE216860F3596144F8B819D9
:102E700000212846E9F7ACF9786868F30820786003
:102E8000BDE8FC8170B504460D46BC2229462046AB
:102E9000E0F738FA08B9002070BDB4F99200B5F92E
:102EA0009210884201D00220F6E7B4F99400B5F9F7
:102EB0009410884201D00220EEE7B4F99800B5F9E9
:102EC0009610884201D00220E6E7B4F99600B5F9E1
:102ED0009610884201D00220DEE7B4F99200B5F9DD
:102EE0009210884201D00220D6E7B4F99A00B5F9D1
:102EF0009A10884201D00220CEE7B4F99C00B5F9BF
:102F00009C10884201D00220C6E7B4F99E00B5F9B2
:102F10009E10884201D00220BEE7B4F9A000B5F9A6
:102F2000A210884201D00220B6E7B4F9A200B5F998
:102F3000A210884201D00220AEE7B4F99C00B5F996
:102F40009C10884201D00220A6E7B4F9A600B5F98A
:102F5000A610884201D002209EE7B4F9A800B5F976
:102F6000A810884201D0022096E7B4F9AA00B5F96A
:102F7000AA10884201D002208EE7B4F9AC00B5F95E
:102F8000AC10884201D0022086E7B4F91A00B5F9E6
:102F90001A10884201D002207EE7B4F91C00B5F96E
:102FA0001C10884201D0022076E7206C296C8842F0
:102FB00001D0022070E794F8500095F85010884234
:102FC00001D0022068E7206C296C884201D00220E1
:102FD00062E7B4F92800B5F92810884201D0022030
:102FE0005AE7B4F92200B5F92210884201D0022034
:102FF00052E7B4F92400B5F92410884201D0022028
:103000004AE7B4F92600B5F92610884201D002201B
:1030100042E7012040E7000038B54D480068A03085
:10302000FCF748F9FF22002149480068A030FCF76E
:1030300055F948480068009000214548009A00680A
:10304000A030FCF740F947F6FF72002140480068C5
:10305000A030FCF748FA0020F4F75CF8502101EBAF
:103060008000A02190FBF1F0012809DD0020F4F799
:1030700051F8502101EB8000A02190FBF1F000E01D
:103080000120404204B22246002131480068A030AD
:10309000FCF711FA0020F4F73DF8502101EB800015
:1030A000A02190FBF1F0012809DD0020F4F732F8AF
:1030B000502101EB8000A02190FBF1F000E0012005
:1030C000404204B22246002121480068A030FCF7AB
:1030D000C2F90020F4F71EF8502101EB8000A02176
:1030E00090FBF1F0012809DD0020F4F713F85021DE
:1030F00001EB8000A02190FBF1F000E001204042B4
:1031000004B22246002112480068A030FCF7BBF947
:103110000020F3F7FFFF502101EB8000A02190FB7E
:10312000F1F0012809DD0020F3F7F4FF502101EB55
:103130008000A02190FBF1F000E00120404204B2A9
:103140002246002102480068A030FCF7A8F938BDEB
:10315000E00100203893020838B591480068A43097
:10316000FCF7A8F88F4890F8200000F0020020B18A
:103170008D48F3F7DBFB009003E08C48F3F7D6FBB8
:10318000009000218648009A0068A430FCF7B2F84D
:103190000122002182480068A430FCF7CEF8032207
:1031A00000217F480068A430FCF7BBF80020F4F74A
:1031B00011F8012816DC0020F3F7ACFFC0EB00107B
:1031C0005030A02190FBF1F0012809DD0020F3F739
:1031D000A1FFC0EB00105030A02190FBF1F01BE0EC
:1031E000012019E00020F3F795FFC0EB00105021FB
:1031F00001EB4000A02190FBF1F001280BDD002045
:10320000F3F788FFC0EB0010502101EB4000A02134
:1032100090FBF1F000E0012004B22246002160485A
:103220000068A430FCF72FF90020F3F7D3FF012842
:1032300016DC0020F3F76EFFC0EB00105030A02129
:1032400090FBF1F0012809DD0020F3F763FFC0EBEC
:1032500000105030A02190FBF1F01BE0012019E09C
:103260000020F3F757FFC0EB0010502101EB4000A6
:10327000A02190FBF1F001280BDD0020F3F74AFFBD
:10328000C0EB0010502101EB4000A02190FBF1F0B9
:1032900000E0012004B22246002141480068A43029
:1032A000FCF7FDF80020F3F795FF012816DC00205D
:1032B000F3F730FFC0EB00105030A02190FBF1F08D
:1032C000012809DD0020F3F725FFC0EB0010503086
:1032D000A02190FBF1F01BE0012019E00020F3F7A2
:1032E00019FFC0EB0010502101EB4000A02190FB22
:1032F000F1F001280BDD0020F3F70CFFC0EB00100C
:10330000502101EB4000A02190FBF1F000E00120F2
:1033100004B22246002122480068A430FCF7CBF812
:103320000020F3F757FF012816DC0020F3F7F2FE28
:10333000C0EB00105030A02190FBF1F0012809DD16
:103340000020F3F7E7FEC0EB00105030A02190FB07
:10335000F1F01BE0012019E00020F3F7DBFEC0EBE9
:103360000010502101EB4000A02190FBF1F001285A
:103370000BDD0020F3F7CEFEC0EB0010502101EB77
:103380004000A02190FBF1F000E0012004B22246B1
:10339000002103480068A430FCF75DF838BD000048
:1033A000E00100209C960020E3DDD600978A800093
:1033B0007047000038B5FE480068AC30FBF77AFF74
:1033C000FF220021FA480068AC30FBF787FFF9487C
:1033D00090F8200000F0020028B16FF07F40F3F772
:1033E000A5FA009003E0F448F3F7A0FA009000215A
:1033F000EF48009A0068AC30FBF765FFED4890F8A5
:10340000200000F0020020B1EC48F3F78FFA0090A2
:1034100003E0EB48F3F78AFA00900021E448009AB1
:103420000068AC30FCF7BCF8E648F3F77FFA0246D8
:1034300000210090DE480068AC30FBF796FF0020CA
:10344000F3F768FEC0EBC0005030A02190FBF1F014
:10345000012809DD0020F3F75DFEC0EBC00050300D
:10346000A02190FBF1F000E0012004B222460021EF
:10347000CF480068AC30FCF71EF80020F3F74AFE96
:10348000C0EBC0005030A02190FBF1F0012809DD15
:103490000020F3F73FFEC0EBC0005030A02190FBAE
:1034A000F1F000E0012004B222460021C04800688B
:1034B000AC30FBF7E8FF0020F3F72CFEC0EBC000B8
:1034C0005030A02190FBF1F0012809DD0020F3F736
:1034D00021FEC0EBC0005030A02190FBF1F000E0D5
:1034E000012004B222460021B1480068AC30FBF74D
:1034F000D6FFAF480068A830FBF7DCFE7F22102122
:10350000AB480068A830FBF7E9FE40F68800F3F707
:103510001BFA024610210090A5480068A830FBF76E
:10352000D2FEA44890F8200000F0020020B1A34889
:10353000F3F7FCF9009003E0A148F3F7F7F90090E6
:1035400001219B48009A0068A830FCF729F8002068
:10355000F3F7E0FD00EB8000502101EB8000A0219B
:1035600090FBF1F001280BDD0020F3F7D3FD00EB19
:103570008000502101EB8000A02190FBF1F000E0E1
:10358000012004B22246002189480068A830FBF7D8
:1035900092FF0020F3F7BEFD00EB8000502101EB0D
:1035A0008000A02190FBF1F001280BDD0020F3F753
:1035B000B1FD00EB8000502101EB8000A02190FBC9
:1035C000F1F000E0012004B22246002178480068B2
:1035D000A830FBF740FF77480221C26874480068B2
:1035E000A830FBF7DDFF7348C08902460421009034
:1035F0006F480068A830FBF7D3FF6D480068B03013
:10360000FBF758FEFF22002169480068B030FBF745
:1036100065FE68480021C26865480068B030FBF765
:1036200052FE6448C0890246042100906048006848
:10363000B030FBF748FE0020F3F76CFD00EB800094
:103640005030A02190FBF1F0012809DD0020F3F7B4
:1036500061FD00EB80005030A02190FBF1F000E014
:10366000012004B22246002151480068B030FBF727
:103670008BFF47F6FF7200214D480068B030FBF722
:1036800032FF4B480068B430FBF714FE0020F3F71C
:10369000A1FD012816DC0020F3F73CFDC0EB001073
:1036A0005030A02190FBF1F0012809DD0020F3F754
:1036B00031FDC0EB00105030A02190FBF1F01BE079
:1036C000012019E00020F3F725FDC0EB0010502188
:1036D00001EB4000A02190FBF1F001280BDD002060
:1036E000F3F718FDC0EB0010502101EB4000A021C2
:1036F00090FBF1F000E0012004B2224600212C48AA
:103700000068B430FBF7D7FE0020F3F763FD012813
:1037100016DC0020F3F7FEFCC0EB00105030A021B7
:1037200090FBF1F0012809DD0020F3F7F3FCC0EB7A
:1037300000105030A02190FBF1F01BE0012019E0B7
:103740000020F3F7E7FCC0EB0010502101EB400034
:10375000A02190FBF1F001280BDD0020F3F7DAFC4B
:10376000C0EB0010502101EB4000A02190FBF1F0D4
:1037700000E0012004B2224600210D480068B43068
:10378000FBF769FE0020F3F725FD012823DC00206C
:10379000F3F7C0FCC0EB00105030A02190FBF1F01B
:1037A000012816DD0020F3F7B5FCC0EB00100BE09C
:1037B000E00100209C96002073625800423E3B00CE
:1037C000ECE9E7009F9A97005030A02190FBF1F0C0
:1037D0001BE0012019E00020F3F79CFCC0EB001077
:1037E000502101EB4000A02190FBF1F001280BDDFE
:1037F0000020F3F78FFCC0EB0010502101EB4000DC
:10380000A02190FBF1F000E0012004B2224600214B
:1038100040480068B430FBF736FE0020F3F7DAFCCE
:10382000012816DC0020F3F775FCC0EB00105030C7
:10383000A02190FBF1F0012809DD0020F3F76AFCDC
:10384000C0EB00105030A02190FBF1F01BE00120F4
:1038500019E00020F3F75EFCC0EB0010502101EBF3
:103860004000A02190FBF1F001280BDD0020F3F7D0
:1038700051FCC0EB0010502101EB4000A02190FB57
:10388000F1F000E0012004B2224600212148006846
:10389000B430FBF704FE0020F3F79CFC012816DC93
:1038A0000020F3F737FCC0EB00105030A02190FB54
:1038B000F1F0012809DD0020F3F72CFCC0EB00102B
:1038C0005030A02190FBF1F01BE0012019E0002016
:1038D000F3F720FCC0EB0010502101EB4000A021C9
:1038E00090FBF1F001280BDD0020F3F713FCC0EB97
:1038F0000010502101EB4000A02190FBF1F000E00E
:10390000012004B22246002102480068B430FBF7CF
:10391000AEFD38BDE001002038B541480068B83040
:10392000FBF7C8FC3F4890F8200000F0020020B1EF
:103930003D48F2F7FBFF009003E03C48F2F7F6FF4A
:10394000009000213648009A0068B830FBF7D2FC9E
:103950000020F3F7DFFB502101EB4000A02190FB9A
:10396000F1F0012809DD0020F3F7D4FB502101EB31
:103970004000A02190FBF1F000E0012004B22246BB
:10398000002127480068B830FBF7D7FC0020F3F788
:10399000C1FB5030A02190FBF1F0012807DD002091
:1039A000F3F7B8FB5030A02190FBF1F000E00120CC
:1039B00004B2224600211A480068B830FBF763FDC4
:1039C0000422002116480068B830FBF7AAFC14480E
:1039D0000068BC30FBF76EFC124890F8200000F045
:1039E000020088B10F4890F8200000F0020028B1D2
:1039F00040F6AA20F2F7A8FF009009E040F69910DF
:103A0000F2F7A2FF009003E00948F2F78FFF009061
:103A100000210348009A0068BC30FBF7C1FD38BDA7
:103A2000E00100209C9600204F403100ADA8A50089
:103A3000BDADA1002DE9F04180460E461446292C6B
:103A40007ED2DFE804F0151621CA8C3945FEC5FD8B
:103A5000FC2DFBFAF9C6C768C8F8C9F7F6F5F4F308
:103A6000F2F1F0EFEEEDECA3EBEAE9E8E7E6E500D2
:103A70001AE200213046F9F7CCF80746F948016808
:103A80003846E8F73FFFF3E700213046F9F7C1F881
:103A90000746F4480168091D3846E8F733FFE7E7B1
:103AA00000213046F9F7B5F80746EE480168091DD0
:103AB0003846E8F727FFFAE300213046F9F7A9F87E
:103AC0000746E848016810313846E8F71BFFEEE387
:103AD00000213046F9F79DF80746E2480168091DC4
:103AE0003846E8F70FFFDF48016818313846E8F735
:103AF00009FF01213046F9F78CF80746D9480168DB
:103B0000091D3846E8F7FEFED648016808313846F8
:103B1000E8F7F8FECBE300213046F9F77AF80746DC
:103B2000D04801683846E8F7EDFECE4801686C31B0
:103B30003846E8F7E7FE01213046F9F76AF800E079
:103B4000B4E30746C7480168091D3846E8F7DAFEBE
:103B5000C448016808313846E8F7D4FEA7E30021DD
:103B60003046F9F756F80746BE480168283138460E
:103B7000E8F7C8FE01213046F9F74BF80746B94887
:103B800001682C313846E8F7BDFE90E3002130464D
:103B9000F9F73FF80746B348016828313846E8F797
:103BA000B1FE01213046F9F734F80746AD48016807
:103BB0002C313846E8F7A6FE02213046F9F729F8FD
:103BC0000746A8480168A0313846E8F79BFE6EE337
:103BD0006DE36CE36BE36AE369E300213046F9F7D8
:103BE00018F807469F480168091D3846E8F78AFE1D
:103BF0009C48016820313846E8F784FE01213046B0
:103C0000F9F707F80746974801681C31384619E06C
:103C10005DE230E228E166E218E1EBE00FE22BE042
:103C2000B1E293E23FE040E1B7E05BE192E07FE0A8
:103C3000FFE27AE15CE1A4E010E382E1E2E2BFE1CD
:103C400059E0B2E2E8F75EFE02213046F8F7E1FF04
:103C5000074684480168091D3846E8F753FE814845
:103C6000016808313846E8F74DFE7E480168243186
:103C70003846E8F747FE1AE300213046F8F7C9FF57
:103C800007467848016820313846E8F73BFE0121B5
:103C90003046F8F7BEFF0746724801681C313846C7
:103CA000E8F730FE03E300213046F8F7B2FF07469D
:103CB0006C48016828313846E8F724FE69480168F5
:103CC00098313846E8F71EFE01213046F8F7A1FF8B
:103CD0000746644801682C313846E8F713FE022194
:103CE0003046F8F796FF07465E480168943138463B
:103CF000E8F708FEDBE200213046F8F78AFF0746C6
:103D00005848016850313846E8F7FCFD40213046FC
:103D1000F8F77FFF07465348016810313846E8F747
:103D2000F1FD5048016854313846E8F7EBFDBEE23A
:103D300000213046F8F76DFF07464A480168091D23
:103D40003846E8F7DFFD4748016880313846E8F734
:103D5000D9FDACE240213046F8F75BFF0746414809
:103D6000016818313846E8F7CDFD41213046F8F7B3
:103D700050FF07463B48016810313846E8F7C2FD5E
:103D800095E200213046F8F744FF074635480168C0
:103D900070313846E8F7B6FD89E200213046F8F781
:103DA00038FF07462F480168091D3846E8F7AAFD85
:103DB00040213046F8F72DFF07462A4801681431A4
:103DC0003846E8F79FFD01213046F8F722FF074605
:103DD0002448016884313846E8F794FD02213046D2
:103DE000F8F717FF07461F48016888313846E8F79B
:103DF00089FD5CE200213046F8F70BFF07461948C1
:103E000001683846E8F77EFD41213046F8F701FFAA
:103E1000074614480168AC313846E8F773FD432182
:103E20003046F8F7F6FE07460E480168B0313846CE
:103E3000E8F768FD42213046F8F7EBFE07460948EF
:103E40000168A8313846E8F75DFD30E24021304690
:103E5000F8F7DFFE074603480168B4313846E8F753
:103E600051FD24E2E001002000213046F8F7D1FEA8
:103E70000746F94801683846E8F744FD0121304615
:103E8000F8F7C7FE0746F448016884313846E8F77A
:103E900039FD02213046F8F7BCFE0746EE480168BE
:103EA00088313846E8F72EFD01E200213046F8F768
:103EB000B0FE0746E8480168091D3846E8F722FDCC
:103EC000E54801688C313846E8F71CFD032130468F
:103ED000F8F79FFE0746E048016890313846E8F75A
:103EE00011FDE4E100213046F8F793FE0746DEE1DC
:103EF00000213046F8F78DFE0746D7480168091DB6
:103F00003846E8F7FFFCD448016878313846E8F7CE
:103F1000F9FC01213046F8F77CFE0746CE480168DF
:103F200084313846E8F7EEFCC1E100213046F8F76D
:103F300070FE0746C84801687C313846E8F7E2FC65
:103F4000B5E100213046F8F764FE0746C248016833
:103F5000091D3846E8F7D6FCBF48016808313846E5
:103F6000E8F7D0FCBC48016818313846E8F7CAFCCD
:103F700040213046F8F74DFE0746B7480168091D55
:103F80003846E8F7BFFCB448016858313846E8F7CE
:103F9000B9FC41213046F8F73CFE0746AE480168BF
:103FA00084313846E8F7AEFC42213046F8F731FE5E
:103FB0000746A94801685C313846E8F7A3FC76E17A
:103FC00000213046F8F725FE0746A3480168091D81
:103FD0003846E8F797FCA048016844313846E8F7CE
:103FE00091FC9D48016818313846E8F78BFC0121A7
:103FF0003046F8F70EFE07469748016818313846F4
:10400000E8F780FC9448016848313846E8F77AFCC4
:1040100003213046F8F7FDFD07468F480168483117
:104020003846E8F76FFC02213046F8F7F2FD074604
:10403000894801684C313846E8F764FC37E10021D3
:104040003046F8F7E6FD074683480168091D384603
:10405000E8F758FC01250BE0E9B23046F8F7D9FD46
:1040600007467D480168A4313846E8F74BFC6D1CD3
:10407000042DF1DD1BE100213046F8F7CAFD0746AB
:10408000754801683846E8F73DFC42213046F8F7AC
:10409000C0FD07467048016884313846E8F732FCB5
:1040A00041213046F8F7B5FD07466B480168B43149
:1040B0003846E8F727FC40213046F8F7AAFD0746C6
:1040C00065480168AC313846E8F71CFCEFE0002198
:1040D0003046F8F79EFD07465F480168A83138462C
:1040E000E8F710FCE3E000213046F8F792FD0746C0
:1040F00059480168091D3846E8F704FC564801682C
:1041000018313846E8F7FEFB04213046F8F781FD08
:10411000074651480168BC313846E8F7F3FB0321F4
:104120003046F8F776FD07464B480168B831384607
:10413000E8F7E8FB01213046F8F76BFD07464648F3
:10414000016884313846E8F7DDFBB0E000213046F5
:10415000F8F75FFD074640480168091D3846E8F753
:10416000D1FB3D48016818313846E8F7CBFB032105
:104170003046F8F74EFD0746374801689C3138460F
:10418000E8F7C0FB93E000213046F8F742FD074610
:1041900031480168091D3846E8F7B4FB2E4801682C
:1041A00008313846E8F7AEFB81E000213046F8F7E9
:1041B00030FD074628480168091D3846E8F7A2FB8C
:1041C00003213046F8F725FD0746234801683031C2
:1041D0003846E8F797FB01213046F8F71AFD074605
:1041E0001D48016834313846E8F78CFB022130461F
:1041F000F8F70FFD07461848016838313846E8F7E8
:1042000081FB54E000213046F8F703FD07461248D1
:1042100001683C313846E8F775FB01213046F8F774
:10422000F8FC07460C48016840313846E8F76AFB5D
:104230003DE000213046F8F7ECFC074606480168EF
:10424000091D3846E8F75EFB0348016874313846BB
:10425000E8F758FB2BE00000E00100200021304689
:10426000F8F7D7FC074616480168091D3846E8F7F5
:1042700049FB1348016860313846E8F743FB0121E8
:104280003046F8F7C6FC07460D48016864313846E9
:10429000E8F738FB02213046F8F7BBFC0746084830
:1042A000016868313846E8F72DFB00E000BF00BF29
:1042B000FF2211463046F9F70DFBBDE8F081000002
:1042C000E001002070472DE9F84304460D46A1792E
:1042D0002068F8F79EFC80464046E8F7DAFC07467F
:1042E000207900F00F00092818DA15B9B4F9086030
:1042F0000EE0FF2D02D1B4F90C6009E0B4F90C0016
:10430000B4F90810401A684389B201EB202006B2C4
:10431000A18832463846E8F7E4FD3FE0207900F016
:104320000F000C2815DA002D02DCA06800900AE0CE
:10433000FF2D02DBE068009005E0EAB2D4E902104C
:10434000F2F762FB0090A1883846009AE8F776FD04
:1043500024E0207900F00F000E2814DA002D01DC93
:10436000267A0AE0FF2D01DB267B06E0207B217AFE
:10437000401A684301EB2020C6B2A1883246384675
:10438000E8F702FE0AE0802D01DAA66800E0E668A0
:10439000A18832463846E8F74AFE00BFA288A179D4
:1043A0002068F9F797FABDE8F88300002DE9F04797
:1043B0000646346800271948E7F786FA054613E0F1
:1043C000A5420CD028682168884208D1A879A17933
:1043D000884204D1A888A188884200D101272946B3
:1043E0000E48E7F776FA0546002DE9D16FB9A179B5
:1043F0002068F8F70EFC80464046E8F74AFC814604
:10440000A1884846FAF71EFF00BF21460348E7F798
:104410003BFB2046F7F706FBBDE8F087705900200C
:10442000F8B506463468A58805F00F00092806DAB5
:10443000A1792A462068E7F743FF20811EE005F0B6
:104440000F000C2809DAA1792A462068E7F7EAFE6E
:104450000090BDF80000208110E005F00F000E284C
:1044600006DAA1792A462068E8F76CF8207205E0A0
:10447000A1792A462068E8F7F1F8A0600020A08022
:10448000A17923462A46206800F0BCF9A580F8BD32
:104490002DE9FF4F85B0064689461F46DDF8488066
:1044A00030460799F8F7B5FB04462046E8F7F1FBDC
:1044B0000490A088C0F3C020039009F00F000928E1
:1044C00070DA606820F4807000F580706060606869
:1044D00020F4006000F50060606086F83D704A4698
:1044E00030460799E7F7ECFE824686F83D804A465B
:1044F00030460799E7F7E4FE8346606820F4807051
:1045000060600398616860F3CB216160DA4503D194
:10451000002009B0BDE8F08F86F83D704A4630466D
:104520000799E7F7CDFE824686F83D805246494618
:104530000498E8F7D6FCB9F1010F39D147F6FF70BE
:10454000824501D0834533D13046F8F73DFD0090D8
:1045500000EBD070401002903046F8F735FD009027
:1045600000EBD0704010019047F6FF7082450CD1EF
:104570000298411C0198401C814202DA0298401CBA
:1045800001E00198401C0FFA80FA47F6FF7083455E
:104590000DD10298411C0198401C814203DA029817
:1045A000401C02E01DE00198401C0FFA80FB00BF98
:1045B0008F48E7F7AEF9054600BF2846F2F77CFCC6
:1045C00030B92A4600238BA0F2F77CFC00BFFEE73F
:1045D00000BF0DB900209CE7A5F808A0A5F80CB015
:1045E00004E109F00F000C2856DA606820F48070AE
:1045F00000F580706060606820F4006000F5006085
:10460000606086F83D704A4630460799E7F70AFE33
:10461000029086F83D804A4630460799E7F702FE49
:104620000190606820F4807060600398616860F3B6
:10463000CB216160BDF80800BDF80410884201D1AB
:10464000002066E786F83D704A4630460799E7F74E
:10465000E9FD029086F83D804946029A0498E8F701
:10466000EDFB6348E7F755F9054600BF2846F2F72A
:1046700023FC30B92A4600235EA0F2F723FC00BFDA
:10468000FEE700BF0DB9002043E7BDF80800288110
:10469000BDF80400A881A9E009F00F000E2850DA47
:1046A000606820F4807000F580706060606820F4BD
:1046B000006000F50060606086F83D704A46304654
:1046C0000799E7F73FFF824686F83D804A46304625
:1046D0000799E7F737FF8346606820F480706060D1
:1046E0000398616860F3CB216160DA4501D1002055
:1046F0000FE786F83D704A4630460799E7F722FFF4
:10470000824686F83D80524649460498E8F73CFCCC
:104710003748E7F7FEF8054600BF2846F2F7CCFB1E
:1047200030B92A46002333A0F2F7CCFB00BFFEE7E6
:1047300000BF0DB90020ECE685F808A085F80CB0A4
:1047400054E086F83D70606820F4807000F5807059
:104750006060606820F4006000F5006060604A46B8
:1047600030460799E7F77AFF029086F83D804A467F
:1047700030460799E7F772FF0190606820F4807077
:1047800060600398616860F3CB216160042201A935
:1047900002A8DEF7B7FD08B90020BAE686F83D703A
:1047A0004A4630460799E7F759FF029086F83D8060
:1047B0004946029A0498E8F73AFC0D48E7F7A9F849
:1047C000054600BF2846F2F777FB30B92A4600239A
:1047D00008A0F2F777FB00BFFEE700BF0DB900208D
:1047E00097E60298A8600198E86000BF284690E626
:1047F000705900204F7574206F66206D656D6F7263
:10480000790000002DE9F05F80460D461646994676
:104810001C48E7F771F804462EE04C4500D12DE026
:1048200021461848E7F75FF807462068404522D13F
:10483000A079A84201D0FF2D1DD1A088B04201D09F
:10484000FF2E18D1A1792068F8F7E3F98246504687
:10485000E8F71FFA8346A1885846FAF7F3FC0021CF
:104860002046F1F711FE21460648E7F70DF92046EC
:10487000F7F7D8F800BF3C46002CCED100BFBDE80A
:10488000F09F000070590020024610880B88C01A63
:10489000704700002DE9F0478046894616463046AD
:1048A000FEF76FF908B9BDE8F08749464046F8F7CA
:1048B000B0F90446A088C0F3C027606820F4006007
:1048C00000F50060606049464046F8F7DDF9FF28D2
:1048D00001D1012100E00021606861F34D3060608A
:1048E00049464046F8F7BBFA08B9012100E000212B
:1048F000606861F39E70606049464046F8F7BAFA16
:10490000A249884201D1012100E00021606861F3E1
:10491000DF706060606820F0005000F1005060605F
:1049200049464046F8F7BAFA20B949464046F8F7F2
:10493000C9FA18B1606820F00050606049464046EE
:10494000F8F708F905460DB9012100E0002160687B
:1049500061F3D3406060FF2D01D1012100E000210F
:10496000606861F31450606049464046F8F71CF9EE
:1049700008B9012100E00021606861F355506060D2
:1049800049464046F8F706F90F2801D1012100E019
:104990000021606861F39650606049464046F8F730
:1049A000ECF8C143606861F3D75060604946404607
:1049B000F8F703F9C143606861F38E3060604946DF
:1049C0004046F8F712F908B9012100E000216068BB
:1049D00061F31C70606049464046F8F77BF908B9FE
:1049E000012100E00021606861F3186060604946C1
:1049F0004046F8F7D3F908B9012100E000216068CA
:104A000061F35960606049464046F8F7DDF908B93E
:104A1000012100E00021606861F30C3060604946CC
:104A20004046F8F708FA08B9012100E00021606863
:104A300061F39A60606049464046F8F7BCFA08B9ED
:104A4000012100E00021606861F3DB606060606864
:104A500020F4004000F50040606049464046F8F709
:104A600045FA80B949464046F8F752FA58B94946DE
:104A70004046F8F744FA30B949464046F8F751FA4B
:104A8000B0F5807F03D0606820F40040606060680B
:104A900020F4803000F58030606049464046F8F7E9
:104AA00061F970B949464046F8F71DF948B94946D9
:104AB0004046F8F733F920B949464046F8F740F93F
:104AC00018B1606820F480306060606820F40030C5
:104AD00000F50030606049464046F8F7CCF870B900
:104AE00049464046F8F7ACF848B949464046F8F719
:104AF000B0F820B949464046F8F7B4F818B16068F4
:104B000020F400306060606820F4802000F5802090
:104B1000606049464046F8F713F838BB49464046BE
:104B2000F8F721F810BB49464046F8F72DF9E8B9E7
:104B300049464046F8F7B2F8C0B949464046F8F74A
:104B400003FA98B949464046F8F77EF970B94946E4
:104B50004046F8F754F848B949464046F8F73AF85D
:104B600020B949464046F8F738F918B1606820F492
:104B700080206060606867F3CB206060606820F42C
:104B8000806000F58060606000BF8CE6440100201A
:104B90002DE9F047804600265EE031464046F8F7B2
:104BA00038F8044604B959E0A088C0F3C02760680B
:104BB00020F4006000F50060606031464046F8F780
:104BC00063F8FF2801D1012100E00021606861F352
:104BD0004D30606031464046F8F741F908B901218F
:104BE00000E00021606861F39E70606031464046DD
:104BF000F8F740F98146FAF745FF814501D10121D7
:104C000000E00021606861F3DF706060314640467B
:104C1000F7F7EBFF08B9012100E00021606861F3BC
:104C20001C706060606820F0005000F1005060600F
:104C300031464046F8F732F920B931464046F8F798
:104C400041F918B1606820F000506060606867F357
:104C5000CB206060701CC6B2402E9ED100BF0021E8
:104C60004046F7F777FC054607E02846FFF790FF38
:104C700029464046F7F76EFC0546002DF5D1BDE804
:104C8000F0872DE9FF5F80468946154600240026FF
:104C9000C24600200390834602900190A9EB0A00CF
:104CA000062800DA81E00AF10200FCF733F9064633
:104CB000B6F55C4F03D3B6F5604F00D275E0B6F59C
:104CC000584F29D3B6F55C4F26D20AF106070020CB
:104CD00000900C200290A9EB0700062800DA64E09F
:104CE00038785C2802D17878752800D05DE0B81C4F
:104CF000FCF710F900900098B0F55C4F03D30098D2
:104D0000B0F5604F00D350E0C6F30901009861F39D
:104D10009F2000F5803402E0062002903446802C6B
:104D200002D20120039018E0B4F5006F04D20220F3
:104D30000390C020019010E0B4F5803F04D203201E
:104D40000390E020019008E0B4F5881F04D204200D
:104D50000390F020019000E027E00398401E00F04F
:104D6000FF0B0BE004F0BF0040F08000296801F861
:104D70000B00A409ABF1010000F0FF0BBBF1000F29
:104D8000F0DC0398012804DD0198204329680870AD
:104D900003E004F07F00296808702968039808443C
:104DA0002860029804B0BDE8F09F0020FAE70146B1
:104DB0000A69D1E901309860D1E90103586050686F
:104DC000884201D188685060002008611068401E48
:104DD00010601068704700002DE9F041044614B9D6
:104DE0000648006800E0204607463D6B2846FCF771
:104DF000B7FF06463046BDE8F08100007C00002089
:104E000002A0E5F729F800BFFEE700004D616C6CD9
:104E10006F63204661696C65640D0A0005460C46A7
:104E20002846FFF7D9FF064600F084FD07463346C3
:104E30002246394602A0E5F70FF800BFFEE7000062
:104E40002575203A20537461636B4F766572666CEA
:104E50006F773A257328256C75290D0A000000002C
:104E600010B50120FAF7B6FEE4F776FA10BD00F1AE
:104E7000080141604FF0FF31816000F10801C1601D
:104E8000016100210160704700210161704710B588
:104E900002460B685C1C0CB9106907E002F10800BF
:104EA00000E04068446824689C42FAD944684C6039
:104EB0004C68A160886041600A611468641C1460D9
:104EC00010BD42684A6093688B6093685960916036
:104ED000086103685B1C0360704708B500BF00F001
:104EE00029FD009000BFFAF787FC0521684600F015
:104EF000D7FCF8E700BFBF2080F31188BFF34F8FC6
:104F0000BFF36F8F00BF03480068401C0149086071
:104F100070470000D000002006480068401E054988
:104F200008600846006820B9002080F3118800BF9F
:104F300000BF7047D000002070B506463546FEB170
:104F4000083D2C460F49606809680840C0B12068D8
:104F5000B0B90C49606809688843606000F0F4F9F2
:104F60000949606809680844074908602046FCF759
:104F7000F5FC06480068401C0449086000F0EEFD9E
:104F800070BD0000F0000020E0000020EC000020D8
:104F900000204FF0E02108618861064800684FF466
:104FA0007A71B0FBF1F0401E4FF0E021486107201C
:104FB0000861704708000020024600200BE0084B03
:104FC00053F8303033B9064B43F8301003EBC003CD
:104FD0005A6002E0401C0A28F1D300BF704700006D
:104FE0002C0A00202DE9F04105460E4617462C46B6
:104FF000FFF780FF94F94400401C10B9002084F8AA
:10500000440094F94500401C10B9002084F8450084
:10501000FFF782FFA06B28B93A46314604F124001D
:1050200000F09EF82046FCF7BEFEBDE8F0810000CF
:1050300070B50446002544B100F086F900212046F1
:10504000FCF736FA00F08AFD05463DB94FF0805076
:1050500003490860BFF34F8FBFF36F8F70BD00002F
:1050600004ED00E0034909680160034909684160F3
:1050700070470000A40000209000002008B5002424
:1050800000BFDFF7EDFE012806D002282CD004284F
:105090002ED0082834D12FE014B1012C16D10AE00B
:1050A000002003464FF4FA6201210090174800687F
:1050B000F9F762FE0AE0002003464FF4FA6201218C
:1050C000009013480068F9F757FE00BF00BF601C4E
:1050D000C4B2204604EBD0714910A4EB4101CCB21C
:1050E0000CA0E4F7B9FE0BE00CA0E4F7B5FE07E076
:1050F0000CA0E4F7B1FE03E00CA0E4F7ADFE00BFA6
:1051000000BF0A20FFF794FFBBE700000400002067
:10511000000000206B6579310D0A00006B65793263
:105120000D0A00006B6579330D0A00006B65793458
:105130000D0A00000120014908607047A00000200E
:1051400070B505460C460548016818312846FFF73A
:105150009EFE01212046FCF7ABF970BD7C000020CB
:1051600070B506460D4614460648016818313046AB
:10517000FFF7A7FE0CB14FF0FF3521462846FCF79C
:1051800097F970BD7C00002008B500BFFFF7B2FEA4
:105190001048DFF799FA60B90E494868DEF77AFCE3
:1051A00004460C48007822460B4600900AA0E4F71B
:1051B00053FEFFF7B1FE0D48DFF702FE0B484288B1
:1051C00001880BA0E4F748FE4FF4FA70FFF730FFB8
:1051D000DCE700001C00002054656D3A25302E32BB
:1051E000662C2048756D3A25640D0A0024000020C5
:1051F0006C696768743A25642C204169723A2564A9
:105200000D0A00001CB5DFF703F8FFF773FE1B481B
:1052100004210023CA01CDE9001019A11B4800F0A8
:105220000FFB1B48012100238022CDE9001019A1AA
:105230001B4800F005FB1B48012100230A02CDE9B1
:10524000001019A11B4800F0FBFA1B4803210023A2
:105250008022CDE9001019A11B4800F0F1FAFFF7F8
:105260005BFE00BFE4F722F804211848E3F728FEAC
:105270004FF4FA70FFF7DCFEF4E700003400002082
:105280006C76676C5F7461736B000000DB4E020824
:105290002800002073656E736F72207461736B0059
:1052A000895102082C0000207769666920746173B7
:1052B0006B000000F1530208300000206B6579207C
:1052C0007461736B000000007D50020800180140FB
:1052D0001CB5154800210B468022CDE9001013A112
:1052E000144800F0ADFA0446012C02D100F0AAFCEB
:1052F0000446012C14D100BFBF2080F31188BFF3F6
:105300004F8FBFF36F8F00BF4FF0FF300A49086027
:1053100001200A49086000200949086000F072F87D
:10532000084800681CBD0000B000002049444C45FE
:105330000000000009180208AC00002098000020BE
:1053400090000020B400002002480068401C014981
:1053500008607047B800002070B52048006818B198
:1053600001201F49086038E000201D4908601D48E1
:105370000068046B4FF0A5352068B0F1A53F0BD154
:105380006068B0F1A53F07D1A068B0F1A53F03D197
:10539000E068B0F1A53F05D01248016834310068DB
:1053A000FFF73CFD10480068B0FA80F0C0F11F0123
:1053B00001EB81020D4B03EB8200426852684260B0
:1053C00000F108024368934202D142685268426089
:1053D0004268D268034B1A6000BF70BDB80000205D
:1053E000A00000207C000020940000207C0A002007
:1053F00000BFE4F74DFC4FF47A70FFF719FEF8E7B1
:105400007047000010B50A48006840F47F00084962
:1054100008600846006840F07F400860FFF7B8FD6C
:10542000002004490860DDF79FFE002010BD000049
:1054300020ED00E0D00000202DE9F84305460E469F
:10544000174605FB06F909F14C00FCF7F5FC04468C
:105450004CB1A04608F14C083B464246314628462E
:105460000094FCF7E5F92046BDE8F88370B50546E1
:105470000E462C46FFF73EFDD4E90F12206801FBD3
:105480000200A0600020A06320686060E06B401E06
:10549000226C216800FB0211E160FF2084F84400C7
:1054A00084F845009EB9206908B9012000E0002079
:1054B000A8B904F1100000F011FB80B14FF080504A
:1054C00009490860BFF34F8FBFF36F8F07E004F106
:1054D0001000FFF7CCFC04F12400FFF7C8FCFFF735
:1054E0001BFD012070BD000004ED00E02DE9FF4729
:1054F00082B0074688461D464FF000093C4600BF73
:10550000FFF7F8FCA06BE16B884201D3022D3ED17E
:10551000D4F838A02A4641462046FCF7DAF8064679
:10552000A06C88B1022D02D1BAF1000F29D120461A
:10553000FCF790FA28B34FF080503D490860BFF364
:105540004F8FBFF36F8F1CE0606A08B9012000E045
:10555000002068B904F1240000F0C0FA88B14FF0CF
:10556000805033490860BFF34F8FBFF36F8F08E05F
:105570003EB14FF080502E490860BFF34F8FBFF30C
:105580006F8FFFF7C9FC012006B0BDE8F0870498D3
:1055900018B9FFF7C1FC0020F6E7B9F1000F04D1FC
:1055A0006846FFF75FFD4FF00109FFF7B5FCFFF715
:1055B000CBFEFFF79FFC94F94400401C10B900207B
:1055C00084F8440094F94500401C10B9002084F888
:1055D0004500FFF7A1FC04A9684600F001F9F8B9FD
:1055E0002046FCF728FAA8B104F110000499FFF74F
:1055F000A7FD2046FCF7D7FB00F0B0FA00287FF4A7
:105600007FAF4FF080500A490860BFF34F8FBFF360
:105610006F8F75E72046FCF7C6FB00F09FFA6FE737
:105620002046FCF7C0FB00F099FA0020ACE7000030
:1056300004ED00E02DE9FF5F064615461F4634469F
:1056400000BFBF21EFF3118081F31188BFF34F8FAB
:10565000BFF36F8F00BF8146A06BE16B884201D31F
:10566000022F31D194F945A0D4F838B03A462046FB
:105670000199FCF72EF80AF10100E8B9A06C60B1BD
:10568000022F02D1BBF1000F1BD12046FCF7E2F93B
:10569000B8B1B5B10120286013E0606A08B90120F3
:1056A00000E0002068B904F1240000F017FA40B1CE
:1056B0003DB10120286004E00AF1010040B284F805
:1056C00045004FF0010801E04FF0000800BF89F3EA
:1056D000118800BF404604B0BDE8F09F2DE9F741B6
:1056E00083B005460F464FF000082C4600BFFFF779
:1056F00001FCA66BF6B139462046FBF7D5FF701EBC
:10570000A063206908B9012000E0002060B904F11D
:10571000100000F0E3F938B14FF080502F490860D5
:10572000BFF34F8FBFF36F8FFFF7F6FB012006B07B
:10573000BDE8F081059818B9FFF7EEFB0020F6E709
:10574000B8F1000F04D101A8FFF78CFC4FF001085D
:10575000FFF7E2FBFFF7F8FDFFF7CCFB94F94400FD
:10576000401C10B9002084F8440094F94500401C06
:1057700010B9002084F84500FFF7CEFB05A901A869
:1057800000F02EF8F0B92046FCF748F9A0B104F17A
:1057900024000599FFF7D4FC2046FCF704FB00F039
:1057A000DDF90028A3D14FF080500C490860BFF309
:1057B0004F8FBFF36F8F9AE72046FCF7F4FA00F0A3
:1057C000CDF994E72046FCF7EEFA00F0C7F9204641
:1057D000FCF724F900288AD00020A8E704ED00E0B7
:1057E00070B506460C46FFF785FB134802687068E3
:1057F000131A2068401C08B9002519E00F493068C9
:105800000968884206D07068904203D801250020BC
:1058100020600DE02068984207D92068C01A2060F7
:105820003046FFF71FFC002502E000202060012524
:10583000FFF772FB284670BD90000020A4000020F6
:105840002DE9FF4F85B0804689461746DDE912AB4A
:10585000B800FCF7F1FA064656B15420FCF7ECFA12
:1058600004460CB1266304E03046FFF765FB00E018
:1058700000247CB10020CDE900ABCDE902403A46DE
:1058800049464046089BFBF7E8FF2046FBF75CFED5
:10589000012501E04FF0FF35284609B0BDE8F08F43
:1058A0002DE9F047044688464FF00009FFF74CFD0C
:1058B00016480668206800EB08052068B04207D942
:1058C0002068A8420BD9B54209D94FF0010906E07A
:1058D0002068A84201D8B54201D94FF001092560DE
:1058E000B9F1000F03D0A81B0021FBF7E1FD00F088
:1058F00035F907463FB94FF0805005490860BFF3BE
:105900004F8FBFF36F8F4846BDE8F08790000020AF
:1059100004ED00E00549096809B9012005E00449E2
:10592000096809B9022000E00020704798000020B3
:10593000B80000200149086870470000900000206E
:105940002DE9F04100273D48006800286CD13C4813
:105950000068451C3A4805608DB93A48D0F8008087
:1059600039480068374908603748C0F80080374830
:105970000068401C35490860FCF780F900BF3448D6
:10598000006885423BD300BF2E480068006808B914
:10599000012000E0002020B14FF0FF302C490860CA
:1059A0002CE028480068C068C4686668B54202D226
:1059B0002748066022E0201DFFF7F9F9A06A18B118
:1059C00004F11800FFF7F3F994F82C100120884037
:1059D0002049096808431F490860E16A01EB810119
:1059E0001D4A02EB8100211DFFF76BFA1B49E06A9B
:1059F0000968C96A8842C7D30127C5E700BF1748AD
:105A00000068C06A00EB8000134951F820000128AB
:105A100000D901271248006808B9FFF721FA114898
:105A2000006800B1012706E00D480068401C0C49E1
:105A30000860FFF715FA3846BDE8F081B80000208D
:105A4000900000208000002084000020A40000209E
:105A5000AC000020940000207C0A00207C00002084
:105A60009C000020A000002070B505462C460026B2
:105A700075B3A06C401EA064616CE06A884227D0B8
:105A8000A06C28BB201DFFF792F940B994F82C10A8
:105A9000012088400F49096881430E480160606C0D
:105AA000E062E06AC0F10500A06194F82C100120CA
:105AB000884008490968084306490860E16A01EB23
:105AC0008101054A02EB8100211DFFF7FAF9012649
:105AD000304670BD940000207C0A002070B5064658
:105AE000F068C46804F11800FFF761F91548006810
:105AF000A8B9201DFFF75BF994F82C10012088400D
:105B000011490968084310490860E16A01EB810105
:105B10000E4A02EB8100211DFFF7D3F904E004F1E6
:105B200018010B48FFF7CDF90A49E06A0968C96A0C
:105B3000884204D9012501200749086000E00025BA
:105B4000284670BDB8000020940000207C0A002088
:105B5000080B00207C000020A000002070B500246D
:105B60000026FFF7C7F92E480068401E2C49086040
:105B70000846006800284FD12A48006800284BD00A
:105B800024E02948C068C46804F11800FFF70FF941
:105B9000201DFFF70CF994F82C10012088402349B0
:105BA0000968084321490860E16A01EB8101204A44
:105BB00002EB8100211DFFF784F91E49E06A0968A4
:105BC000C96A884202D301201B4908601648006850
:105BD00008B9012000E000200028D2D00CB1FCF769
:105BE0004DF81648056865B100BFFFF7A9FE10B172
:105BF0000120114908606D1E002DF6D100200F49CB
:105C000008600D48006838B1012630070C4908606B
:105C1000BFF34F8FBFF36F8FFFF77EF9304670BD34
:105C2000B80000208C000020080B00209400002009
:105C30007C0A00207C000020A00000209C000020A6
:105C400004ED00E01CB50024FBF7D8FC0748006811
:105C500050B10748042100238A01CDE9001005A1B5
:105C60000648FFF7EDFD044620461CBDC400002099
:105C7000C8000020546D7220537663008D1D020809
:105C80002DE9FF4705460C4616461F46DDF83080D5
:105C90004FF000091448006810B300940196029573
:105CA000062C15DAFFF736FE022808D100234246FB
:105CB00069460D480068FFF719FC814610E0002393
:105CC0001A46694608480068FFF710FC814607E05D
:105CD00000233A46694604480068FFF7ABFC81465A
:105CE000484604B0BDE8F087C4000020FFFF000074
:105CF000E0070000E0070000FFFF000000FF005584
:105D0000AAFF0024496D92B6DBFF001122334455EF
:105D100066778899AABBCCDDEEFF0001020304057B
:105D2000060708090A0B0C0D0E0F1011121314159B
:105D3000161718191A1B1C1D1E1F2021222324258B
:105D4000262728292A2B2C2D2E2F3031323334357B
:105D5000363738393A3B3C3D3E3F4041424344456B
:105D6000464748494A4B4C4D4E4F5051525354555B
:105D7000565758595A5B5C5D5E5F6061626364654B
:105D8000666768696A6B6C6D6E6F7071727374753B
:105D9000767778797A7B7C7D7E7F8081828384852B
:105DA000868788898A8B8C8D8E8F9091929394951B
:105DB000969798999A9B9C9D9E9FA0A1A2A3A4A50B
:105DC000A6A7A8A9AAABACADAEAFB0B1B2B3B4B5FB
:105DD000B6B7B8B9BABBBCBDBEBFC0C1C2C3C4C5EB
:105DE000C6C7C8C9CACBCCCDCECFD0D1D2D3D4D5DB
:105DF000D6D7D8D9DADBDCDDDEDFE0E1E2E3E4E5CB
:105E0000E6E7E8E9EAEBECEDEEEFF0F1F2F3F4F5BA
:105E1000F6F7F8F9FAFBFCFDFEFF00001F0080809A
:105E200080818182828384858687898A8C8D8F9107
:105E3000939597999B9EA0A2A5A7AAADAFB2B500D6
:105E4000FFFF00000EA0D90D90C80C80B70A6011AA
:105E50000B80D91F0991F0881F0880F0880000008E
:105E6000000D203C00000F0069002FFFFFFFF7012D
:105E70005C11A610006900C300008800D2009FFFDB
:105E8000FFFFF012C523E22000D203C00000F0049F
:105E9000B0000000700000000E00000000E00000F4
:105EA00019EFEA300CD6E6A702F40E00001F80E0DE
:105EB00000006FEF50000016FFE500000E0AF00131
:105EC00000E05F13F85E6EB005CFFE9100000E009B
:105ED00000000070000008DD3000A7004B02D00475
:105EE000C0007700D01D20004B03D0A7000007DCC6
:105EF00034C4CC3000001D2D22D00000A63B00B3DE
:105F00000005C03A00A3001D200D00D000A600042B
:105F1000CC40004DFC300000F718C00001F205D065
:105F20000000BB6E4000005FF3000007E6DB03806B
:105F30002F301DBAA05F0001DF401FB448FEC00330
:105F4000BFFC40B200000000001F01F01F00F00085
:105F50000003F10B900F404F007D009B00AA00AAA8
:105F6000009B007D004F000F400B9003F15E000E80
:105F70006008C004F001F300F500E600E600F5015A
:105F8000F304F008C00E605E0000930088A6C2090A
:105F9000FE404DDDB142935000520000045000001D
:105FA00008A0000008A0001FFFFFF30339B3300072
:105FB00008A0000008A0000103F61E60E12C00000C
:105FC0000003FFF90333100003F52E4000000E40DC
:105FD0000004E000009A00000E400004F000009A67
:105FE00000000E400003F000009A00000E50000375
:105FF000F000009A00000E500003F00000004CFE7C
:1060000070004FB68F900DB0005F32F40000E74F84
:1060100020000CA4F20000CA2F40000E70DB000527
:10602000F204FB68F90004CFE700EFFB44CB00ABC0
:1060300000AB00AB00AB00AB00AB00AB00AB07DFCD
:10604000EA108E857EC0010006F1000006F0000017
:106050000D900000CC00001CC00001DB00001DE51D
:1060600044427FFFFFF97FFFFFF024445F90000070
:10607000BC000009E100003FD81000046DD0000012
:1060800002F4100002F4BD757DD019DFEA100000A3
:106090000DA0000000AC00000007E10000004F4030
:1060A000100002F600F5001DA000F5007FFFFFFFC5
:1060B000F3133333F730000000F500000000F50063
:1060C00009FFFFF00AB444400C8000000E7000008D
:1060D0000FFFFC4003345CF2000000F7100000F7F3
:1060E0008E856CF108DFFB30002AEFD5003FD657D4
:1060F000400CC0000002F40000004F5BFFA104FE52
:10610000845DD03F80003F30E80003F206F845DCB4
:106110000005DFE9109FFFFFFD9D4444E99C00045A
:10612000F200000BB000002F400000AD000001F6AF
:10613000000008E000000E8000006F1000019EFECD
:106140009100BE636EC00F60006F00CC202BC002B8
:10615000EFFFE200DC424CD05F20001F55F200024E
:10616000F50ED535DE001AEFEA1003BFEA202FA4A2
:106170004BE18E0000E99D0000DD4F7129FF07FF14
:10618000FC9E000210AC000002F607658FB00AEF1B
:10619000D7002E53F50000000000003F52E42E53BC
:1061A000F50000000000002E52F60D21D001000085
:1061B00000003100006CF2018ED6000FC300000A0F
:1061C000FB40000017EE70000005C3000000001F38
:1061D000FFFFF30333333000000000000000001F16
:1061E000FFFFF303333330040000000ED71000002C
:1061F0005CF92000002AF20003AFB106DE82001C29
:106200006000000000000007DFEA109E746EC0010D
:106210000006F0000009C000008E200006F2000019
:1062200008700000000000000B8000000C900000CF
:10623000006CEFDA4000003DA41016D90001E5091A
:10624000EE98CA900A80BD43AFC0D30F13F2000C82
:10625000C0693C06D00007C03B4B06D00007C02CED
:106260003C03F2000CC04A0F10BD439EE3C50A80F8
:1062700009EE91CF9001E50000000000003DA41060
:1062800028000000007CEFD9100000000CF1000095
:1062900000003FD700000000B96E00000002F20EBF
:1062A00050000009A007D000001F3000F400007F5C
:1062B000FFFFFB0000E733334F2005F000000C9098
:1062C0000C90000006F18FFFFEC408E3334BF28E02
:1062D00000001F58E00018F18FFFFFF808E3333784
:1062E000F68E000009C8E000009D8E33347F78FFF1
:1062F000FFFD700007CFFB4000CF966AF50AE20071
:1063000000301F600000004F200000004F20000000
:10631000001F600000000AE200003001CF966AF51D
:106320000007DFFB408FFFFEA4008E4446CF708E37
:10633000000007F38E000000DA8E0000009D8E0042
:1063400000009D8E000000DA8E000007F38E4446A8
:10635000BF708FFFFEA4008FFFFFF68E4444418E76
:106360000000008E0000008FFFFFC08E3333208EB0
:106370000000008E0000008E4444428FFFFFF98F22
:10638000FFFFF68E4444418E0000008E0000008E18
:106390000000008FFFFFC08E3333208E0000008E80
:1063A0000000008E0000000007CFFC5000CF966A6E
:1063B000F60AE20000201F600000004F20000000ED
:1063C0004F200000B91F600000B90AE30000B900C7
:1063D000CF966AF80007DFFC608E000008E8E00056
:1063E000008E8E000008E8E000008E8FFFFFFFE8BF
:1063F000E333339E8E000008E8E000008E8E00003C
:1064000008E8E000008E8E8E8E8E8E8E8E8E8E8EA2
:1064100002FFFFC00444BC000009C000009C000053
:1064200009C000009C000009C02000BA0EB58F60B2
:106430003CFE808E00004F508E0004F6008E003F20
:1064400070008E03F800008E2EC000008EECF60067
:10645000008FB07F30008E000AE1008E0000CC007B
:106460008E00001EA08E0000008E0000008E000036
:10647000008E0000008E0000008E0000008E0000E4
:10648000008E0000008E4444408FFFFFF28E00001B
:106490000008E8F7000002FE8FF10000BFE8DCA072
:1064A000004F9E8D2F300D87E8D09C06E07E8D0139
:1064B000E7E507E8D006FC007E8D000A2007E8D05B
:1064C0000000007E8E100008E8FC00008E8FF900AE
:1064D00008E8E6F6008E8E09F308E8E00CE18E8EFF
:1064E000001EB8E8E0003FEE8E00006FE8E000001C
:1064F000AE0007CFEB500000CF966BF9000AE20028
:10650000005F601F6000000AD04F20000006F04FBF
:1065100020000006F01F6000000AD00AE200005FC1
:106520006000CF966BFA000007DFEB50008FFFFD95
:106530007008E4458FB08E00005F38E00001F58EF2
:1065400000003F48E0014DD08FFFFFB208E3331059
:10655000008E00000008E00000000007CFEB5000B4
:1065600000CF966BF9000AE200005F601F60000038
:106570000AD04F20000006F04F20000005F01F60F9
:1065800000000AD00AE200005F6001DF855AFA00CD
:106590000008DFFC5000000001EC21940000001B0B
:1065A000FFC10000000012008FFFFD7008E4458F5E
:1065B000B08E00005F38E00001F58E00003F38E04B
:1065C000014DD08FFFFFC208E333DA008E0002F6E0
:1065D00008E00005F3019EFDA200CE646B702F4021
:1065E000000001F800000006FD950000016AEE5071
:1065F0000000009F00200005F13FA547EB004BEF96
:10660000E910FFFFFFFF2444BD44400009C0000023
:10661000009C00000009C00000009C00000009C0B0
:106620000000009C00000009C00000009C00009CCD
:1066300000000BA9C00000BA9C00000BA9C000001C
:10664000BA9C00000BA9C00000BA8E00000D94F4A3
:106650000003F50CF868FD0009EFE9100CB000002C
:106660000AC05F200001F500E900008E0008F0007C
:106670000E70001F6005F10000AD00C9000003F4BA
:106680003F3000000CBAC00000005FF500000000C1
:10669000EE00006F10000DB00002F21F60003FF12D
:1066A0000008D00BB0008BE6000D7006F000E69BF2
:1066B000002F2001F503F14F108D0000CA09B00E24
:1066C00060D800006F0E6009B2F300001F9F100435
:1066D000F9D000000CFB0000EF80000007F600007E
:1066E0009F30003F50000DA008F2009D0000CC0438
:1066F000F300002F9E70000006FC00000009FE1051
:1067000000004F4DB00001E802F7000BD0007F20E1
:106710007F20000BD00CB000009C002F50002F30C9
:10672000009E000C900000E805F1000005F3E60073
:1067300000000CFD000000003F4000000002F300DC
:106740000000002F3000000002F300004FFFFFFFA9
:106750009144444AF3000003F6000001EA000000FF
:10676000CC0000009E1000006F4000003F70000051
:106770001ED4444436FFFFFFFC8FF68D318D008D13
:10678000008D008D008D008D008D008D008D008DA1
:10679000008D318FF65D000000F200000B800000DC
:1067A0006D000001F200000B8000006D000001F29E
:1067B00000000B7000006D000001F200000B700083
:1067C000006D000001F2BFF325F302F302F302F3C0
:1067D00002F302F302F302F302F302F302F325F3EE
:1067E000BFF300AD00001EC4000885A000E20E103B
:1067F0005B00970B5002E0EEEEEEE00BC00009B03C
:1068000004CFEA100B745DB0000004F004CEEEF289
:106810001F8214F24F1004F21F703DF204DFD7F212
:10682000BA000000BA000000BA000000BA8EFC30C6
:10683000BFD54BF3BE1000CABA00007EBA00007E7E
:10684000BE1000CABFD55BF3B98EFC30007DFD6081
:1068500009F748F42F5000205F0000005F0000009F
:106860002F50002009F748F4007DFD600000001F54
:1068700040000001F40000001F4008EFC4F40AF7D4
:1068800048FF42F50007F45F00002F45F00001F4D7
:106890002F50006F40AE637EF4008EFC4F40008EA0
:1068A000FC400AD538F42F20008C5FEEEEFF5F210C
:1068B00011112F70001009F846E4007DFE80009E43
:1068C000E305F44108C000CFFFF029D32008D00031
:1068D00008D00008D00008D00008D00008D0000080
:1068E0007EFC4E60AF747FF62F50005F65F00000B5
:1068F000F65F00000F62F60006F609F747FF500743
:10690000EFC4F50000003F20CB646EB003AEFD8005
:1069100000BA000000BA000000BA000000BA8EFB06
:1069200020BFC56DD0BE0003F2BA0000F4BA00006B
:10693000F5BA0000F5BA0000F5BA0000F5BAA800F3
:10694000BABABABABABABABA000AB0009900000024
:1069500000AB000AB000AB000AB000AB000AB00008
:10696000AB000AB000AA064E71DFA0BA000000BA60
:10697000000000BA000000BA001CC0BA01CC00BA86
:106980001CD100BBCF6000BFDBE100BD11DC00BA51
:10699000003F70BA0007F3BABABABABABABABABA0A
:1069A000BABAB99EFA15DFD40BFB45EDE64AF2BE42
:1069B0000006F6000E7BA0004F2000C9BA0003F1CC
:1069C000000C9BA0003F1000C9BA0003F1000C9B13
:1069D000A0003F1000C9B99EFB20BFB45DD0BE002F
:1069E00003F2BA0000F4BA0000F5BA0000F5BA00EC
:1069F00000F5BA0000F5007DFD60009F748F702FD8
:106A000050007F05F00001F35F00002F32F5000712
:106A1000F009F748F70007DFD600B98EFC30BFC495
:106A20003AF3BE1000CABA00007EBA00007EBE1063
:106A300000CABFD55BF3BA7EFC30BA000000BA00D2
:106A40000000BA000000008EFC3F40AF748EF42FAF
:106A500050007F45F00001F45F00002F42F5000771
:106A6000F40AF748FF4008EFC4F40000001F40009C
:106A70000001F40000001F40B98E4BFD71BE100BE9
:106A8000B000BA000BA000BA000BA00005DFEA13AB
:106A9000F735A06F000001EE9610016AEF3000009C
:106AA000D96C646F62AEFD7008D00008D000CFFFD3
:106AB000F029D32008D00008D00008D00008D0006A
:106AC00005F551009FE3C80002F3C80002F3C800B7
:106AD00002F3C80002F3C90003F3AB0007F35F83BE
:106AE0007EF306DFC5F30D90000AA06E0001F300EF
:106AF000F5007D0009C00E60003F24F00000C8B919
:106B0000000006FF3000000FC000C80006F1000DB5
:106B100056D000CF6003F01F302F9C009A00B807BA
:106B2000B2F10E4005E0D60C74E0000F6F007C99C6
:106B30000000AFA001FF400005F4000BE0004F3063
:106B400007E109D02F4000D9D900003FD000004F05
:106B5000E10001E7BB000BB01E707E1005F30D9045
:106B6000000AA06F0001F300F6007D0009C00D606F
:106B7000002F34F00000C9A9000005FF2000000E1E
:106B8000C0000000E5000094AD00001BFC200000E8
:106B90005FFFFFA13337F40001E70000CB00008E58
:106BA00010004F40001EA33326FFFFFC006EA00F15
:106BB0009201F4001F4001F4003F303FC0006F30ED
:106BC00001F4001F4001F4001F4000FA2005EA8B89
:106BD0008B8B8B8B8B8B8B8B8B8B8B8B8BBE500296
:106BE000AE0005F0005F0005F0004F1000DF104F11
:106BF0005005F0005F0005F0005F002AE00BE400A4
:106C000007EC40B41E25DFC00100000004CC302B8F
:106C100001C05700932B01C005CC3006A10FF60B25
:106C2000E2000000000000000000000000027BFB0A
:106C3000000000049DFFFFD00003AFFFFFFFFD0039
:106C400000AFFFFFFFDFD0000AFFFFB610ED00002E
:106C5000AF9400000ED0000AF1000000ED0000AF7C
:106C60001000000ED0000AF1000045FD0000AF103A
:106C700001EFFFD0179DF1005FFFFC0EFFFF10003A
:106C8000AFFD31FFFFE00000010003BDA3000000E5
:106C9000000050188888888405FABFDDDDDDFDAF6F
:106CA000E47F100000CA4EE04F100000C80EFEEF57
:106CB000100000CFEFE03FEEEEEEF80EF68F7666B6
:106CC00066EB6FF8AF100000CC8FE03F100000C8FB
:106CD0000EFCDF655555EECFC25FFFFFFFF92C5765
:106CE000750577777775FFFF1FFFFFFFFFFFFF2F0A
:106CF000FFFFFFFFEFFF0EFFFFFFFE01100011116E
:106D00001110EFFE0EFFFFFFFEFFFF2FFFFFFFFF43
:106D1000FFFF1FFFFFFFFF68870788888886688757
:106D20000788888886FFFF1FFFFFFFFFFFFF2FFFF9
:106D3000FFFFFFDFFD0DFFFFFFFD00000000000172
:106D40005000000000001DF80000000001DFFD0001
:106D50000000001DFFE22D600001DFFE20DFF700D4
:106D60001DFFE2008FFF71DFFE200008FFFEFFE243
:106D70000000008FFFFE2000000008FFE20000007E
:106D800000007D2000000000000000007F60000B7C
:106D9000E2EFF600BFF84FFF6BFFD104FFFFFD10DD
:106DA000005FFFE10000BFFFF6000BFFDFFF60BFE9
:106DB000FD14FFF5CFD1004FF6171000036000005F
:106DC0000011000000000000FF000000006F21FF24
:106DD00012F70006FF61FF16FF601FF901FF109F09
:106DE000F16FE001FF100EF6AF8001FF1008FACF3F
:106DF0006001FF1006FCAF8000AA0008FB7FD000F6
:106E000000000DF71FF80000008FF107FF91002A26
:106E1000FF70009FFFEEFFF9000005CFFFFD50005F
:106E200000000244200000000000000000000000FC
:106E30000AFFA0000000000CFFC0000003D6DFFF27
:106E4000FD6D300EFFFFFFFFFFE05FFFFFAAFFFFBA
:106E5000F51AFFF4004FFFA103FFD0000DFF30042F
:106E6000FFF0000FFF404FFFFB22BFFFF42FFFFF9B
:106E7000FFFFFFF209FEFFFFFFEF9000505EFFE50E
:106E8000050000000CFFC000000000047740000077
:106E900000000003100341000000009FF50DF50005
:106EA00000001BFDFF8DF5000002DFB12DFFF50096
:106EB000004FF83EC2BFF50007FF55FFFE39FE4008
:106EC0009FE38FFFFFF56FF6AC2AFFFFFFFF73E62E
:106ED000005FFFFFFFFFF100006FFFD77FFFF200B1
:106EE000006FFF900DFFF200006FFF900DFFF200AA
:106EF000004FFF700BFFE1000000003300000000B6
:106F0000000BFFB0000000000CFFC0000000000CF0
:106F1000FFC0000000000CFFC0000000000CFFC01C
:106F20000000008FFFFFFFF800002EFFFFFFE200D0
:106F30000002EFFFFE200000002DFFE20000799923
:106F400082DE289997FFFFFB22BFFFFFFFFFFFFFB5
:106F5000FFFFFFFFFFFFFFFAB3CFACCCCCCCCCCC14
:106F6000CA0006BBBBBBBA3000004FFFFFFFFFE10A
:106F70000000EF30000006FB0009F800000000CF21
:106F8000504FD0000000002FE1DF84420000344B5E
:106F9000F9FFFFFD0001FFFFFBFFFFFF988BFFFFE5
:106FA000FCFFFFFFFFFFFFFFFCFFFFFFFFFFFFFFF7
:106FB000FB9FFFFFFFFFFFFFF60000000000003314
:106FC00000018DFFC600EF004EFFFFFFE4DF04FF6E
:106FD000B3004CFFFF0EF90000008FFF6FC00001EF
:106FE000FFFFFF8E500001DEEEED0000000000000C
:106FF0000022222200000021FFFFFF100008F8FFFE
:10700000FBBC10001EF4FFFC100001DFC0FEEFE827
:10701000448EFE10FE1AFFFFFFC100FD0028BB9446
:107020000000000002700002EF0002EFFDFFFFFF12
:10703000FFFFFFFFFFFFFFFFFFFFFFFFFFFF3447E3
:10704000FFF00005FF000005C00000000000027016
:1070500000000002EF00000002EFF0000DFFFFFF54
:107060000220FFFFFFF08E1FFFFFFF00E7FFFFFF83
:10707000F03F5FFFFFFF08903447FFF0000000057E
:10708000FF0000000005C00000000000000000003C
:10709000000000077000000002700005FA00000008
:1070A0002EF000814F600002EFF001DD07F0DFFFFE
:1070B000FFF0321E80F6FFFFFFF08E27E0B9FFFFE2
:1070C000FFF00E73F19BFFFFFFF03F54F09AFFFFBC
:1070D000FFF0890AC0D83447FFF0007F43F3000077
:1070E0005FF002F60CB0000005C00000BF10000009
:1070F00000000009E30000000000000210003788D3
:107100008888888873EFFFFFFFFFFFFEFE32DFFFF6
:10711000FFFFFFF9007FFFFDFFFFFD10CFFFA07F06
:10712000FFFFFFFFFA0007FFFFF35FA00000CFFFA4
:107130003003000000CFFC0000000000CFFFCCCCEB
:10714000CCCCCCFFAFFFFFFFFFFFF90430000031D4
:107150001FE00006F91FE0007FFA1FE009FFFA1F99
:10716000E0AFFFFA1FEBFFFFFA1FFFFFFFFA1FFF61
:10717000FFFFFA1FE6FFFFFA1FE05FFFFA1FE004C0
:10718000FFFA1FE0003EFA0FD00002D70000000017
:10719000000200000000000CFB2000000000FFFFC8
:1071A000900000000FFFFFE6000000FFFFFFFC3033
:1071B000000FFFFFFFFF9100FFFFFFFFFFE60FFF44
:1071C000FFFFFFFFF2FFFFFFFFFFFD0FFFFFFFFFCE
:1071D000F800FFFFFFFFB2000FFFFFFD400000FFC0
:1071E000FFF70000000FFFA1000000006A40000050
:1071F0000000001444200144420DFFFF10DFFFF1A6
:10720000FFFFF30FFFFF3FFFFF40FFFFF4FFFFF41F
:107210000FFFFF4FFFFF40FFFFF4FFFFF40FFFFFE3
:107220004FFFFF40FFFFF4FFFFF40FFFFF4FFFFF93
:1072300040FFFFF4FFFFF40FFFFF4FFFFF30FFFFA2
:10724000F39FFFC009FFFC001444444444420DFF77
:10725000FFFFFFFFF1FFFFFFFFFFFF3FFFFFFFFF0C
:10726000FFF4FFFFFFFFFFFF4FFFFFFFFFFFF4FFF4
:10727000FFFFFFFFFF4FFFFFFFFFFFF4FFFFFFFFD9
:10728000FFFF4FFFFFFFFFFFF4FFFFFFFFFFFF4F79
:10729000FFFFFFFFFFF39FFFFFFFFFFC0002100057
:1072A00000420FE20003FB0FFE3004FB0FFFF4046B
:1072B000FB0FFFFF54FB0FFFFFFAFB0FFFFFFFFB6E
:1072C0000FFFFFFFFB0FFFFFD6FB0FFFFD14FB0FB0
:1072D000FFC104FB0FFB0004FB0CA00003FA00003D
:1072E00000000000000012000000000003FF60002A
:1072F0000000002EFFF500000001EFFFFF4000003E
:107300001DFFFFFFF30000CFFFFFFFFE200AFFFF7E
:10731000FFFFFFE00EFFFFFFFFFFF203999999992E
:107320009950058888888888700FFFFFFFFFFFF35A
:107330000FFFFFFFFFFFF40BFFFFFFFFFFD1000078
:1073400000000000003F9000003FFC00003FFD10E7
:10735000003FFD10003FFD10001FFD100000CFF4A6
:10736000000000CFF4000000CFF4000000CFF400D4
:107370000000CFE0000000A4000000000000CD10DD
:1073800000001FFD1000003FFD1000003FFD100039
:10739000003FFD1000003FFD000008FF900008FFC7
:1073A000900008FF900008FF900002FF9000000787
:1073B00080000000000004500000000002FF600098
:1073C0000000003FF70000000003FF700000000015
:1073D0003FF7000006999AFFC99980FFFFFFFFFF62
:1073E000FF3DFFFFFFFFFFF201113FF7111000000B
:1073F00003FF70000000003FF70000000003FF7073
:10740000000000000CD30000006999999999980F29
:10741000FFFFFFFFFFF3DFFFFFFFFFFF2000000084
:1074200000000000000156640000000003BFFEEFF2
:10743000F91000007FFA1003DFE40008FFA009B490
:107440001EFF504FFF200BFF26FFE1EFFF09CFFF8C
:1074500063FFFABFFF09FFFF54FFF61EFF51DFFB7A
:1074600009FFB003EFE204305FFC10002CFF956AC7
:10747000FF9000000049DFFD9200000000000000C6
:1074800000000000CD20000000000000008FF5008B
:1074900014664000000004EFACFFEFFF9100000015
:1074A0001CFFA1004DFE300000009FF5AB31EFF452
:1074B0000007B105FFFFE17FFE100FFE302DFFF545
:1074C0004FFF900CFFE000AFF65FFF6002FFF4009B
:1074D00006FFEFFB00004FFD10003EFFC000000262
:1074E000DFE85401BFE300000005AEFF6007FF6066
:1074F000000000000000004EF60000000000000048
:1075000001A10000000000000000000000003ED0CB
:107510000000000000000CFF80000000000006FFDB
:10752000FF200000000000EFFFFB00000000008FC4
:10753000FCCFF4000000002FFB00FFD00000000B88
:10754000FFC00FFF70000004FFFD01FFFF100000EF
:10755000DFFFE02FFFFA00007FFFFF9BFFFFF3003C
:107560001FFFFFB00EFFFFC00AFFFFFE24FFFFFF5B
:1075700060FFFFFFFFFFFFFFFA06CCCCCCCCCCCCEA
:10758000CB300000000000360000000000007F80CB
:10759000DDDB00008DEFF8FFFFB007FFFFFD556F4B
:1075A000F46FF8AFE2000574FF907E2000003FFA10
:1075B0000000000002EFB2504A00012EFD1DF48FC2
:1075C000B0FFFFD10BFFFFFBFFFE2000CFFFFB1240
:1075D000210000029FC000000000005B00000007C7
:1075E000A00000000008FFB000000008FFFFB0008E
:1075F0000008FF95FFB00008FF9005FFB007FF905F
:107600000005FFB09F90000005FD00400000000352
:10761000104C20000000B60BFE200000CFF02EFE24
:107620002000CFF4002EFE20CFF400002EFECFF479
:107630000000002EFFF4000000002EF40000000007
:10764000001300000000083000000000000000BF30
:10765000F308BBBBBB90000BFFFF39FFFFFFF1003E
:107660008FCFCFF000000AF100382F948000000A7D
:10767000F100002F900000000AF100002F900000A0
:10768000030AF130002F9000001FCBF8F8002FEB19
:10769000BBBB39FFFFE2001FFFFFFFB09FFD2000D3
:1076A000000000000008D10037888700000000EFCC
:1076B000FFFFA0000000FFFFFFFDCCCCB6FFFFFFE7
:1076C000FFFFFFFFFFFFFFFFFFFFFFFFFFFFFFFFCA
:1076D000FFFFFFFFFFFFFFFFFFFFFFFFFFFFFFFFBA
:1076E000FFFFFFFFFFFFFFFFFFFFFFFFFFFFAFFFFA
:1076F000FFFFFFFFF900000000000000000001DDB7
:1077000010000000001DFFD100000001DFFFFD1090
:1077100000001DFFFFFFD100009FFFFFFFF90000E9
:10772000011CFFC1100000000CFFC0000000000C95
:10773000FFC0000000000CFFC0000079993BFFB3C0
:107740009997FFFFB2442BFFFFFFFFFEDDEFFFFF26
:10775000FFFFFFFFFAB3CFACCCCCCCCCCCCA00003F
:107760000000000200000000000004FFC70000004D
:107770000000AFFFF0000000001FFFFD0000000050
:1077800006FFFFC00000000008FFF7000000000037
:107790000CFF300000000004FFC00000000001EFFB
:1077A000F300004A3002DFF80005DFFE15EFFB00B2
:1077B00000EFFFFFFFFA00000BFFFFFFF7000000E4
:1077C0007FFFFFA200000002BA8500000000000455
:1077D000860000001006FFFA0002DFD1EF3CF10145
:1077E000DFFA0EE0AF21DFFA009FEFF6DFFA0000CC
:1077F0008DFFFFFB00000006FFFD00000048EFFFCB
:10780000F600006FFFFBFFF6000EF3CF23FFF6003C
:10781000EE0AF204FFF609FEFC0004FFF108DA109C
:107820000002620000000000000000006FFFF98706
:10783000000008FFFF98F708A68FFFF95990FFA8EE
:10784000FFFFFCCC0FFA8FFFFFFFF1FFA8FFFFFF48
:10785000FF1FFA8FFFFFFFF1FFA8FFFFFFFF1FFAD7
:107860008FFFFFFFF1FFA8FFFFFFFF1FFA7FFFFF62
:10787000FFF0FFE3122222210FFFFFFFF90000AC0F
:10788000CCCCCB5000004999999995000EFFFFFF91
:10789000FFF600FD2222224FF60FC0000001FFF389
:1078A000FC0000001FFF6FC0000002FFF6FFFFFF9B
:1078B000FFFFFF6FFFFFDCFFFFF6FFFFB005FFFFDD
:1078C0006FFFF6000FFFF6FFFFC006FFFF6FFFFF21
:1078D000EDFFFFF69FFFFFFFFFFD1000000000001F
:1078E00001FFFFF00004FFFFD00006FFFF8000084B
:1078F000FFFF30000AFFFFAAA60CFFFFFFF80EFFF4
:10790000FFFFE10BDDDFFF6000004FFD0000007FA7
:10791000F3000000BFA0000000FF10000003F8000B
:10792000000003C000000000200000000455EFB577
:10793000520000FFFD1FFFB0000FFFFFFFFC000023
:10794000FFFF533320000FFF97FFFB5700FFF8AFF7
:10795000FFC6F80FFF8AFFFC4AA1FFF8AFFFE32242
:107960000FFF8AFFFFFFF4FFF8AFFFFFFF4FFF8A13
:10797000FFFFFFF43552AFFFFFFF40000AFFFFFF9C
:10798000F400007FFFFFFE20000001100000000057
:1079900000AF00000000018FFA30000002EFFFFF8F
:1079A000500000BFFFFFFF10001FFFFFFFF50003A7
:1079B000FFFFFFFF70005FFFFFFFF90008FFFFFF01
:1079C000FFC000DFFFFFFFFF209FFFFFFFFFFD0E57
:1079D000FFFFFFFFFFF2022222222221000008FF08
:1079E000C00000000009A20000005BBBBBBBBBBB2A
:1079F000BBA3FFFFFFFFFFFFFFFBFC0C30E11D0DF2
:107A000011FCFC0B30E01D0D10FCFFFEFFEFFEFE35
:107A1000EFFCFFF15A0870A05FFCFFF37B2992C2D4
:107A20007FFCFFBFCBBBBBBFCBFCFC0B2000000D22
:107A300000FCFFCFCCCCCCCFCCFB9FFFFFFFFFFFE8
:107A4000FFF600000000000002000000000000053A
:107A5000DFB00000000007EFFFD000000018FFFFBC
:107A6000FF70000029FFFFFFFF00003BFFFFFFFF4B
:107A7000F8000AFFFFFFFFFFF1000FFFFFFFFFFF0E
:107A8000A000049AAAAFFFFF20000000000EFFFB39
:107A900000000000000EFFF400000000000EFFC018
:107AA00000000000000EFF5000000000000DFD006F
:107AB000000000000004B300000035555502000F1F
:107AC000FFFFF2F400FFFFFF2FF40FFFFFF2FFF3C1
:107AD000FFFFFF32221FFFFFFFFFF7FFFFFFFFFF48
:107AE0008FFFFFFFFFF8FFFFFFFFFF8FFFFFFFFF8D
:107AF000F8FFFFFFFFFF8FFFFFFFFFF8FFFFFFFF14
:107B0000FF8FFFFFFFFFF88AAAAAAAAA3000000091
:107B10002455310000000003AFFFFFFFC700000243
:107B2000BFFFFEDEFFFFF6005FFFB51000038EFF14
:107B3000B0DFD300000000008FF5180005AEFEC8CE
:107B40001004600002DFFFFFFFF80000000CFF954B
:107B5000347DFF40000002A200000077000000001A
:107B6000000296000000000000000DFF5000000021
:107B70000000000EFF6000000000000005DA0000B9
:107B800000005BBBBBBBBBBBBBBA20FFFFFFFFFF63
:107B9000FFFFFF90FC1222222222220FF7FC5FFF40
:107BA000FFFFFFFF2CFAFC5FFFFFFFFFFF21FAFC46
:107BB0005FFFFFFFFFFF27FAFC2666666666661F0B
:107BC000FAFEBBBBBBBBBBBBBFB1AFFFFFFFFFFF41
:107BD000FFFF500000000000000000005BBBBBBBCB
:107BE000BBBBBBBA20FFFFFFFFFFFFFFFF90FC12F4
:107BF00022222221000FF7FC5FFFFFFFF8000CFAA2
:107C0000FC5FFFFFFFF80001FAFC5FFFFFFFF800D9
:107C100007FAFC2666666663000FFAFEBBBBBBBBB9
:107C2000BBBBBFB1AFFFFFFFFFFFFFFF5000000076
:107C30000000000000005BBBBBBBBBBBBBBA20FFAE
:107C4000FFFFFFFFFFFFFF90FC1222221000000F3A
:107C5000F7FC5FFFFFD000000CFAFC5FFFFFD000D5
:107C60000001FAFC5FFFFFD0000007FAFC26666601
:107C70005000000FFAFEBBBBBBBBBBBBBFB1AFFF2D
:107C8000FFFFFFFFFFFF50000000000000000000AA
:107C90005BBBBBBBBBBBBBBA20FFFFFFFFFFFFFF54
:107CA000FF90FC1222000000000FF7FC5FFF300085
:107CB00000000CFAFC5FFF3000000001FAFC5FFFDF
:107CC0003000000007FAFC2666100000000FFAFEE4
:107CD000BBBBBBBBBBBBBFB1AFFFFFFFFFFFFFFF2A
:107CE000500000000000000000005BBBBBBBBBBB42
:107CF000BBBA20FFFFFFFFFFFFFFFF90FC0000006B
:107D00000000000FF7FC0000000000000CFAFC006F
:107D1000000000000001FAFC00000000000007FA6B
:107D2000FC0000000000000FFAFEBBBBBBBBBBBBEE
:107D3000BFB1AFFFFFFFFFFFFFFF500000000000DB
:107D4000000000000000000007B20000000000007A
:107D50000ADFFA000000000000A93DF50000000461
:107D60004002E00010000000AFF80B600000006C63
:107D700030FFFFFFFFFFFFFFFFF4AFF9000C5000E3
:107D8000006D4005500004C000001000000000001D
:107D9000C43EE80000000000002EEFFA00000000E2
:107DA0000000004FFA00000000000000000000008A
:107DB0000000011000000007EFFFB30000AFFD8FCF
:107DC000FF2004FFFD09FFB00AFEFD12AFF00EF523
:107DD0005D2C0EF30FFF33129FF50FFFF307FFF635
:107DE0000FFFE206FFF60FFE24137FF50DF57D2C45
:107DF0000DF30AFFFD11BFF003FFFE0BFFA0007F94
:107E0000FEBFFE100003ACDC810000003443000024
:107E100005667FFFF96650FFFFFFFFFFFF356666CF
:107E2000666666501CCCCCCCCCC402FFFFFFFFFFC3
:107E3000602FF3FB7F6DF602FF2FB7F5DF602FF2A7
:107E4000FB7F5DF602FF2FB7F5DF602FF2FB7F5D52
:107E5000F602FF2FB7F5DF602FF3FB7F6DF601FF12
:107E6000FFFFFFFF5007BCCCCCCC9000000000000F
:107E7000000120000000000004FF5000000000028C
:107E8000FFFF500000000439FFFE00000004FF392E
:107E9000FFA0000004FFFF39B0000004FFFFFF2037
:107EA000000004FFFFFFB0000004FFFFFFB0000070
:107EB00004FFFFFFB0000004FFFFFFB0000000BFA1
:107EC000FFFFB00000000DFFFFB000000000FFFF4B
:107ED000B00000000009A8600000000000000017CA
:107EE0008888888887400002EFFFFFFFFFFFF400CB
:107EF0003EFFFFCFFFCFFFF703EFFFF908F809FFC1
:107F0000F83EFFFFFE20402EFFF8DFFFFFFFE101FC
:107F1000EFFFF89FFFFFFF80008FFFF809FFFFF9D9
:107F200002C209FFF8009FFFFE4EFE4EFFF8000957
:107F3000FFFFFFFFFFFFF700008FFFFFFFFFFFC105
:107F400000000000000003EFFFFFE203FBFBCEBFD9
:107F5000A4FF1D03A1FAFFF1D03A1FAFFFFFFFFFFF
:107F6000FAFFFFFFFFFFAFFFFFFFFFFAFFFFFFFF7B
:107F7000FFAFFFFFFFFFFAFFFFFFFFFFAFFFFFFFB6
:107F8000FFFAFFFFFFFFFFADFFFFFFFFF829AAAADF
:107F9000AAA800000000000000030000000000008C
:107FA00004F1000820000001FF100BF70000002F73
:107FB000F10CFF94444445FF1BFFFFFFFFFFFFF15F
:107FC0008FFFFFFFFFFFFD007FF7000000000000B4
:107FD0006F600000000000003000000000000000A2
:107FE00000000000000000000000C00300000000CE
:107FF0000000C003030A00000F008005050500050E
:108000001C00D0090A0A00004E00B008090F00FE4B
:108010009200D00B0C0A0000CE00A0090A0B00FF52
:108020000501F002030500050D01B004040E01FD79
:108030002901C004040E00FD4501A0050606000547
:10804000570120080807000273013003030500FEF2
:108050007B01600505030003830130030303000077
:108060008801F004070EFFFFB9015009090A00005A
:10807000E6013005040A0000FA011008080A0000B1
:1080800022020008080A00004A0260090A0A0000E9
:108090007C021008080A0000A402A008090A0000D7
:1080A000D1026008080A0000F9020009090A00006C
:1080B0002603A008080A00004E033003030800004E
:1080C0005A033003030B00FD6B032008080800016E
:1080D0008B03200808060002A303200808080001FB
:1080E000C3030008080A0000EB03800E0E0D00FD1C
:1080F0004604400A0C0AFF008204A00A090A010093
:10810000AF04200A0A0A0000E104900B0A0A0100E9
:1081100013056009080A01003B05E008080A010090
:108120006305D00A0A0A00009505600B090A0100E0
:10813000C2055004020A0100CC053007070AFF00FF
:10814000EF05100A0A0A010021065008080A01007A
:108150004906600D0B0A01008006600B090A010048
:10816000AD06C00B0C0A0000E906200A090A01004E
:108170001607C00B0C0D00FD6407300A090A010048
:108180009107B008090A0000BE073008090A00007C
:10819000EB07100B090A01001808F0090B0AFF0091
:1081A0004F08C00F100A00009F0870090A0A00005B
:1081B000D10810090B0AFF0008093009090A00005C
:1081C0003509B004040E01FD5109F004070EFFFF4C
:1081D0008209B004040E00FD9E0930080706010262
:1081E000B3090007070100FFB7096008050201098C
:1081F000BC09600808080000DC099009080B0100B0
:10820000080A000808080000280A9009090B000065
:108210005A0A9008080800007A0AF004060B0000C9
:108220009B0AB009090B00FDCD0A9009080B01005B
:10823000F90AE003020B0100040B0004050EFEFD29
:10824000270BA008080B0100530BE003020B0100F1
:108250005E0BD00E0D080100920B9009080801007A
:10826000B20BE00809080000D60B9009080B01FDCD
:10827000020C9009090B00FD340CC0050508010033
:10828000480C000707080000640CD005060A00002F
:10829000820C800908080100A20CD0070908FF0021
:1082A000C60C900C0D080000FA0CC007080800006E
:1082B0001A0DD007090BFFFD4C0D500707080000F1
:1082C000680DF004050E00FD8B0D3004020E01FD5B
:1082D000990DF004050E00FDBC0D200808030003F5
:1082E000C80DE00506050006D70D60040403000371
:1082F000DD0D000E0F0FFFFE4E0E000E0E0B0000E8
:108300009B0E000E0E0D00FFF60E000E0E0B000071
:10831000430FA0090A0B00007A0F000E0E0F00FE9B
:10832000E30F000E0E0F00FE4C10C00F100D00FFEB
:10833000B410000E0E0F00FE1D11C00F100B000038
:108340007511000E0E0F00FEDE110007070C00FF76
:108350000812800A0B0C00FF4A12C00F100E00FE1C
:10836000BA12000E0E0B00000713400C0A0E01FE9D
:108370004D13400C0D0F00FEAF13400C0D0D00FF10
:108380000414400C0D0D00FF5914400C0A0E01FEA0
:108390009F14400C0E0DFFFFFA14C008090D00FFDA
:1083A0003515C008090D00FF7015400C0D0D00FFBC
:1083B000C515400C0D040003DF15C00F100B0000A5
:1083C00037168011120F00FEBE16C00F110FFFFEF0
:1083D0003E17000E0E0D00FF9917400C0D0800010E
:1083E000CD17400C0D08000101188011120B000080
:1083F0006418000E0E0B0000B118000E0E0F00FEE8
:108400001A19000E0F0FFFFE8B19400C0D0D00FF07
:10841000E019400C0D0F00FE421A400C0D0D00FF3C
:10842000971AC0080A0FFFFEE21A400C0D0F00FE5B
:10843000441B400C0D0F00FEA61BC00F100B0000CC
:10844000FE1B000E100FFFFE761C800A0B0F00FEB5
:10845000C91C8011120D00FF3E1D8011120A000080
:10846000981D8011120A0000F21D8011120A0000EE
:108470004C1E8011120A0000A61E8011120A000074
:10848000001F8011120C00FF6C1F400C0C0F00FE2F
:10849000C61F400C0D0F00FE2820000E0F0FFFFE20
:1084A00099208011120B0000FC20800A0B0F00FEA7
:1084B0004F21100E0F0A00000000721F51EF58EFFD
:1084C0005BEF5CEF5DEF61EF63EF65EF69EF6CEF22
:1084D00071EF76EF77EF78EF8EEF98EF9BEF9CEFF1
:1084E0009DEFA1EFA2EFA3EFA4EFB7EFB8EFBEEFC0
:1084F000C0EFC1EFC4EFC7EFC8EFC9EFCBEFE3EFB9
:10850000E5EF14F015F017F037F03AF043F06CF0A7
:1085100074F0ABF03BF190F191F192F193F194F1A1
:10852000D7F1E3F13DF254F2AAF412F7F2F70000AA
:10853000200000005F0001000000000000000000BB
:1085400000000200B0000000F3F76000B8840208E9
:10855000000000003B0003000000010200030405CE
:1085600002060708090A090A0B0C000D0E0F10116C
:1085700012130C14140000001516171819161A1BE4
:108580001C1D1D1E1F201D1D1621222303241E2518
:1085900025262728292A2B002C002D2E2F3031327A
:1085A000332D343435302D2D2E2E36373839333A9D
:1085B0003A3B3A3C290000093D0900000000000058
:1085C00000000000000000000000000000000000AB
:1085D000000000000000000000000000000000009B
:1085E000000000000000000000000000000000008B
:1085F000000000000001020003040502060708094C
:108600000A090A0B0C0D0E0F10110C12131415157C
:1086100000000016171819171919191719191A191E
:1086200019191917191719031B1C1D1D1E1F2021AD
:10863000222300240025262727270027262829264D
:10864000262A2A272A272A2B2C2D2E2E2F2E3000A1
:1086500000230931090000000000000000000000B4
:10866000000000000000000000000000000000000A
:1086700000000000000000000000000000000000FA
:1086800000000000000000000000000000000001E9
:1086900000000000000000010000020000000002D5
:1086A00000000000000000000000000000000000CA
:1086B00001000000000000000000000000000001B8
:1086C0000A0006FB00000000F4F3020B0504F702A9
:1086D0000B0109020700000000000000000000007C
:1086E0000D02FE0000000000000000000000000479
:1086F00000F90000000000FC04040000FE00FE027F
:1087000000FE00FEFFFC00000000FE0000FDFD007A
:1087100000FE00FC000000000000000000FEFE0063
:10872000FD00FA00E50000FC0004070000FC020266
:108730000704FC040000F30000000000000000003B
:108740000000F80000000000000000000000000031
:1087500000FAFDF500F7FE00000000000900F9FE38
:10876000FF0100FC0000FEEF000000000000000020
:10877000000000EEFE090000000000000000000004
:108780000000F700000000000000000000070002E9
:108790000000FC00000000000000000000000000DD
:1087A00000000000090201000000000000000000BD
:1087B00000000000000000000000000000000000B9
:1087C0000000000000000000000000000000F800B1
:1087D0000000000000000000000000000000000099
:1087E000000000000002040207FE000004FEF9E1A0
:1087F00002060400FD00080007000700EB00FD076B
:108800000007FE0402000001FE0000FC120012003E
:10881000070009030407000000F80000000001FE43
:108820000002FCFDFC0200FE000000F7000000005A
:1088300000000000000000F1000000000000000047
:108840000000000000000001F400F200000000FE43
:108850000016FDFD0202FE00FD020000F400000013
:108860000000000000000000EA000200000000001C
:1088700000000000000000F2000D0000F8000700FA
:10888000F1EAF1FC070000F10003FB00FD0000002D
:108890000000000000000000000607E500000000E6
:1088A00000000000000000000B00020000000000BB
:1088B0000202FDFC00FFFFFE0000FE000000FC00C5
:1088C000FE00FBFC00FAF9F9FC00FC00FC000000D3
:1088D00000FE0000020002FE000100000002FE0097
:1088E0000000FE0202FF000000FC00FF000000008C
:1088F00000010003FE00FD00FC0000FE0007000078
:10890000FE0000000000FF01FEFE0000FE00FE0071
:108910000000000000000000FFFF00FEFD0000005E
:108920000000010000FE00FEFEFE0000000000004E
:10893000000000FF00000000FEFD00FD00F9FEF950
:10894000040000FC02040600FAFFFD00FFF502FE31
:1089500002F402000001F400F4FEEDFE00F5000454
:10896000060003000000000000FCFD00F90000000C
:10897000FE000000FE0000000000FFFF00FFFD0001
:10898000000000000000FEFE00FEFDFE0000FE00F4
:1089900000000000000000000000FEFE00FD00FEE0
:1089A00000FC020000FD010202000000000000FEC9
:1089B0000000000000020000FE00FEFEFD000000BE
:1089C000000000000200FE00000000FEFD00FC00B0
:1089D00007FE01F9000006F5F4F7FC0200FEF1FCC9
:1089E00000FC00FC03FCF200FA000001FF02FE00A4
:1089F0000200F9F700F5FBFBFBF9FDFA00FCFA01B8
:108A0000000100FE00000002000200000000000063
:108A10000000000000FE00FF00FFFE00FCFBFBFF6B
:108A200000F9000000000000FE0000000001FF004F
:108A300000000200000000000000000B0000000029
:108A4000000002000000FE00000000000000000026
:108A50000000FC0002000000000000000000000018
:108A60000000FE000000FC00000000F5F90000001E
:108A7000FDF50000FE0200FA00000000000000000A
:108A80000000FC0000FC00000000000000000000EE
:108A900000000200FC00000000030002FCFC00FEDD
:108AA000FEFD000000000000F900FE00FDFE00FBDE
:108AB000FAF9FE00FC00F9000000001200000100BD
:108AC00000FD000200F60000000000EBFC0707FEBE
:108AD000F70002FD00F5FFFD02F0FE030003F8FDC4
:108AE000F8F9F70000F3000D0000FF000000FFFFA1
:108AF000FEFAF900EB000000000000000000010099
:108B0000000000000000000000000000000000FE67
:108B100000FFFEFD0000FC00FE0000000000000061
:108B20000000000000000000FF00FC000004FF0344
:108B300000FB02FEFFFAFE00FDFEFE00FDFC000051
:108B4000FEFFFEFCFD0000FE0002FE00FB00000038
:108B5000FC00FC00FCFC020000000000000000FC27
:108B60000200FD00FEFDF9FEFEFEFFFEFDFF00001F
:108B7000000000FEFEFE0000000003FE00FE0000FC
:108B800000FEFDFEFEFDFE000209FF00FA00FE04ED
:108B900000FEF7FD030000F5FC02FC0200FEFEF9FA
:108BA00000FD010000FC0000000202FCFC00FCFED5
:108BB000FDFEFE00FC01FCFC0700000000000000C0
:108BC00000000200000000000000000000000000A3
:108BD00000000000000000000000FC000000000099
:108BE0000000000000000000000000000000000085
:108BF0000000000000000000000000000000000075
:108C0000000000000000FE00000000000000000066
:108C10000000000000000000000000000000000054
:108C200000000000FEFE0000000000000000000048
:108C30000000FD0000FD0000FEFE00000000FE0040
:108C4000000000FF0000000000FE00000000FD002A
:108C5000FC000000F90002FB0400FEF50000FBFE32
:108C600000F7FAFA0000F6FEF7F7F500FA00020F37
:108C7000FD00FBFEFFFEFCFAFCF8F7FBFE0000FE29
:108C800000010000F0FE0705FBF80001F900F5FE09
:108C9000FE04EBFD010000F1FDF4FEF00000F00029
:108CA0000D0100FE00000000FFFEF7FE00F10000D5
:108CB0000000F900FE00FFFAF50000FFFDF9FE00DC
:108CC000FE00000000F6FEF9F9FEFCFAFEFC00FCD6
:108CD000FEF9FD00FDFCFEFC000100FEF9000400B1
:108CE000FC00000000030002FC0900FEFEFD000085
:108CF00000000000F900FE00FDFE00FBFAF9FE0096
:108D0000FC020900000000120000010000FD00024A
:108D10000000000000000000000000000000FEFC59
:108D20000000000000FF000000FEFE0000FCFE004E
:108D300000FC0004FF000000000000010000000033
:108D4000030402FE00F9FC0007F9F9FCFC09040227
:108D5000EDFE04FE00FE02FEF800FE02FDFEF9FE3E
:108D60000000070400FA00F4FD06FDF701FDF9F923
:108D7000FE090200FD00FA000207FBF8F7FA0700FF
:108D800001F0FE02FCFEFB00FBF8FDFDFE0000FB17
:108D9000FBFE000705FEF400F4FD00F8F3FFF9FC0C
:108DA000F9FA060000FD00FCFE00FEFC0004F902DA
:108DB0000000F400FEFBFCFEF9FAF9FB00F9FEFBF3
:108DC000FCF9FE0000010BFC00F9FE00FEFCFBFAC2
:108DD000FAF7FDFC0400FD00F5FD0104F9F8FCF9CB
:108DE00007FE01EBFC04FBFCF800F9F7FDFEFEFEBC
:108DF000FBF9FF00000706FEF100F3FB05F7F1FCAD
:108E0000F8F7F5F90400000000FD000002FD04027F
:108E1000FC040000F9FF00FF000101FE000000005B
:108E20000000FE0000000002070000FD000000003E
:108E3000FEFEFD0000000102000000000200FE0036
:108E40000900040101FD0004000000020000000010
:108E50000000000000000007000600000000000005
:108E60000000000000000000F300FE040007000006
:108E70001603FCFC0202FE01F500000BF3000000EB
:108E80000000000000000000F1091F0000000000C9
:108E900000000000000000F30000000000000000DF
:108EA00000000000000000000000000000000000C2
:108EB0000000FC0000FCFE000000000000000000BC
:108EC00000000000000000000000FE00FA000001A9
:108ED0000000021DFCFE0706FA0200000202FD006F
:108EE00000000000000000000000E3060000000099
:108EF00000000000000000000000000000FA000078
:108F000000FA00000000FBFF000000FB00FD00F580
:108F10000000000000000000000000F10000000060
:108F200001000000000000FE0000FC00FD00FA004F
:108F30000000FC02FD0000FAFEFB0000FA00FE004B
:108F4000F500FE0000EEFCF7FEF80000F100FAFF6D
:108F50000000000000000000FDFCFEFC000000001E
:108F6000FB00FB03FE0400FEFBFEFCFC00FDFFFE1D
:108F700002FAFF000000ECFEFD00FB00FEF5FE0023
:108F800000FEFE000000000200FEFCFE04000000E7
:108F900000000000000000000000000000000000D1
:108FA00000000000000000000000000000000000C1
:108FB000000000000000000003000000000000FBB3
:108FC00000FE000000FC02000000FAFEFC0000FAB7
:108FD00000FE00F500000000EA00FCF8F50000F1DA
:108FE00000FEFD0000000000000000FEFDFFFD018E
:108FF000000004FD00070BFEFEF9030B0405FA0355
:109000000903060506000000000000000000000043
:109010000E0BFCFE00FE120A120000000200000807
:109020000000FC000000000000000000FE00000046
:1090300000000000000300000000EDFDFEF7F50059
:1090400000F100000000000000000000000000002F
:10905000000000FC000000000000000000FE000016
:109060000000000000000300000000EDFDFEF7F529
:109070000000F700000000000000000000000000F9
:10908000000000000000FE000000FB0200FE0204E1
:1090900002F90000FE02000200000000FA00FEFEDD
:1090A000FC00FEF7000EFE00FBFE00FEFC00FEFAD8
:1090B000FCFD000000FC000000000000000000FEBD
:1090C00000000000000000000300000000EDFDFEB5
:1090D000F7F50000F10000000000000B00000000A8
:1090E000000000000000FC00F9FDFE07FEFEF70195
:1090F000FF01FEFA000500020102FBF7FD00F7FC8C
:10910000FAF7F700FCFCFDFDFEFEFDFE00FEFF038E
:109110000003FE0007000000000000000000000047
:1091200000FEFEFE0000FA00FF00FC000000000050
:10913000000000000000F30000000000000000003C
:109140000000FEFE00FD00000000FE0000FCFE022C
:1091500000FCFCFE00FAFEFBFEFD00FC000000002F
:1091600000000000000000F100070000FC0000000B
:1091700000FD00FE0000FF0000FE00FB000009FDF6
:10918000F9F902020200FA020302070207FEFA00DE
:1091900000F70000F9FA0000FC00FDFC00FD00FDF6
:1091A00000FE0300FEF9FE080000FE00FC000003C4
:1091B000FB0002FE020000F900FEFF00FE02FE00BE
:1091C0000000F7FDFB00F90000F50008FE00FC00C0
:1091D0000100FE00FEF900FE0200000000FE00009B
:1091E00002FD010000FDFE00FD0000000000000087
:1091F00000000000000000000000F200050000FE7A
:10920000000000000000FEFE000000040005000059
:10921000000000F2F3010A0704F702090008000445
:1092200000000000000000000000000C0000000032
:109230000000000000000000000000008E86020810
:1092400058850208F38502083D310000E007000060
:10925000FFFF00006565010800000000FFFF3031DE
:1092600032333435363738394142434445460000BD
:1092700000003C027804B306EE08280B610D990F3C
:10928000D01106143A166C189D1ACB1CF71E21211A
:1092900048236C258E27AC29C72BDF2DF32F0332F3
:1092A000103418361C381C3A173C0E3EFF3FEC4178
:1092B000D443B64593476A493C4B084DCD4E8D503B
:1092C0004652F953A5554B57EA58825A135C9C5D98
:1092D0001F5F9A600D627963DD6439668D67D968B6
:1092E0001D6A596B8C6CB76DD96EF36F04710C727B
:1092F0000B730174EE74D275AD767F77477806797B
:10930000BB79677A0A7BA27B327CB77C337DA57DF3
:109310000D7E6C7EC07E0B7F4B7F827FAF7FD27FC6
:10932000EB7FFA7FFF7F0000FFFF0000FFFF0000E0
:10933000FFFF0000FFFF0000FFFF0000FFFF000035
:10934000FFFF0000FFFF0000FFFF0000108400008F
:10935000FFFF0000FFFF0000FFFF0000108400007F
:10936000FFFF000018C60000FFFF0000FFFFDDDD6B
:10937000DDDDDCBBBBDDDDDDDDDDDDDDDDDD9888FC
:1093800088888888888877777777778888888555E8
:10939000555666666666666666666668888883335E
:1093A000333222222222222222222228888D0000E9
:1093B000233030303066662052652D636F6C6F72DB
:1093C00023202366663030666620776F72647323CD
:1093D0002023666630303030206F66206123206C99
:1093E0006162656C20616E64202077726170206C10
:1093F0006F6E672074657874206175746F6D617429
:109400006963616C6C792EEF808CEF87ABEF818B99
:10941000000000004745542068747470733A2F2F81
:109420006170692E73656E6976657273652E636F00
:109430006D2F76332F776561746865722F6E6F7745
:109440002E6A736F6E3F6B65793D537233356631AB
:10945000476D497161476B6A445F74266C6F636145
:1094600074696F6E3D7A68656E677A686F75266C91
:10947000616E67756167653D656E26756E69743DE1
:10948000630D0A004F7574206F66206D656D6F72F5
:10949000792C2063616E277420616C6C6F6361743A
:1094A000652061206E65772062756666657220288A
:1094B000696E63726561736520796F7572204C56B1
:1094C0005F4D454D5F53495A452F68656170207364
:1094D000697A652900000000F89402080000002065
:1094E000F4010000883E000884950208F401002081
:1094F000D4B80000349F00089184A24A0400092DCA
:109500000102030406070809241804081AAA01A185
:1095100013D59E1B0879041C651F021C4958695C01
:109520003C02040614013479A90113C982014A10CE
:1095300012445E0208E07F0208308502083C920275
:1095400008108302281808538F0108098E0114227D
:109550000313FF01132801024020137C5A3320100B
:109560005A8C08011412691808020845FD0108E91F
:10957000041BC1FE8419101A35081A71041A9904C3
:0495800001180000CE
:04000005080031318D
:00000001FF
